"gene","baseMean","log2FoldChange","lfcSE","stat","pvalue","padj"
"AACSP1",6.66443035145458,-2.15946159125033,0.705564663513675,-3.06061471459799,0.00220883127979929,0.017580769006256
"ABCA10",5.78528821971955,1.7215431214357,0.441409552215217,3.9001039121064,9.6151410982795e-05,0.00166435539718891
"ABCA3",21.8844529005404,-1.95827693609706,0.479003807537373,-4.08822832988497,4.34680205445477e-05,0.000899719028414129
"ABCA5",32.9658230686734,1.11819945524407,0.303598147844255,3.68315638018221,0.000230363741294344,0.00322039277623789
"ABCA6",2.44093041363095,1.4210705488289,0.486740447304889,2.91956535910967,0.00350519882864731,0.0247137670774977
"ABHD11_AS1",3.03760289836087,-1.06518740076445,0.395947917338356,-2.6902209965514,0.00714047151073639,0.0407788679562055
"ACAD10",15.1810537063206,-1.42781964863175,0.286596440193848,-4.9819866836657,6.2934766817269e-07,2.96627479264044e-05
"ACBD5",103.763958586516,1.16360100090266,0.372850686619783,3.12082300679589,0.00180346392768762,0.0152543802921383
"ACOT7",7.13811754469031,-1.04826579168902,0.312101789636992,-3.35873047350439,0.000783013967791431,0.00820120653815283
"ACOXL",22.4922150820163,3.23541415114665,0.835963543966303,3.87028139504259,0.000108709800140523,0.00182520488476278
"ACRBP",4.31893887515957,1.76894927610434,0.574454497460903,3.0793549078702,0.00207449389646627,0.0168108133049737
"ACSL1",135.340504362798,1.55181417398043,0.536517034227289,2.89238565596599,0.00382328321743225,0.0262176500102107
"ACSL4",13.5021616950139,1.0535345550262,0.366600083758783,2.87379791140312,0.00405568380226271,0.0272608849389205
"ACSM1",3.27494916153043,-2.80050267291369,0.467160688371128,-5.99473102644475,2.03822514380775e-09,2.31117007610896e-07
"ACTA2",96.8466822578826,4.60486741026158,0.733570533844418,6.27733421369706,3.44427201485356e-10,4.85549265661519e-08
"ADA",16.6269245333873,-1.78365670505709,0.646551586090653,-2.75872295951185,0.00580277057275769,0.0351581747236932
"ADAM28",69.8582059947003,1.10687786563,0.359382340251099,3.07994506590566,0.00207038778236407,0.0167898230968832
"ADAMDEC1",4.07155196686948,1.58299537321565,0.541229300398299,2.9248146248747,0.00344661471157778,0.0243928661269874
"ADAMTS6",4.90334726927763,-3.08849425616401,0.533817935292729,-5.78566970491611,7.2224003844395e-09,7.1529190642854e-07
"ADAMTS8",7.61478415718951,-2.59774804783972,0.463715415286272,-5.60203081934641,2.11854875013927e-08,1.74479214958839e-06
"ADAMTSL3",7.31042270617495,-1.7110795711463,0.411246454710761,-4.16071567680686,3.1725185120099e-05,0.000697241147133862
"ADARB1",7.31384869588639,-1.1014974131336,0.405152238964293,-2.71872473406392,0.00655341203333109,0.0383786644826216
"ADARB2",31.8218561119774,1.64642925965289,0.495968744447787,3.31962301674077,0.000901390807698341,0.00920575371900224
"ADCK2",1313.73326982688,5.63401654173265,0.768882113578808,7.32754273019668,2.34410942639372e-13,7.65635181972362e-11
"ADCY5",22.7378314797891,-1.94565249527524,0.61699788180818,-3.15341843568943,0.00161370316553515,0.0141101755216479
"ADD2",2.17435640285596,-2.01706837593786,0.694473941846848,-2.90445509096248,0.00367892977714442,0.0255857302901137
"ADGRF5",3.03018893845034,1.88030032729229,0.655116323625605,2.87017779817508,0.00410241051783639,0.027485041289242
"ADGRG6",17.2211218918104,-1.88010582283955,0.641084565232193,-2.93269550509081,0.00336033279621002,0.0240322155370632
"ADIRF",9.2745401976589,-1.41382129656369,0.436276947241453,-3.24065093400688,0.00119257119436648,0.0112825598847924
"ADM",33.4935242786466,1.900761370567,0.585756812033375,3.24496673622755,0.00117464344130421,0.0111601824951599
"ADORA1",6.58445050330267,-3.0264040637794,0.58864907038873,-5.14127043771739,2.72886929708544e-07,1.51423215463805e-05
"ADPRH",91.140487756156,-2.00743654757018,0.545278356988075,-3.68148950319347,0.000231875337324079,0.00323385497187807
"ADRA1A",5.0386332674889,-1.55140981423685,0.55616574812665,-2.78947385642232,0.00527937586197123,0.0327731344604718
"ADRB1",17.7128726246585,-1.48109458638207,0.3235698755301,-4.5773562324231,4.70889195935917e-06,0.000150070756374852
"AFAP1_AS1",2.3738408846645,-1.54591663904714,0.477259141306636,-3.23915563945981,0.00119884135119153,0.0113076970846564
"AGPAT2",10.2155982391667,-1.15869840894126,0.276610114733059,-4.18892277333913,2.80281753864111e-05,0.000627446192341288
"AGR3",9.94013986409827,1.69344559091516,0.471258805407348,3.59345135090128,0.000326326599486113,0.00423473293810993
"AIF1",19.6040845416093,1.46495598183317,0.483456056299758,3.03017402045916,0.00244412868634875,0.0190751749047308
"AIM2",5.8977333156236,2.66441066741658,0.735900592912453,3.62061220371044,0.000293906757267786,0.00390411964153337
"AK9",232.028700852023,1.1925555766999,0.331872565939409,3.59341415679907,0.000326373205736233,0.00423473293810993
"AKAP7",5.32070720502522,1.39376144118874,0.384372789510135,3.62606687888864,0.000287770853882029,0.00383237303961361
"AKAP9",337.237655810251,1.07165634243684,0.236682379609994,4.52782477598339,5.959396537336e-06,0.000177624070507112
"ALDH4A1",3.95568649859225,-1.11291958145957,0.392025799719677,-2.83889372142184,0.00452702320668968,0.0293269890194096
"ALDH5A1",14.8006038562406,-1.29442854806085,0.326121048590457,-3.96916590835079,7.21246530096378e-05,0.00131956198609141
"ALDOC",3.25738158481991,-2.48939521355275,0.505924072702891,-4.92049172567179,8.63270499303496e-07,3.79451032952278e-05
"ALG9",27.0996238712744,2.40587397149732,0.643699583833757,3.73757266886577,0.000185805396727706,0.00275069332828302
"ALKBH1",2.88891280170356,-2.05217465645026,0.426022766474563,-4.81705396505562,1.45693295132126e-06,5.7425911391121e-05
"ALKBH4",2.76499351768785,-1.38048786329998,0.400679581417396,-3.44536614123568,0.000570286344605371,0.00642803022768218
"ALOX15B",1.75682760513024,-2.07831569039555,0.616401468346106,-3.37169166058603,0.000747080370572091,0.00787756983740706
"ALOX15P1",1.93325225662303,-1.69162662305499,0.496665171868306,-3.40596989455008,0.000659294489179307,0.00720939215001943
"ALS2CR12",38.2071288188559,1.14106111542738,0.349438838758764,3.2654101057585,0.00109305694205815,0.0106767509546354
"AMH",12.5448808178761,-2.68673627795091,0.48830941686909,-5.50211850342257,3.7525457945937e-08,2.79618269494296e-06
"AMN",5.18911253361668,-1.86256845997803,0.416203072375247,-4.47514346626145,7.63600217065603e-06,0.000215293985525091
"ANGPT1",5.81814761918153,1.86889221678934,0.636904687704168,2.93433578503887,0.00334262376607971,0.0239713000419868
"ANKRD12",119.406466881263,1.36118689725377,0.2578509310027,5.27896832468491,1.29913257991826e-07,8.0034750435279e-06
"ANKRD18A",25.4946275459024,1.65865499358026,0.396862896284834,4.17941563473805,2.92259113490332e-05,0.000648690866368329
"ANKRD18B",16.2234591519393,1.44595926678013,0.374563491661806,3.86038495200084,0.000113208533799015,0.00187275108113448
"AP1AR",16.6918268033346,-1.25777882056453,0.255153934407556,-4.92949020553015,8.24444685970628e-07,3.66503137672397e-05
"AP3B1",76.837708357341,-1.52786884898956,0.175224387436859,-8.71949887420848,2.79435767714555e-18,2.91507392879824e-15
"APC2",43.5534683426682,-2.38207950442514,0.56475169558384,-4.21792359908286,2.46562327449394e-05,0.000559160478250453
"APOBEC3G",8.47185108775187,1.18209970311427,0.380218546555522,3.10900063614243,0.00187721314143394,0.015708358950352
"APOL1",260.938724211101,1.08076096644181,0.410806594882568,2.63082671968972,0.00851774530243353,0.0460877173210512
"APOL6",127.973969189876,1.20415990786564,0.271114658593227,4.44151531353504,8.9327588508235e-06,0.000243095322604672
"APRT",8.23527609689957,-1.27968901069904,0.313159666631512,-4.08637876155624,4.3815827841715e-05,0.000904525163676987
"APTX",15.760129217344,1.08519094578749,0.396007256606874,2.74033096031063,0.00613773450905244,0.03658217143619
"AQP9",42.9237080128385,3.67747070665181,0.837621061629986,4.39037516498876,1.13155262247046e-05,0.000296591883357081
"AR",12.9488187734024,-2.18558043487006,0.46184426165124,-4.73228881756788,2.2200222615305e-06,8.13557572562745e-05
"ARAP2",36.7455681836366,1.01132661744705,0.260432091873113,3.88326419441345,0.00010306347928249,0.00176063026617075
"ARAP3",18.3230445847091,-1.10771304968226,0.375984635212623,-2.9461657364159,0.00321739955676666,0.0232544426162978
"ARFGAP3",207.835715699998,-1.27273598012222,0.445842004027264,-2.8546793900657,0.00430802942850336,0.0284319040477523
"ARHGAP15",6.58841617670262,3.22080257124555,0.7222442956508,4.45943649626661,8.21754157641367e-06,0.000227187439200921
"ARHGAP19",6.41652204914666,-1.8869622358506,0.37669845072895,-5.00921156484485,5.46534680685144e-07,2.63143836411112e-05
"ARHGAP23",40.3150901383741,-1.07825225235235,0.230650899617213,-4.67482352829239,2.94206494379088e-06,0.000101627885740485
"ARHGAP25",25.0892339809545,1.58848378316588,0.516847514167927,3.07340896419553,0.00211628246149834,0.0170523109976962
"ARHGAP26",61.3053376098183,1.09455552919805,0.370713230395006,2.95256667271296,0.00315144006179317,0.0229259572696139
"ARHGAP9",62.1407079568553,1.80955881149268,0.633340568671255,2.85716548252881,0.00427442924682232,0.0282936839485092
"ARHGEF38",19.8245879782609,1.05102121167198,0.320906227038281,3.2751661486039,0.00105599846861363,0.0104141085761127
"ARID4A",62.5625363621759,1.63895728315353,0.260923320243596,6.2813752393746,3.35591051302859e-10,4.77393524617013e-08
"ARID4B",201.090096355835,1.61666379968086,0.230545455724259,7.0123429438334,2.34359878100678e-12,5.39303437135208e-10
"ARL4D",10.3150766172393,-1.0323664732189,0.368453790552983,-2.80188859414232,0.00508044144007466,0.0319967949351767
"ARL5A",54.1898821930305,2.420565322403,0.597832500231978,4.04890219495218,5.14584423262045e-05,0.00101541198678493
"ARMT1",7.40278816572589,1.10128020546022,0.350712001879621,3.14012694050382,0.00168874641819408,0.014583611452484
"ARRDC3",38.4200399792444,1.01828754427719,0.341954135158575,2.97784831233282,0.00290279606892915,0.0216346031784916
"ASGR1",31.9990297663871,-2.39204659069394,0.606979442317887,-3.94090215240136,8.11757359461009e-05,0.00144636886660656
"ASPG",2.11478625176833,-1.86521293549249,0.601008126375259,-3.10347373627338,0.00191263210113959,0.0159128287412236
"ATAD2",25.357136475224,1.44972685813793,0.444283215322572,3.26306915980464,0.0011021262054063,0.0107452154904659
"ATF3",39.5985893319835,2.00890139672741,0.409087878732198,4.91068423477415,9.07591379880849e-07,3.90164558032294e-05
"ATF7IP2",11.329488106386,1.23783629862743,0.394273434001281,3.13953767076127,0.0016921465675796,0.0146049142247576
"ATOH7",4.3430256647226,-3.41530681473685,0.734657187113202,-4.64884421556825,3.33800197690046e-06,0.000113303806799433
"ATP11C",6.9977585557258,1.13328988989769,0.407187099250288,2.78321659007443,0.00538228624204428,0.0331703693701826
"ATP2A2",467.92566762257,-2.55768860188702,0.249827487330371,-10.2378190215104,1.34228023038745e-24,5.2510002612757e-21
"ATP5G1",5.39079369246085,-1.13245953580712,0.319951933838659,-3.53946770135223,0.000400934829100369,0.00493696707526325
"ATP6V0A1",22.7226325695044,-1.71668545857346,0.304026647508323,-5.6464966891643,1.63750317651884e-08,1.40789284099818e-06
"ATRX",142.097420521721,1.13594584170424,0.16175796983407,7.02250308203964,2.17928195424584e-12,5.16687939697559e-10
"AXDND1",16.9974611641427,1.1404497782811,0.421802726908432,2.70375155381269,0.00685615305679278,0.0396324651025835
"AXIN1",29.1534650637868,-1.4264275950138,0.217599962210677,-6.55527501256067,5.55394264157186e-11,9.44653200601267e-09
"B2M",904.367203213442,1.11983553917703,0.224086305824219,4.99734035535162,5.81264242518666e-07,2.77305575211344e-05
"B3GALT5_AS1",9.09107767522578,1.74154067113179,0.63680807012856,2.73479679800572,0.00624187953699278,0.0369833135156619
"B3GNT5",44.5940941756579,1.12089544095289,0.331453162219815,3.3817611919766,0.000720227268038813,0.007682424192414
"B4GALT2",4.22610471896872,-1.13044836041742,0.340707754187583,-3.31794139265474,0.000906835098441392,0.00924440105564228
"BACH1",30.9371160495389,1.29441340627656,0.382261354956046,3.38620001602148,0.000708677104119994,0.00759546529128059
"BAMBI",9.80602111041591,-1.50088227710437,0.436337637646472,-3.43972682530863,0.000582301609653883,0.00652854788563704
"BATF2",10.433934771567,1.76900553870356,0.513030545479093,3.44814856404227,0.000564443478935639,0.00638180025894862
"BAZ1A",151.318321806964,1.37429232763357,0.259071246491573,5.30468875355596,1.12865404043124e-07,7.12144291317259e-06
"BAZ2B",181.956714581201,1.23341730947367,0.186513920882118,6.61300402479462,3.76598210907609e-11,6.85233581893286e-09
"BCAM",14.2063093056672,-1.40941869062004,0.358031028366399,-3.93658252763971,8.26502052593225e-05,0.00145971829785314
"BCAN",3.16637680789388,-1.72399042330414,0.466182193817217,-3.69810440246049,0.000217215551610406,0.00306767955920544
"BCL2A1",51.1146755594481,3.59974366364476,0.769307985416259,4.67919706006562,2.88000541508392e-06,0.000100147388300518
"BCL2L10",1.50456111799677,-3.40741341797215,0.692049345002359,-4.92365673427599,8.49417838758322e-07,3.74413812419443e-05
"BCL2L14",8.07097900908158,1.71900549401803,0.530670197612305,3.23931040739148,0.00119819095908245,0.0113076970846564
"BCL3",575.405796245103,2.69972603871917,0.66626938117543,4.0520037615361,5.07808484881985e-05,0.00100330646103956
"BCL7B",30.3934557753024,-1.42460056395408,0.231958945501454,-6.14160648503703,8.16910331324386e-10,1.01452483052095e-07
"BCL7C",18.6732720866242,-2.94109870424253,0.409006456622534,-7.19083685995898,6.4395389502683e-13,1.87944943677871e-10
"BCLAF1",193.667869383227,1.60361085669515,0.39938396579316,4.01521090990833,5.93926585597502e-05,0.00112788388488225
"BEND6",50.0893874743998,4.78569318086208,0.829061621820316,5.77242156060058,7.81403229744075e-09,7.64212358689705e-07
"BEST1",24.9956563205818,2.09844670418869,0.80282078582911,2.61384201957542,0.00895304237954867,0.0477821306804835
"BEST3",3.38659903659902,-2.70878686412188,0.669219429268291,-4.04768114261656,5.17275470201411e-05,0.00101687519569242
"BFSP1",1.94781303834207,-1.24042815643153,0.45216177493122,-2.74332821835772,0.00608198606481298,0.036366418778064
"BHLHE22",6.27670215645451,-2.70093931502314,0.556102953157709,-4.85690518219053,1.19234653843692e-06,4.83363695167383e-05
"BIK",4.00124993097883,-1.11837841472677,0.362262404155686,-3.08720530172966,0.0020204799991386,0.0165503467599382
"BIN2",23.3795495138912,1.83973814352614,0.527618664602372,3.48687085380616,0.000488707290867078,0.00576718830127303
"BIRC3",25.6810254300607,2.13841282172689,0.436560593317994,4.89831847962799,9.66602757971581e-07,4.08436633109418e-05
"BIRC5",1.69212885606694,-1.38413813115548,0.519730764260589,-2.66318299076382,0.0077405307663852,0.0430578405248873
"BISPR",10.4212262413948,1.85863609501532,0.441050928207341,4.21410766001509,2.50767654590708e-05,0.000567053794658294
"BLM",10.5857180766737,-1.85579485920601,0.563237320809721,-3.29487196718088,0.000984665316359739,0.00989598129119923
"BLOC1S4",5.8949088159611,-1.34835471605426,0.311326188595121,-4.33100319037982,1.48431530946985e-05,0.000370439648526065
"BLZF1",15.5428425383167,1.12228638064946,0.261133959097084,4.29774198855622,1.72546842119504e-05,0.000418633234299423
"BMI1",789.338566697954,2.32042460783118,0.746423863812467,3.1087224301475,0.00187898151544649,0.0157147529415856
"BMP1",7.39228905571424,-1.83503817258966,0.398281903397261,-4.60738526389768,4.07764070310418e-06,0.000132654722915123
"BMS1P6",5.66467556408129,1.2315778823838,0.400219377147547,3.07725700629873,0.00208915091485194,0.016894590964136
"BOD1",62.9546091949685,-1.63907009322195,0.594230828009762,-2.75830538565566,0.00581018902101006,0.0351849217495222
"BPHL",7.00358196447916,-1.08861925677656,0.288808763406703,-3.7693428825896,0.000163677904572756,0.00248904941764284
"BRCA2",8.06231926329744,1.58959890953547,0.501280202667669,3.17107857257493,0.00151874057598755,0.0135569038979197
"BRE_AS1",14.0599261242057,3.40695897186729,0.853314581835524,3.99261778058303,6.53478562560284e-05,0.00122024254736794
"BRIP1",5.946493496996,1.51401912390163,0.446019078949658,3.39451650244881,0.000687498965176081,0.00742055756413831
"BSPRY",22.7075505069313,-1.5328959736202,0.244629045638961,-6.26620591850135,3.69951053375803e-10,5.16874471716478e-08
"BST2",75.2260047049494,2.89062196450995,0.352702966433198,8.19562702787031,2.49290201688669e-16,1.62537211501012e-13
"BTN2A1",50.2589277892453,1.09748002471309,0.208769561549231,5.25689672655793,1.46506528348364e-07,8.92036636418366e-06
"BTN2A2",12.1884268428495,1.08095361817654,0.278777348272642,3.87748009253384,0.000105543960634282,0.00178739382684551
"BTN3A1",31.5168752635631,1.32533273298569,0.305001464126213,4.34533236351039,1.39064940294959e-05,0.000351548979924964
"BTN3A2",22.9487978517256,1.02731636512353,0.277537417586729,3.70154184634402,0.000214293304918295,0.00304820085804905
"BTN3A3",15.6803115735594,1.34344421424444,0.308682210072679,4.3521918996502,1.3478320693313e-05,0.000342767325815157
"BUB1",75.5563869723673,1.9471215825401,0.509920965684097,3.81847720249724,0.000134277990563518,0.00212888222623145
"BUD31",27.4266784252157,1.12087996963406,0.264375720573469,4.23972355404918,2.23795221308797e-05,0.000517933907511128
"BZW1",413.010743976421,2.68639850331668,0.561314411864139,4.78590687596116,1.70216972532366e-06,6.48066955276512e-05
"C10orf2",16.2614341392546,-2.2327059076032,0.35069388806043,-6.36653783717631,1.93342621635155e-10,2.90906283014125e-08
"C11orf74",18.5332807087677,1.14448580777647,0.420063810013139,2.72455227157196,0.00643887371201428,0.0378353345270745
"C11orf84",6.00722582253185,-1.15078919532448,0.288340506072583,-3.99107711573066,6.57738870812416e-05,0.00122673395118864
"C12orf10",11.731176312166,-1.63595968364687,0.35455113833278,-4.61417129088827,3.94666844119146e-06,0.000129199723363523
"C12orf4",10.6062678725337,1.09240376527048,0.383576902144959,2.84793938102572,0.00440033053062993,0.0288222570712839
"C14orf37",6.50529280284164,1.48343337714843,0.455498382952456,3.25672589117242,0.00112705212776707,0.0109201930001852
"C15orf52",19.4905809354409,-1.46905866385608,0.375667521693509,-3.91052880279234,9.20942769720055e-05,0.00160121249561994
"C15orf59",3.09756741879318,-1.93899547296988,0.663343618436037,-2.92306343059641,0.00346605899609932,0.0245083105155726
"C15orf61",1.59423015296821,-3.26144326612993,0.556099857009803,-5.86485183374617,4.49533932321121e-09,4.68953798197394e-07
"C15orf65",2.38731683341517,1.77937522535763,0.665065556829629,2.67548846438525,0.00746204411361396,0.0420407161819998
"C16orf74",1.24465963829423,-1.7676626614545,0.567916265194799,-3.11254100258632,0.0018548424619547,0.0155711238437055
"C17orf50",6.14839486849997,-3.24813715593478,0.569467000543624,-5.70381980489484,1.17151923841709e-08,1.08472976584324e-06
"C17orf67",2.49782275596367,1.42562642204291,0.530001948471127,2.68985128480254,0.00714838671190149,0.0407921041163615
"C19orf66",51.6858691501824,1.57210610970288,0.392466302334388,4.00570979050176,6.18315269903701e-05,0.00116290833454965
"C19orf70",6.42545032111086,-1.7709237006614,0.357174430833262,-4.95814803016545,7.11683297561095e-07,3.28507971688378e-05
"C1D",5.96190737050964,1.15266033161683,0.419439962621879,2.74809373053454,0.00599428704218602,0.0359657222531161
"C1GALT1",18.7223294628478,1.24915465738814,0.337524922978444,3.70092568680601,0.000214814385319134,0.00305028629897805
"C1QBP",23.9094297658442,-1.35899891644715,0.254113476833304,-5.34800016662886,8.89313836693126e-08,5.8717227496093e-06
"C1QL3",10.0486642937464,2.02088138538342,0.751779192546898,2.68813157562531,0.00718530778341359,0.040935155666884
"C1orf106",32.1454043319103,-1.11720976569822,0.230458268106901,-4.84777471806735,1.24854068221765e-06,5.03535169983036e-05
"C1orf122",4.81320011910926,-1.35407841202641,0.390865807550682,-3.46430510387079,0.000531603195465519,0.00613008607416687
"C1orf131",6.45084058764045,1.12387754277652,0.314848957508149,3.56957682715982,0.000357558347716874,0.00454883985778345
"C1orf216",2.43534430026532,-1.59387854826474,0.488679815591685,-3.26160094485363,0.00110784980060667,0.0107607906144589
"C21orf2",13.4191450753172,-1.28011984874927,0.243668192481823,-5.25353693361011,1.49205738269325e-07,9.04950152107905e-06
"C21orf62",5.28791747078813,1.97056522759057,0.607644169489471,3.24295916349562,0.00118295165071689,0.0112322981980691
"C2CD2L",159.542411283313,2.5892637702314,0.530929283038465,4.87685244146499,1.07792007728265e-06,4.43876141297866e-05
"C2orf40",41.5296116350006,2.77590874778409,0.559724556526196,4.95941926331077,7.07042247828709e-07,3.27331274971114e-05
"C4orf33",6.81791394898225,1.03317201554385,0.3760994533884,2.74707130317705,0.00601300603993416,0.0360365831148563
"C6orf223",3.71076986114456,-1.66560893774093,0.567209785853274,-2.93649541894856,0.00331943723045071,0.0238256419962609
"C6orf226",1.42277340966722,-1.15991310600831,0.414138131895045,-2.80078798998946,0.00509779982060664,0.0320362938123907
"C7orf71",11.9736590416558,5.74433722445708,1.98321466886812,2.89647778156842,0.00377377364026773,0.0260485266532464
"C8orf46",59.6157858272078,-3.28747830595197,0.420933144141611,-7.80997731280099,5.71982807784453e-15,2.71223847763974e-12
"C8orf76",3.15985366244327,-1.21362866757639,0.447926793328505,-2.70943530427824,0.00673978480421834,0.0391555915930869
"C8orf82",6.11386099128211,-1.20029484028565,0.374359640532436,-3.20626133356287,0.00134471803026393,0.0122877508906774
"C9orf16",21.15341106119,-1.96271348683656,0.285941135951354,-6.86404731626466,6.69364434138101e-12,1.36028761888221e-09
"C9orf69",46.5184945926681,-1.78368737707179,0.449284789572909,-3.97005956682256,7.18546655657566e-05,0.00131763952888948
"C9orf72",29.7274362563267,1.23469119466825,0.31504664481423,3.91907425453236,8.88897285218894e-05,0.00155761083080686
"CABLES1",9.59780156576521,-2.18215269875006,0.445741639973511,-4.89555496515815,9.80286865355811e-07,4.10147830724271e-05
"CACFD1",15.7215624976357,-1.44997236356326,0.316193847359664,-4.58570707707019,4.52452579057266e-06,0.000144784825298325
"CACNA1A",47.7486374408691,-2.1330575669413,0.401201064753997,-5.31667972578592,1.056778373921e-07,6.74957877351663e-06
"CACNA1G",9.12532998875445,-2.3735335081557,0.600272982687852,-3.95409018331574,7.68264300269979e-05,0.0013834061876438
"CACNA2D4",3.45887980794449,-1.45575778932498,0.503108146349642,-2.89352855819845,0.00380939647280854,0.0261789354442284
"CALCOCO2",51.2993706601293,1.06089001781421,0.195743507605496,5.41979670637321,5.96668462259401e-08,4.2633187659521e-06
"CALML3_AS1",1.12210715302421,-2.21161769814007,0.628080657886713,-3.52123197931527,0.000429546656447413,0.00521859167708783
"CALML5",1.29134620369605,-2.51119846506143,0.718737813223979,-3.49390058357604,0.000476018246347128,0.00567583704409438
"CAMK2N2",7.94105813541011,-2.00177945810825,0.501725232379449,-3.989792278564,6.6131184195146e-05,0.00123046464956676
"CAND2",24.2554599681869,2.38178605387843,0.75284937269042,3.16369534235881,0.00155779771254846,0.0138031815435778
"CAPN12",5.99668488970329,-2.90676880696751,0.437071625098309,-6.65055482911686,2.91990199942425e-11,5.57202762036471e-09
"CAPS2",18.3380048275288,1.00492634925403,0.384300521872614,2.61494921827648,0.00892407225442175,0.0477251820359506
"CAPZA1",29.2264587565923,1.01386138790881,0.332919351810351,3.04536633991274,0.00232397048489372,0.0183109215244798
"CARD10",150.282004224188,2.42093722771536,0.652253128345135,3.71165291894827,0.000205910209465959,0.00296966171218739
"CARD16",29.3052531878146,3.59284911896077,0.631329035007051,5.69092964165769,1.26349566356062e-08,1.15620936511091e-06
"CARD8_AS1",2.52613171758485,1.93734027021886,0.709128761150139,2.73200069769653,0.00629510076698652,0.0371813660855934
"CASC1",113.486693333498,1.17584244394708,0.325926205232809,3.60769531589881,0.000308928965681898,0.00406570265348221
"CASC10",3.36578169790192,-1.93921938022063,0.524998695410616,-3.69376037916421,0.000220962031515662,0.00311216369861123
"CASKIN1",5.30916711561214,-3.17768395766023,0.590534393375683,-5.38103113604539,7.40603821008822e-08,4.99524508239054e-06
"CASP1",29.3391967568558,2.26665574919072,0.478415653687498,4.73783776036581,2.16010636020438e-06,7.95325748811251e-05
"CASP4",63.0048245372199,1.80382963750587,0.365517112830338,4.93500734763998,8.01477424538216e-07,3.57308226187293e-05
"CASP5",1.96117981661957,3.13752279409331,1.01823131514072,3.08134580761711,0.00206067174013809,0.0167769986418735
"CATIP",22.5113521146198,-1.3952996413518,0.35157691711105,-3.96868956249219,7.2268955910042e-05,0.00131956198609141
"CATSPERD",14.066169943656,1.54532036561571,0.437163698597583,3.53487805728857,0.000407963379735121,0.00500298665054481
"CAV1",2.03689790784859,-2.12817507328176,0.598967558976058,-3.55307235156424,0.000380759726313905,0.00475195141118011
"CBLC",7.8395411584263,-1.00116860822516,0.330351126708384,-3.03061962645867,0.00244052487708931,0.0190636295381275
"CBX3",69.4425267974092,1.14565294861926,0.249398455791473,4.59366496469876,4.35528426227313e-06,0.000140229399456893
"CCBL1",3.0523832053315,-1.37123815152507,0.398916033046952,-3.43741047721609,0.000587304826169998,0.00656438994279152
"CCBL2",5.48490467944707,1.2622482218434,0.43949673850193,2.87203091915062,0.00407843061554349,0.0273902499021565
"CCDC138",13.8334813935669,1.13444488788912,0.371384354913459,3.05463833594573,0.00225332068944894,0.0178712428527608
"CCDC144A",7.47149794881651,2.70081391472082,0.858481569446663,3.1460359905707,0.00165499638570951,0.0143634960862909
"CCDC146",209.590641611158,1.43003482717162,0.341799262647804,4.18384409636702,2.8662071208796e-05,0.000639806120221455
"CCDC148",38.8012337217131,1.04317275305019,0.343812987256168,3.03412841200483,0.00241231726105904,0.0188928631136396
"CCDC173",73.1303688782625,1.08855506286998,0.383412899967994,2.83911955742972,0.00452382036507604,0.0293269890194096
"CCDC18",8.38353564268628,1.15288875298096,0.41293356690352,2.7919472897933,0.0052391890002463,0.0326494741042828
"CCDC181",43.028088917046,1.53231916446607,0.360931063514394,4.2454621376887,2.18143344072027e-05,0.000510240216448294
"CCDC186",69.5355882141567,1.25699079691396,0.236088444318437,5.32423685768593,1.01377739846973e-07,6.52822581533101e-06
"CCDC30",39.6661953791798,1.38935973290989,0.337609540980166,4.11528574955623,3.86700048737898e-05,0.000821042382991943
"CCDC39",69.3558147780465,1.49129157980829,0.387817647333179,3.84534223768084,0.00012038429817924,0.00196431021679745
"CCDC50",57.8590060630096,-1.4016205355681,0.248822645491809,-5.63301034275935,1.77090833211985e-08,1.50604204244627e-06
"CCDC64B",100.436383901057,-1.05869815546399,0.249481539373965,-4.24359316573333,2.19968987569146e-05,0.000512224091331663
"CCDC66",52.2281040761658,1.42769652579705,0.302104708454048,4.72583341419261,2.29173470589196e-06,8.30117237911976e-05
"CCDC91",21.2121888117603,1.12603073991664,0.27468520904578,4.09934973866385,4.1431255511301e-05,0.000864421714987784
"CCER2",2.52304301820268,-1.9413573083719,0.476522585727585,-4.07400901136242,4.62106922207892e-05,0.000935452667362108
"CCHE1",44.0257051170884,-4.00892990954484,0.480642171148374,-8.34077854626552,7.38029963667449e-17,5.49937755784202e-14
"CCL2",5.9416336770119,4.04564831942727,1.07354765309778,3.76848508564415,0.000164241296446929,0.00249519204543839
"CCL20",2.08721960710802,2.7907491307531,0.914171449155488,3.05276338845541,0.00226744646697669,0.0179650644634184
"CCNB1IP1",4.92115346300357,-2.183830674169,0.372740000612235,-5.85885783812308,4.66061446407401e-09,4.76662059698236e-07
"CCNH",10.2500283146474,1.03163652047869,0.389820297245335,2.64644126477956,0.00813436299572802,0.0445369181795493
"CCNL1",68.4214665242194,1.807744219404,0.406582935617218,4.44618812311866,8.7407411173875e-06,0.000238700029676928
"CCR1",23.9217956504153,3.07188633662986,0.739590449916869,4.15349648846216,3.2743323986282e-05,0.00071261131256932
"CCR2",2.75957696747631,-2.56221693836712,0.52680034553275,-4.8637343541906,1.15191490526599e-06,4.71862943392727e-05
"CCR5",7.76041750446798,1.68506210588519,0.498585914070352,3.37968253480868,0.00072569600527973,0.00772495992558994
"CCRL2",3.82785421859652,2.30988609003526,0.882640044526443,2.61701936634268,0.00887013085857063,0.0475179074546091
"CD109",10.0541438168864,-2.18835752407033,0.701704073589334,-3.11863306261928,0.00181692080392025,0.015359900993919
"CD164",248.430790469478,1.37774090352319,0.446115054024251,3.08830847803736,0.00201299398405142,0.0165264060138702
"CD177",20.3412585782871,1.69817574178946,0.629005396813026,2.69977928709926,0.00693854904646669,0.039990576603724
"CD2",6.59573942792051,1.83985190242247,0.559629872501805,3.2876227535844,0.00101037130164376,0.0100638384010958
"CD22",7.4696618777489,3.37603710799573,0.990294986029951,3.40912269134081,0.00065172161723133,0.00715658937995499
"CD274",22.7173046581071,2.7641681862375,0.530105454310489,5.21437416604753,1.84438852103948e-07,1.08093601412831e-05
"CD300A",10.834290247819,2.22091436430245,0.712653813069414,3.11640002982223,0.00183073741666258,0.0154101017191695
"CD37",26.3334137023052,2.00293727830816,0.454709312267097,4.40487411247833,1.05845326561614e-05,0.000279774944262861
"CD38",15.4701974714097,1.36547832036454,0.441871217400532,3.09021784310249,0.00200009739906403,0.0164637159918748
"CD48",9.16686531501583,2.23759220701614,0.658417439338752,3.39844006754036,0.000677713099986832,0.00735937167841357
"CD53",15.7689589611095,2.02777002055837,0.60010044202456,3.37905103638531,0.000727365038134596,0.00773481673962156
"CD68",49.5592693107338,1.59697069164889,0.339944851091239,4.69773460760632,2.63062937953248e-06,9.31314220156656e-05
"CD69",7.18468367865919,3.19697049515523,0.833340481248706,3.83633168805718,0.000124885715157568,0.00201465120699549
"CD82",85.2809162605919,-1.32007495110391,0.247239664586075,-5.3392523133938,9.33306803848025e-08,6.08516036108912e-06
"CD83",13.1605950846745,2.49808115491357,0.699230889935706,3.57261269613427,0.00035343730077743,0.0045074057722618
"CD86",5.20571622402863,1.53305335083211,0.581076905811375,2.63829681665193,0.00833236157789991,0.0453385994420436
"CD96",5.77404746324592,1.26770312458312,0.483434950692832,2.62228273476363,0.00873429379763345,0.0470317375586264
"CDHR5",5.4320980021126,-1.64226210890585,0.374027220825578,-4.3907555853313,1.12957454857196e-05,0.000296570176779431
"CDK14",12.6324293129781,1.37531785006725,0.363092206179026,3.78779226505659,0.000151991844680254,0.00236301367248227
"CDK5R2",6.47523009769098,-2.0601076758073,0.653969003066896,-3.15016104149597,0.00163180487078391,0.0142253385058644
"CDR1",14.0118376328581,2.11686780336727,0.669507608855205,3.16182784985358,0.00156782220558963,0.0138519136685243
"CEACAM1",27.8482566060699,1.7135219550834,0.513924195511212,3.33419202685897,0.000855475763814893,0.00881269568938476
"CEACAM21",15.1860803779297,-2.12972953771162,0.511576272548936,-4.16307333235025,3.1399246929737e-05,0.00069132994473373
"CEBPA",7.7930470426606,-1.29449433337149,0.349655116139032,-3.70220332442315,0.000213735220251416,0.00304820085804905
"CEBPZ",29.9317325499095,1.07271481103095,0.252739370038468,4.24435184303766,2.19226152049943e-05,0.000512007586160821
"CECR7",1.32376842424845,-1.64712056867094,0.628238329410765,-2.62180846274662,0.00874645715787592,0.0470810325443558
"CENPF",16.4843087271136,1.16444597014478,0.412085872564151,2.82573620614356,0.00471720941764857,0.0301408301214229
"CENPN",10.1937938088495,-1.91115204421156,0.38664822412946,-4.9428703533154,7.69806789303668e-07,3.48148457775254e-05
"CEP135",12.7465713284747,1.51382742835779,0.340238392561226,4.44931395590629,8.61450135978312e-06,0.000236076562658295
"CEP162",40.6242718639336,1.14175415407834,0.255117406272643,4.47540671865467,7.62659912496284e-06,0.000215293985525091
"CEP170",17.6300901876237,1.06192633349616,0.352691655452372,3.01091992702267,0.00260457527060386,0.0199492872415121
"CEP19",5.91304334441878,1.12924161753488,0.413320928015692,2.73211817014987,0.00629285659160078,0.0371813660855934
"CEP290",54.0312105891938,1.29390524081557,0.275191424436335,4.7018370701988,2.57831203490501e-06,9.16941516413489e-05
"CEP295",19.2481263873369,1.14559545419467,0.297671504995346,3.84852239791168,0.000118832433549581,0.00194507313826761
"CEP63",24.926520792055,1.27113386475649,0.318131726548143,3.99562118041103,6.45248411657966e-05,0.00120631387641862
"CEP76",21.0950130202301,1.72320744606513,0.545049039365923,3.16156404581468,0.0015692430546046,0.0138519136685243
"CEP83",49.006026978295,1.07778257344877,0.273665583296169,3.93831975679001,8.20541986943617e-05,0.00145336565743716
"CEP97",20.9598890394888,1.014873460098,0.30134844183792,3.3677740422625,0.000757776743464021,0.00796887801191196
"CETN3",10.1111722216347,1.28071061212646,0.399888598924521,3.20266848209942,0.00136160626830106,0.0124018712959109
"CFAP47",55.8357129769305,1.01589564352031,0.350298800832753,2.90008313218675,0.0037306370259855,0.0258305345940801
"CFAP53",78.1099602748672,1.25553083915308,0.367569866594807,3.41576106546603,0.000636040288405464,0.00702382387647756
"CFAP54",85.8855454627939,1.04271337708495,0.35771449078866,2.91493189103428,0.0035576617419382,0.0249866655914942
"CFAP58_AS1",3.65550203534358,3.43787475418923,1.18853097734737,2.89254114508827,0.00382139125962639,0.0262176500102107
"CFB",170.471276096154,1.18039854850909,0.29768173335711,3.96530393449786,7.33024845127771e-05,0.00133376427634411
"CFH",50.9888269114149,1.47120597623817,0.290436740429005,5.06549541240908,4.07339588680271e-07,2.07182488188135e-05
"CFTR",9.58587268077169,1.48086117972724,0.47241249646138,3.13467825432154,0.00172042693399901,0.014791605442115
"CHD1",66.1050209531209,1.7422979372578,0.259316469315428,6.71880942177452,1.83215344548888e-11,3.62905533101392e-09
"CHD2",374.464564013939,1.00064046243971,0.252131131555969,3.96873030420515,7.225660305621e-05,0.00131956198609141
"CHMP5",48.1574114828214,1.53898906787645,0.256136042309267,6.00848304674836,1.87267193455397e-09,2.13894674685406e-07
"CHORDC1",9.42199340560016,1.35469901576769,0.445992030679442,3.03749601467966,0.00238552559074183,0.0187487214685726
"CHPF",7.54428996570363,-1.44238286355115,0.304554975039644,-4.73603448232422,2.17940522632754e-06,8.00547722572145e-05
"CHST1",6.24210474629693,-2.14957693252177,0.744074621538301,-2.88892655427184,0.00386559350088062,0.0263912770950174
"CIAPIN1",9.56150585407409,-1.06880612692411,0.314390897235638,-3.39960901006314,0.000674822742671743,0.00734327279369084
"CIB2",2.20506361310364,-1.41920439452522,0.534809085973002,-2.6536654513698,0.00796227253591618,0.043991292361158
"CIR1",68.4953538946084,1.25982175897015,0.248238618522212,5.07504338555374,3.87407597029613e-07,2.00733578752298e-05
"CLCN1",17.3460202889823,4.38065419168137,1.34693010371002,3.25232480855182,0.00114465134810299,0.0110263158164711
"CLEC2B",12.7376635540086,2.31477615015125,0.523397036737285,4.42260079380835,9.75198294210963e-06,0.000260407899450736
"CLEC4E",19.841302147376,3.44489603799015,0.844439990355853,4.07950366791422,4.51319577872794e-05,0.000923169771837056
"CLEC7A",27.7480865379015,1.67437564993332,0.476288422656612,3.51546577721561,0.000438983333626187,0.0053208452398006
"CLK1",87.0716160081699,1.04304327013343,0.217816437558122,4.78863432818337,1.67920144812311e-06,6.42448514920059e-05
"CLPB",33.9580188399687,2.00357154017886,0.557766884445984,3.59213068407415,0.000327985289139433,0.00425212411305207
"CLTCL1",8.87357008959302,-2.47706862541744,0.385089601510898,-6.43244745040807,1.25565449722854e-10,2.00494709924818e-08
"CMAS",21.9008849930741,-1.06490788107939,0.241563070955397,-4.40840512942485,1.04134617176504e-05,0.000275718864564793
"CMKLR1",9.47137712321492,1.58850754485066,0.555109265247797,2.86161237849554,0.00421492048088641,0.0280421240156933
"CMPK2",65.1737779617477,1.95448370922553,0.425952721825773,4.5884991668746,4.46444089197317e-06,0.000143212565988336
"CMSS1",4.32452086756415,1.39900561186164,0.501116937675286,2.79177474693176,0.00524198338053646,0.0326538837335329
"CMTM3",11.1507511704122,-2.25861325621149,0.413242809473856,-5.46558392410305,4.61385432102301e-08,3.37371927174617e-06
"CNKSR1",31.7211041969678,-1.61808725033806,0.251083149279916,-6.44442789163107,1.16037286132723e-10,1.91131731937352e-08
"CNN1",8.89376239475741,3.14139474924277,1.18351443105562,2.65429357413146,0.00794746493317853,0.0439441453266352
"CNNM2",107.107698932385,-2.07177576835959,0.488286714890253,-4.24294928610793,2.20601301347875e-05,0.000512922609731284
"CNTD1",14.5732610767,-2.36302820195804,0.615054989282323,-3.8419787549652,0.000122046402351119,0.00198059461286035
"CNTRL",109.211736659765,1.18595620802803,0.231371222697961,5.12577231601622,2.96320529827982e-07,1.61000821206537e-05
"COL18A1",82.2386987304429,-2.20681407239202,0.482550440824371,-4.5732298340086,4.80262822452948e-06,0.000151821265570581
"COL23A1",2.94838797601868,-1.79967764628666,0.579531981955513,-3.10539832541081,0.00190022937579303,0.0158754881326264
"COL25A1",16.8752008482731,-3.42124115380014,0.659796251153158,-5.18529947361882,2.15668027686492e-07,1.2453037997189e-05
"COL5A1",1247.94555837463,4.09831106728195,0.733506361936757,5.5872876909489,2.30643463896305e-08,1.86036542425226e-06
"COLGALT1",15.5996950864681,-1.24982378055814,0.266872481469434,-4.6832246385107,2.82396735265001e-06,9.84174635507069e-05
"COLGALT2",4.60017372624693,-1.32055373284432,0.445348829897948,-2.96521208587642,0.00302474324418023,0.0222650087820648
"COMMD5",6.90188618377436,-1.13846678566013,0.401973197161311,-2.83219576255295,0.00462295360665933,0.029720615463026
"COMMD7",20.0419037585429,-1.04131392711618,0.253848092736946,-4.10211444131377,4.09391685290923e-05,0.000856438648587215
"COMTD1",16.4592865980606,-2.64083072078338,0.518032029272281,-5.09781359367519,3.43598912315476e-07,1.81643100672722e-05
"COX20",6.95680837137966,-1.26374150452573,0.350751685727256,-3.60295204827159,0.000314623586532144,0.00411297400338763
"COX6B2",12.9997086289893,-2.34672838267838,0.459123240007011,-5.11132562717267,3.19906022053449e-07,1.72616877003185e-05
"COX7A1",5.69324353251262,-1.82167339983065,0.353479980362204,-5.15354051441335,2.55613817603874e-07,1.43363620712022e-05
"COX7A2L",16.6186717343628,-1.94561731587765,0.282658985061437,-6.88326718308551,5.84951649721294e-12,1.23029760571297e-09
"COX7B",14.9561540732778,1.32381109652073,0.333382783538926,3.97084421237414,7.16184009829934e-05,0.00131690333558388
"COX7C",71.1282879173747,1.49648723019763,0.4098745230288,3.65108623765931,0.000261133532007257,0.00356542955131306
"COX8A",20.1637261007222,-1.41288575784872,0.346659491792866,-4.0757163478822,4.58729095384088e-05,0.000932232842151976
"CPAMD8",7.45789044907214,-1.64291565539409,0.516544590290542,-3.18058825177124,0.00146976364582744,0.0131949865346574
"CPB1",8.89305625094699,-2.21632163076911,0.613637296815474,-3.61177790572853,0.000304104960032347,0.00400895906873308
"CPEB4",207.444718059874,1.08479070593855,0.274640228904312,3.94986091537414,7.81966185853485e-05,0.00140323473351323
"CPTP",18.9873404045256,-1.27114087384022,0.44706278476237,-2.84331623468922,0.00446467473946916,0.0291339575993384
"CRACR2B",78.8933539777787,-1.02861681776373,0.259649583069373,-3.96155774873287,7.44623670072364e-05,0.00134859620246439
"CRAT",22.6004693149438,-1.81526086231662,0.436480240449797,-4.15886148808472,3.19837762769146e-05,0.000700955365799944
"CRBN",29.903490759806,1.30587078217504,0.261894256465554,4.98625208432852,6.15618119051433e-07,2.92325355294983e-05
"CREBRF",39.7307556705381,1.26270382451819,0.296076241926467,4.26479279898381,2.00087796978486e-05,0.000473672291546043
"CRIP1",68.5301819700228,-1.28381688785254,0.317268010337298,-4.04647441917536,5.19948037263234e-05,0.00101991700360448
"CRISP3",2.92812044345349,3.9736397171175,1.52007030437686,2.61411574561774,0.0089458724657869,0.0477764547251308
"CRNN",48.462670468826,3.27212657807545,1.13547889124287,2.88171502201495,0.00395517270721589,0.0267629546521519
"CSF3R",146.605511771548,2.62117283228246,0.790093875427924,3.31754607117136,0.000908119375928082,0.00924634293188633
"CSGALNACT2",12.1230452001339,1.29238845548754,0.454481622250503,2.84365393937798,0.00445994591439655,0.0291271444905095
"CSNK1E",3.37636283612468,-2.06174857264278,0.676306928918165,-3.04853977459731,0.00229956469404885,0.0181643555439053
"CSPG4",6.8484189734097,-1.59310749553478,0.511153781249459,-3.11668925081725,0.00182894247142224,0.0154101017191695
"CSPP1",229.678574384917,1.43888762806287,0.312720501665542,4.60119378294478,4.20076381550649e-06,0.000136094310942123
"CST3",50.8228874335184,-1.1365507986947,0.199494287120626,-5.69715962847333,1.21819859720791e-08,1.12131597935937e-06
"CTNNBIP1",15.8111484823504,-1.36255353284451,0.260501639097708,-5.23049888501258,1.69053196389439e-07,9.98243176264886e-06
"CTSF",3.20965366727745,-1.4904116810323,0.508927120570031,-2.92853656406235,0.00340561774430794,0.0242587729950074
"CUL4A",116.506924388406,1.73408553068424,0.348522130055969,4.97553923019397,6.50662546867006e-07,3.05752778780027e-05
"CUL9",52.6251461518596,-1.01212522633123,0.175576381938061,-5.76458641623156,8.18583271932873e-09,7.95601927900969e-07
"CXCL1",59.534882726061,1.23409001433564,0.421481766973056,2.92797959731086,0.00341172432259434,0.0242712623367013
"CXCL10",25.0188970568243,6.06550064576551,0.953045845869497,6.36433249465742,1.96140839957254e-10,2.92305891776297e-08
"CXCL11",6.70342823896824,5.32479783050539,1.07895217473461,4.93515649274737,8.00865185890015e-07,3.57308226187293e-05
"CXCL2",14.6251146288607,2.02855483521203,0.699558208394346,2.89976561045299,0.00373441797207884,0.0258452774998186
"CXCL8",221.701829249998,3.58704914135322,0.67825417238128,5.28865031343554,1.23222205312801e-07,7.62126904638224e-06
"CXCL9",13.2709185815149,3.39660744630232,0.744610926569893,4.56158689740029,5.07684569789774e-06,0.000158884962961408
"CXCR1",25.8228914611375,3.42573008209316,0.98829013301121,3.466320230938,0.000527634441822629,0.00609780188008899
"CXCR2",38.0271409123961,2.54838543925211,0.904504606832995,2.81743776648628,0.00484084950750423,0.0307550195263606
"CXCR4",13.3227436237565,2.03048782065849,0.619474210536745,3.27776005218872,0.00104634299133364,0.0103366004598414
"CXorf21",4.06554575146669,2.41581154949205,0.707706232179248,3.41357958944774,0.000641154284114159,0.00706533960409743
"CYC1",13.3255367137741,-1.0952799350952,0.222679427841795,-4.91863997366363,8.71475884484226e-07,3.80917727385731e-05
"CYLD",71.4376078818721,1.4516782774188,0.320309608212675,4.53210968449918,5.83975120683206e-06,0.000175058289050782
"CYP2A7",3.12471053596053,-1.6166507472273,0.600032750241367,-2.69427084867782,0.00705428148064366,0.0404342112121289
"CYP2W1",6.26563351228008,-2.20781936921097,0.464447312765289,-4.75364871004584,1.99778036021916e-06,7.42547911560794e-05
"CYSLTR1",1.72768840634025,2.46088521550777,0.831871180866369,2.95825275849181,0.00309388321200722,0.0226229366829388
"CYTIP",18.4146315458358,1.98718417246715,0.612277247215841,3.24556266218174,0.00117218763847486,0.0111508027525193
"D2HGDH",15.5745060603422,-1.406392021607,0.325292003307011,-4.32347554599933,1.5359016979438e-05,0.000381005318938407
"DAAM1",50.523856600879,1.01711950218582,0.298275385102633,3.4100014717468,0.000649625289238736,0.00714587447779001
"DAB2",13.971999170876,-1.45542881321414,0.373236589332499,-3.89948053007624,9.63992883195485e-05,0.00166680228024784
"DACT2",3.0625586214602,-2.2505401393049,0.616718548006546,-3.64921753461032,0.000263040292942527,0.00358229286680997
"DANT2",20.4444423046019,-3.77477012965995,0.56433670642436,-6.68886160812916,2.24913298219554e-11,4.39930411317448e-09
"DAO",10.0402570935616,4.54593047518173,1.65349742369808,2.7492818616038,0.00597260024709232,0.0358732740479014
"DBF4",5.02573186849759,1.82743063737371,0.505941170708776,3.61194293560584,0.000303911451303268,0.00400895906873308
"DBI",54.3997001058547,1.09938596782352,0.331414511943011,3.31725355470422,0.00090907075650218,0.00924911521309891
"DCAF4",10.4850055356393,-2.04905478084543,0.288536555788327,-7.10154307916753,1.2337154147062e-12,3.21752980155376e-10
"DCK",7.11187824960317,1.51518912692046,0.408633791305882,3.70793889090359,0.000208953062117048,0.00300303548217578
"DCLK1",6.93273312188928,1.55608059968752,0.59106874927333,2.63265584858038,0.00847201443543167,0.0459515015201507
"DCLK2",93.1826699588337,4.83157257113555,0.843763624654035,5.72621576702435,1.02695593221228e-08,9.73927662258047e-07
"DCXR",9.17818219176494,-1.03701284998687,0.334955216238905,-3.09597462499951,0.00196167147952029,0.01621098835193
"DDIT3",55.5027623963669,2.06513788177197,0.484226136720691,4.26482117582012,2.00062369437193e-05,0.000473672291546043
"DDX10",17.9265600757155,1.22556736961875,0.247283560394868,4.9561214973682,7.19142563853719e-07,3.30472235803415e-05
"DDX52",24.7148486605573,1.00673674520374,0.203786157016107,4.94016257014047,7.80574632087812e-07,3.51382638223129e-05
"DDX58",55.6110926252998,3.20363978285871,0.423130646404415,7.57127806761785,3.6957001785507e-14,1.34489107892934e-11
"DDX60",74.1772918766726,3.03216206554292,0.342134073430241,8.86249660883648,7.82421929830792e-19,1.02027819649935e-15
"DDX60L",118.207559793189,3.39947282422723,0.475927009324127,7.1428449271137,9.1418743689592e-13,2.5502226926823e-10
"DEGS1",22.6546956486481,-2.31892397347798,0.409681303822343,-5.66031193477059,1.51098092747621e-08,1.32830503107572e-06
"DENND4A",29.0232915050484,1.19486597650151,0.254024330769203,4.70374618401068,2.55430763771853e-06,9.10473938838713e-05
"DFNA5",2.70360550253653,-2.24809947979892,0.540615573261794,-4.15840680695721,3.20474926417797e-05,0.000701369461340655
"DFNB31",64.9283507623155,-1.67324064611161,0.360105172464187,-4.6465332187863,3.37559797166701e-06,0.000114085004450638
"DGKZ",273.450045766713,2.13296155107749,0.536972565806676,3.97219837082965,7.12123779682401e-05,0.0013109779887612
"DKFZP434A062",8.16768528765551,-1.59308429103168,0.538117417382601,-2.96047709955279,0.00307162956616044,0.0225292198176304
"DKFZP434H168",3.3128292493844,-3.31082764730354,0.631396652218734,-5.24365727260235,1.57424500329351e-07,9.47453300443722e-06
"DLEU2",4.43558087978659,1.46700142512661,0.556046027934585,2.63827336484309,0.00833293788313635,0.0453385994420436
"DLGAP3",8.19672860536041,-2.52651270139415,0.54725074833754,-4.61673685978373,3.89821046954658e-06,0.000127880917038711
"DLK2",7.21213006527794,-1.65962766731167,0.419885008578193,-3.95257661837338,7.73141619271083e-05,0.00139058851245447
"DLX2",24.5937496254681,-1.5198152012484,0.521170570440511,-2.91615698861085,0.00354372142417335,0.0249335219628887
"DMBT1",2.89893315794573,-2.42553588281856,0.628244179826359,-3.86081711650549,0.000113008467226194,0.00187275108113448
"DMD",102.921210620864,1.04209392769035,0.292590012462836,3.5616182484107,0.000368576040037063,0.00463251234899596
"DNAAF5",93.9097986903711,-1.30102258717525,0.465432444673552,-2.79529844140489,0.00518518237093396,0.032429150176009
"DNAH14",10.046265521017,1.02749578614618,0.362172654034082,2.83703304128945,0.00455348994933812,0.0294069379807028
"DNAH2",167.106101850843,-1.55325530887968,0.26504420122526,-5.86036329676036,4.61855614412333e-09,4.75468200942381e-07
"DNAJA1",193.394062834385,1.14603671111269,0.191634204231643,5.98033485570971,2.22679382584457e-09,2.48891927048684e-07
"DNAJB4",12.4547718512516,1.08906674196904,0.330661339222671,3.29360167877275,0.000989125591405152,0.00993101774813446
"DND1",1.3458139268229,-1.25973259183278,0.470014292471766,-2.68020060668357,0.0073578050862281,0.0415949906030698
"DNER",11.7722449022064,-1.57546477006183,0.539427511456016,-2.9206236919755,0.00349331494507541,0.0246675957854422
"DNLZ",1.89478827612826,-1.90473581474794,0.496099205097191,-3.83942525038873,0.000123322668169567,0.00199354660280721
"DNPH1",18.4380845410464,-1.08293437843244,0.301006593663915,-3.59770982173758,0.000321031492413996,0.00417581113324539
"DOCK10",18.9785247014205,1.19549432407738,0.453911612423511,2.63376016686251,0.00844451129413224,0.0458341008430736
"DOCK11",14.6281499275712,2.2617613841896,0.581534410802389,3.88929931260451,0.000100534064830263,0.00172874400710325
"DOCK8",51.9374070016867,1.24722898491125,0.416125884036548,2.99723961608144,0.00272436482671946,0.0206245093413189
"DPH5",5.29027294570246,1.15648956405819,0.427939376846002,2.70246120509345,0.00688282160286905,0.0397279204875304
"DPP9_AS1",4.48989289985142,-2.19502848798214,0.443530899797772,-4.94898661848128,7.46008751671681e-07,3.40336587351559e-05
"DSC3",24.6820023396441,-4.29727605432165,0.501723470722501,-8.56502895535943,1.08048689597525e-17,9.94556408718862e-15
"DTHD1",114.360532486852,1.11536077090993,0.35445183618715,3.14672025093142,0.0016511285323289,0.0143378797302346
"DTX3L",56.0972043739347,1.5818682728736,0.311230556909547,5.08262520422548,3.72253774759017e-07,1.93522493934521e-05
"DUS1L",21.4325925749952,-1.01010558530775,0.228171197869761,-4.4269635902263,9.55688563433167e-06,0.000256952141591103
"DUSP15",6.95726575879319,-2.32865273911262,0.611769618435867,-3.80642102670344,0.000140992285405096,0.00221288593983846
"DYNC1LI1",25.1236678781089,1.2013730276057,0.312577817715286,3.84343660847994,0.000121323347981494,0.00197345919876758
"DYNC2LI1",32.4359538047742,1.15086226618169,0.319537312906488,3.60165220053186,0.000316201213195727,0.00412326382007228
"DYNLL1",115.666791504797,1.14877697815026,0.280536013210155,4.09493585156813,4.22285293505864e-05,0.000879882859225001
"DYSF",59.3693729884278,2.43598699826416,0.757779694515025,3.21463746771835,0.00130609360147708,0.0120902583585683
"DZIP3",66.6082510998955,1.04125236407666,0.3205043949886,3.24879277899977,0.00115895872559227,0.0110919792893382
"E2F6",12.5887146858786,-2.32395686988671,0.410845481982274,-5.65652288221336,1.54470392975569e-08,1.35036464205682e-06
"ECI1",12.7978568901267,-1.03651669006876,0.316842072756858,-3.27139852687485,0.00107016985660873,0.0105122523014522
"ECM1",77.2682995908067,3.78241698468586,1.02253156046657,3.69907113963309,0.000216389947534311,0.00306154602081094
"EEA1",43.2488616297864,1.0673201994817,0.270717359187834,3.9425628363239,8.06155196981158e-05,0.00144003613268963
"EEF2",300.992511278086,-1.03406297450273,0.172617561092633,-5.99048537099777,2.09215695028574e-09,2.35525697540081e-07
"EFCAB10",23.8141131522432,1.2195897907235,0.380059174734728,3.20894711086699,0.00133221995717227,0.0122124064966794
"EFNA3",1.80022258688784,-1.97280318712451,0.529872677338502,-3.72316458556366,0.000196741176717376,0.00287451534385947
"EFNB1",5.88884082502287,-1.02813437004932,0.371862067726978,-2.76482722836945,0.00569529520111655,0.0346097007017755
"EGFL7",2.44161603009224,-2.93421560916269,0.595476688974007,-4.9275070938852,8.32854006694116e-07,3.68305316209285e-05
"EGR1",115.807228018374,1.84391274920347,0.546397888078402,3.37467034451438,0.000739041614986435,0.00782444058951808
"EIF2AK2",94.3041356387694,2.22027081446673,0.276507493206677,8.02969492333857,9.77153446176787e-16,5.88096043299014e-13
"EIF2S2",40.7636039158994,1.20388245570227,0.307693852555077,3.91259833664301,9.13083370406079e-05,0.00159108336081451
"EIF4A3",44.5041399465866,1.01476758779552,0.324593317253002,3.12627381359353,0.00177036631798936,0.0150718528440482
"EIF4E",10.9535570582309,1.1676773469067,0.393549210135348,2.9670427911801,0.0030067910862093,0.0222039957135456
"EIF4E3",22.473527469057,1.38968345712249,0.400159777834219,3.4728214430842,0.000515017870782093,0.00598736971916657
"EIF6",85.502056241612,-1.87680799749851,0.411987542210114,-4.55549696340415,5.22618706645952e-06,0.000162260665111029
"ELAVL4",4.04651428596403,-2.81561855478541,0.584298848538914,-4.81879873942263,1.44425150380748e-06,5.72142975483023e-05
"ELF1",72.2700517008161,1.40412198845934,0.268489026607606,5.22971834715408,1.6976848424047e-07,9.98698211050706e-06
"EMB",27.2732442838146,1.05674344759788,0.327559412645357,3.2261122923126,0.0012548411411773,0.0117579366330194
"EMC2",28.5085942048237,1.4819396318364,0.272891675615146,5.4305050840992,5.6194778408898e-08,4.03365088322219e-06
"EMD",23.524416218519,1.35540589483986,0.445027951533623,3.04566463784793,0.00232166631805897,0.0183109215244798
"EMILIN3",4.18269709561915,-2.6648610033163,0.697467660181565,-3.82076640316567,0.000133037614961207,0.0021156225598709
"EML3",40.9337751276,-1.42220982576566,0.320905261503766,-4.43186820652664,9.34201156528551e-06,0.00025291314355292
"EMP1",101.450562251472,2.57857181554667,0.83073723750835,3.10395597924639,0.00190951739798479,0.0159128287412236
"EMX1",5.08647695030675,-3.92215187396799,0.7052229998478,-5.56157679884868,2.67347979368686e-08,2.11285918240465e-06
"EMX2OS",11.4345289963697,-3.89690609654526,0.554181250349666,-7.03182594879648,2.03847996413098e-12,4.98408351230025e-10
"ENDOG",7.35573218371709,-1.69742480196931,0.498736381130406,-3.40345093358144,0.000665403633559028,0.00725591362922067
"ENTPD1_AS1",21.000659734685,4.30358158111424,1.11090571032381,3.87393956221524,0.000107089981489837,0.00180770661311001
"EPSTI1",112.452287391431,3.30939890142219,0.356185673829894,9.2912184418812,1.52532053806852e-20,3.651140799582e-17
"ERAP2",11.9359452084567,1.34117449542035,0.405151173580147,3.31030633224868,0.000931939182329986,0.00943882480588972
"ERBB2IP",100.297916356433,1.06903107988312,0.276466324558816,3.86676779383195,0.000110287347502804,0.00184377821979048
"ERGIC2",19.1034551964536,1.37463781629481,0.299055934544253,4.59659099689725,4.29459461620854e-06,0.000138846728418246
"ERMN",3.45735985019739,1.79321369754744,0.688448407347827,2.60471762067923,0.00919500070634858,0.0486912125970917
"ERO1A",37.8813803385368,1.1656227228893,0.426177806701543,2.73506199656613,0.00623685281494038,0.036982394464662
"ESAM",18.105969154715,-2.84054885595872,0.593823598701642,-4.78348934291159,1.72278029750352e-06,6.52737677853151e-05
"ESCO1",19.3506417133403,1.22370659117656,0.317191364844042,3.85794421540524,0.000114344736354147,0.00188741185070642
"ESF1",43.4883327390398,1.18363252012239,0.239731747180285,4.93732070968583,7.92031639124003e-07,3.55120661576287e-05
"ESR1",12.3980115898515,-3.68215238129246,0.476201788537218,-7.73233631188825,1.05590545186592e-14,4.34810750284155e-12
"ETFB",21.5467138598886,-1.1938775239582,0.215539733835442,-5.53901363202803,3.04179969090962e-08,2.36806375937083e-06
"ETV5",5.37530961402916,-1.94506423771825,0.40640211128499,-4.78605839809298,1.70088585302393e-06,6.48066955276512e-05
"ETV7",9.06745222942211,1.20861057214738,0.466158330319681,2.59270400964098,0.00952246854044356,0.0499690099667542
"EVI2A",9.44077738140385,2.89715665591063,0.711034400279509,4.07456608958969,4.61002204213081e-05,0.000935452667362108
"EVI2B",50.5298598541316,3.65228061197888,0.643273351596335,5.67764948278279,1.36558177232265e-08,1.22808181455775e-06
"EVPLL",4.57132017491756,-1.61387598618674,0.590183980340615,-2.73453031587763,0.00624693426205384,0.0369992533431561
"EXOC3_AS1",1.94018238929157,-1.1614131378277,0.409179135785545,-2.83839774869754,0.00453406438020642,0.0293329041122232
"EXOC3L4",4.45510034876508,-1.62641661581369,0.409855436393223,-3.9682689831477,7.2396592019207e-05,0.00132035183207057
"EXOC6",10.6560753311255,1.23019614311454,0.317600078940089,3.87341258610519,0.000107321911614655,0.00180966947515746
"EXOSC5",2.33256583354833,-2.46929172500338,0.447498006419088,-5.51799491748093,3.42889346943201e-08,2.60462742765399e-06
"EXOSC6",9.0965879151848,-1.23395758974322,0.288261025707048,-4.28069520226178,1.86310384982656e-05,0.000446460169097795
"EYA2",200.20299458673,-2.50752661308406,0.347935481988994,-7.20687237400922,5.72516161106824e-13,1.73944269870581e-10
"EZH1",30.1269128190021,1.02064159726612,0.317304969146782,3.2165950631362,0.0012972154947583,0.0120501562147049
"F5",8.80656744323433,1.8404527326723,0.671665664093601,2.74013222807206,0.00614144710907918,0.03658217143619
"FAM109A",11.2018250438879,-1.36287597444038,0.442436469969636,-3.08038795837493,0.00206731118924984,0.0167898230968832
"FAM114A2",7.33706449961884,1.03539796587423,0.32144905250675,3.22103287534964,0.00127729495329534,0.0119041759554291
"FAM131C",12.0123874937574,3.03600022028613,1.09245524927213,2.77906140531516,0.00545162185038388,0.0335062760073869
"FAM168B",31.2650640411719,-1.31089692926578,0.217382247355303,-6.03037711319254,1.63577515840307e-09,1.91019475214114e-07
"FAM171A1",69.0447838874893,1.55500065419247,0.547146535094851,2.84201864482775,0.00448288698005378,0.0291948926065433
"FAM171A2",4.78953588030684,-1.63219818962156,0.540277129389884,-3.021038835134,0.00251909048472552,0.019475656079538
"FAM173A",4.09874485199093,-1.33716615046145,0.375884401116336,-3.55738664996528,0.000374562639779259,0.00468892494981268
"FAM175A",6.50583492449993,1.07823832859659,0.388845098878319,2.77292508432518,0.00555549085927987,0.0339844882588004
"FAM184A",25.209508888305,1.31383652753522,0.368475479552012,3.56560097060616,0.000363023361179517,0.00458852145051461
"FAM195A",2.80710971618552,-1.54099195274591,0.399182834302038,-3.86036627912695,0.000113217185758769,0.00187275108113448
"FAM195B",9.63255825623674,-1.27554890249528,0.293636559528158,-4.34397169257447,1.39929554125235e-05,0.000352996399959295
"FAM198B",5.96254281320951,-1.49768687488477,0.46229189387012,-3.2396996242931,0.00119655676607448,0.0113076970846564
"FAM207A",5.52427797892251,-1.3398299228235,0.326514500417148,-4.10343161210837,4.07066817883251e-05,0.00085385811879854
"FAM53B",74.4311823366595,-1.81336297989214,0.37323400632693,-4.85851489722976,1.18269511511308e-06,4.81731532635497e-05
"FAM65B",41.9320866114148,1.73344816200634,0.487595787562779,3.55509257098155,0.000377846034442261,0.00472624680012191
"FAM71E1",2.46256310117521,-2.36601966320205,0.500831380213432,-4.72418413996694,2.31041002799137e-06,8.34949102032538e-05
"FAM81B",43.8408355047069,1.1523019710532,0.399487428538911,2.88445114597883,0.00392096590635802,0.0266414565795442
"FAM83E",18.3905720375393,-1.04341328017034,0.233308116228951,-4.47225453205584,7.7399222459559e-06,0.000217831480763881
"FAM83G",10.3205669651724,-1.16938172889366,0.326546921597337,-3.58105268049537,0.000342212638506282,0.00438978322259731
"FAM89A",4.85662459842256,-3.12221074428187,0.657967852197644,-4.74523296822715,2.08266495759156e-06,7.70438327574296e-05
"FAM8A1",21.6928589092869,1.08426604372033,0.346115450062121,3.13267160863731,0.00173223131380087,0.014828752898768
"FAS",10.1716462139294,1.94014714562665,0.408006847671198,4.75518280318217,1.98266931200229e-06,7.40054053181671e-05
"FASTK",8.62824121419651,-1.01738037182047,0.29073980983978,-3.49928127276799,0.000466514178724745,0.00558532048101363
"FBL",43.4180604008185,-1.48117373717132,0.214942838999777,-6.89101225267082,5.5396766547767e-12,1.20395639297147e-09
"FBLIM1",4.89092704727792,-1.03421973751347,0.366702334170998,-2.82032493698608,0.00479750425169508,0.030564605447187
"FBXL13",19.0533446371977,1.39942750757981,0.424944175789077,3.29320317187832,0.000990528690941512,0.00993182281418009
"FBXL19_AS1",8.02933696850972,-1.62991467134847,0.466712848397219,-3.49232869192676,0.000478828626920654,0.00569354890125714
"FBXL5",57.4124571167886,1.00134475839544,0.339171846792707,2.95232274690368,0.00315393087165416,0.0229334155574555
"FBXL6",2.64664188238609,-1.3992807609111,0.503076953315698,-2.78144477040474,0.00541175379863352,0.0333135812120446
"FBXO11",36.6559315836474,1.16096487731126,0.263108047544483,4.41250234702522,1.02182686551911e-05,0.000271931067885086
"FBXO2",11.2804541420755,-1.53868687856136,0.32729427126696,-4.7012337631364,2.58594268390742e-06,9.175698666164e-05
"FBXO31",55.2166969828215,-2.49444176037754,0.300031676464279,-8.31392801511251,9.25853247912903e-17,6.58534164697323e-14
"FBXO36",42.4903000899044,1.47594903781332,0.390629786897636,3.77838323476363,0.000157849834233704,0.00242635973093222
"FBXO39",2.75775809868562,1.87070398748349,0.68733585988391,2.72167377939432,0.00649522248548589,0.0380806449804733
"FBXO44",10.3128635117272,-1.0614631051608,0.283423975097978,-3.74514225479288,0.000180291588705203,0.00268942114400287
"FCAR",12.5740051883927,2.88729055657769,1.08318833798194,2.66554804491057,0.0076862947900572,0.0428400508157036
"FCER1G",16.2194973278162,2.02413192671072,0.618388266809955,3.27323792405133,0.00106322938375296,0.0104637820106706
"FCGR2A",28.3933864028356,2.83587146365896,0.744719403100124,3.80797311289832,0.000140110502616849,0.00220346647733512
"FCGR3A",24.1262596352381,3.37338522557762,0.703303970259116,4.79648255694445,1.61476011513154e-06,6.30118859889733e-05
"FCGR3B",61.284926236104,4.60964432466777,0.961861887434016,4.79241810585201,1.64783043007234e-06,6.33317374136626e-05
"FCHO1",12.1847449901636,-1.43581026863499,0.530667522241212,-2.70566825452406,0.00681671061700178,0.0394773825813634
"FCHO2",29.463665286282,1.18058345643647,0.348910490229187,3.38362843622438,0.000715347405650315,0.00764175064251863
"FCHSD2",32.6355221047457,1.19876656515348,0.289771956488104,4.13693091519949,3.51982025068305e-05,0.000758652166428215
"FEZF1",1.39274530680782,-1.33041508974484,0.496910545162051,-2.67737342807036,0.00742018824196485,0.0418720178904674
"FEZF1_AS1",7.88150443672958,-1.71614550576336,0.340466923016829,-5.040564559273,4.64160508104589e-07,2.29847583253817e-05
"FFAR2",58.7131040363802,4.23797621855589,0.926297319735315,4.57517918735516,4.75812566934112e-06,0.000151331606654166
"FFAR4",4.85315489891864,-3.10626667836014,0.683572603559081,-4.54416496826684,5.51534524187177e-06,0.000168234156617562
"FGB",3.14711172514344,-3.88988791272231,1.1891546736267,-3.27113705138026,0.00107115985968262,0.0105153760880261
"FGD4",36.5806789433156,1.12120824561895,0.382547619377362,2.93089850472429,0.00337983186911441,0.0241385710122785
"FGD5",2.16994935489159,-1.35265082199794,0.461184889548029,-2.93299033132582,0.00335714346567106,0.024031372804584
"FGF14",5.06269357626029,1.71545384176695,0.641402558241518,2.67453539080055,0.00748328773304826,0.0421217577146544
"FGFBP3",3.25481822683945,-1.00924110219075,0.368024842734051,-2.74231786825345,0.00610072722133549,0.0364228079204341
"FGFR1OP2",20.5649321078207,1.43539231876802,0.448399769284322,3.20114419563375,0.00136883012608861,0.0124531708215317
"FGL2",26.2014169279073,1.53072481719097,0.442427827085378,3.45982943088157,0.000540517657831999,0.00617824712180798
"FGR",14.9428924737944,2.07346507852449,0.712068419097788,2.91189023823249,0.00359248849472044,0.0251747693530611
"FHAD1",429.596674743775,1.00025713006417,0.320117258772686,3.12465855136679,0.0017801155914332,0.0151189281242651
"FHL2",9.93825627803019,-1.13592144244687,0.347315469150821,-3.27057543743783,0.00107328911684255,0.0105230752508472
"FIBCD1",7.16866327227585,-2.80704604516044,0.649267367352192,-4.32340540478414,1.53639031345945e-05,0.000381005318938407
"FILIP1",40.4241215579248,1.19252009017759,0.346301667899133,3.44358748663298,0.000574050834383304,0.00645312317272266
"FITM2",1.9286419078218,-1.313422970078,0.463167352121656,-2.83574169047436,0.00457194072821531,0.0294531611836613
"FJX1",17.8153247206896,3.44887768203383,0.73149643460412,4.71482500649554,2.41918571527405e-06,8.70239495922031e-05
"FLG",18.5068880626427,3.13820592353934,1.05467849296099,2.9755095457848,0.00292502246664243,0.0217438249681809
"FLI1",17.0930719690069,1.98473483526803,0.623073096418697,3.18539645938158,0.00144555821720718,0.0130225071864467
"FLRT1",2.22382186719692,-1.33552951152361,0.442162781744056,-3.02044759682346,0.00252401380495414,0.0194848386876775
"FLYWCH1",25.6977220799139,-1.37831588710487,0.364240787555809,-3.78407892304944,0.000154278864788322,0.00238552932431587
"FOLR1",1.49470552309103,-1.54732937011172,0.593470162504049,-2.60725722685538,0.00912707671698772,0.0484646559518959
"FOXD1",2.16978207991527,-1.92800107976025,0.602568254956144,-3.19963931704397,0.00137599666862026,0.012505674182661
"FOXD2",2.94123041920371,-1.97889429118652,0.622823618440895,-3.17729487545809,0.00148655806405055,0.0133228296599444
"FOXJ3",48.2480447686553,1.00722564437225,0.354765777769526,2.8391285391304,0.00452369302764571,0.0293269890194096
"FOXL1",3.9288542595017,-2.6323193931785,0.795763116734016,-3.30791832119854,0.000939922187418133,0.00951352030318173
"FRG1",16.2716669092474,1.33236658732142,0.291959988952612,4.56352458465696,5.03019163639886e-06,0.000157740358169077
"FRG1BP",4.75095336336667,1.22708136951396,0.458649264861343,2.67542425885045,0.00746347352779352,0.0420407161819998
"FRMD4A",13.5539816825147,-1.0057829452504,0.312325272878367,-3.22030598414653,0.00128053837832812,0.0119202049637588
"FRMPD1",7.42007226512654,-2.02545047887546,0.529383625657668,-3.8260542652017,0.000130213597470943,0.00208128945171126
"FRMPD4",17.8649585145035,3.43391652667966,0.881688262481609,3.89470595538442,9.83179241550025e-05,0.00169249601449668
"FSCN1",4.4018626556058,-1.35665758387819,0.517703440598129,-2.62053036060718,0.00877931124180189,0.0472416307811953
"FSD1L",22.6546633196858,-1.04129005505583,0.326077282829197,-3.19338423707752,0.00140615704767546,0.0127261685841675
"FSTL3",138.171929540123,4.48160820638705,0.722323720103624,6.20443172729275,5.4894897707391e-10,7.21844839769122e-08
"FTH1",1000.3767666937,1.45192482146291,0.362597150373667,4.00423671274486,6.22180413870704e-05,0.00116737159667251
"FTH1P3",8.96279644523649,-4.24686709967145,0.460258705491815,-9.22713041382544,2.77979064368421e-20,5.43727049904632e-17
"FYB",122.901104523668,2.60808892664223,0.514587811812007,5.06830684049516,4.01370009782381e-07,2.05999922601746e-05
"FYTTD1",27.8839116453352,1.33909165780048,0.328854177047949,4.07199224234039,4.66127321985894e-05,0.000942372136231947
"FZD8",3.67381857275062,-1.07156787858242,0.394588676831127,-2.71565795346181,0.00661442158130032,0.0386636043721283
"G0S2",251.854460446575,2.99700956704417,0.757603665690494,3.95590689798557,7.62448525299516e-05,0.00137451549814364
"GABPB1",4.52126637131227,1.49634411142263,0.442235138516051,3.3835938872784,0.000715437416365657,0.00764175064251863
"GABPB1_AS1",19.3804023307526,-1.52596111305304,0.294867838090935,-5.17506799972686,2.27827989768691e-07,1.30587999410274e-05
"GABRG3",8.79976355850216,2.42220424656682,0.906185268795076,2.67296802318089,0.00751834167231957,0.0422127773550257
"GADD45B",93.6571959993596,2.38925620027609,0.54470061710277,4.38636587743264,1.15260181045344e-05,0.000301100386143162
"GALNT14",27.4171662332699,-1.46287591003631,0.423704294349322,-3.45258693278724,0.000555238532582695,0.00631422424262646
"GALNT4",6.49390173456358,-1.15582463061072,0.318360249763203,-3.6305557351159,0.000282811623316984,0.0037833782832627
"GAPT",5.3285706680262,3.03009841761099,0.837350118806803,3.61867556898276,0.000296114579635716,0.00392737263861717
"GAS2L3",3.4192602414774,-1.19854546882915,0.384416175856476,-3.1178330780665,0.00182185955537815,0.0153767304868162
"GAS5",8.6876731776624,1.10506276529712,0.424297772395077,2.60445101811225,0.00920215732749278,0.0486912125970917
"GATA2",61.8705485084467,-1.53792082425211,0.558881663124671,-2.75178257889819,0.00592718583515518,0.0356959970918691
"GATA6",3.47739111071412,-1.12831028978535,0.314887768799604,-3.58321408953616,0.000339392215775878,0.00436744193458958
"GBP1",143.379501673531,3.20576814076791,0.447498360925252,7.16375392781245,7.84972545353481e-13,2.23331825267114e-10
"GBP1P1",4.67793911749303,1.82024152421129,0.597392831255572,3.04697584064675,0.00231156287863962,0.0182499172174333
"GBP2",94.7130314977811,2.38702366749158,0.469417247807293,5.085078741017,3.6747358344556e-07,1.92259885330514e-05
"GBP3",72.0504143618458,1.86737332418451,0.284150183629269,6.57178292244523,4.97163097196043e-11,8.74113274710526e-09
"GBP4",50.0883299534996,2.39946067494272,0.444141971318902,5.40246324349262,6.57319297203454e-08,4.57597010045697e-06
"GBP5",99.1016691541271,3.52501660712888,0.531532356237661,6.63180061526257,3.31616335593752e-11,6.25196677032655e-09
"GBP7",1.6904737502557,2.17871356524756,0.712105518068822,3.05953754038597,0.00221679003431335,0.0176351451229971
"GCC2",109.195968846906,1.03167165417101,0.20228549851287,5.10007717683914,3.3951501584456e-07,1.8009257518426e-05
"GDA",5.28436653427269,1.69286770604646,0.522383273207436,3.24066215913126,0.00119252423930462,0.0112825598847924
"GDI1",641.839337860533,3.293482602665,0.612728432112205,5.37510980404755,7.65360257737627e-08,5.11810141584547e-06
"GDPD3",12.1214174694682,-1.42510560283805,0.38651299711022,-3.68708326367525,0.000226839151478339,0.00318919949895152
"GGA1",46.4642982755138,-1.36101119306059,0.251997899356177,-5.40088308885827,6.63136348276625e-08,4.59148565390824e-06
"GGCX",27.1647718829332,1.3893728894764,0.530347088686524,2.61974265365983,0.00879961441659264,0.0473020839542568
"GHRL",2.82501177286982,-2.19933468146601,0.430985980009486,-5.10303068656109,3.34256776518702e-07,1.78513653206985e-05
"GID4",5.96031924418778,-1.1899573125352,0.386504846126726,-3.07876427542914,0.00207861078917936,0.0168354563297509
"GIMAP4",26.6518392142621,3.0272584972837,0.485697904217599,6.23280123508098,4.58167358292969e-10,6.18166454697794e-08
"GIMAP7",9.49665964439485,2.03960226351806,0.520728007732242,3.91682842718693,8.97215558224137e-05,0.00156692288561287
"GJB5",3.04413022006696,-1.25991723000686,0.382609970435105,-3.29295451598942,0.00099140511475903,0.00993182281418009
"GK",25.1939501974319,1.30695232828193,0.447740157509302,2.91899733888574,0.00351159221436776,0.0247408351960499
"GKAP1",13.2734069880262,2.32269851592287,0.605884197896124,3.83356840133515,0.000126297660144407,0.00203323640528773
"GLI4",1.63005466362015,-1.25697098991559,0.407168909377262,-3.08709963105494,0.00202119840607374,0.0165503467599382
"GLIS3",150.356962325485,-2.57335551403505,0.328691325481337,-7.82909469930981,4.91395416989216e-15,2.48043725324105e-12
"GLRX5",8.76613946375124,-1.09016751003493,0.270028402629311,-4.0372327481842,5.40854035465747e-05,0.00105133962074137
"GLTPD2",5.01097254240671,-1.1986395762041,0.386285929133892,-3.10298534272688,0.00191579128421679,0.015928959625624
"GLTSCR2",52.9502004874934,-1.38620746915302,0.209362541032122,-6.62108638116087,3.56568516759697e-11,6.56421664735968e-09
"GMFG",11.8237725818641,1.74698092097395,0.645493974548732,2.70642483099129,0.00680119777091053,0.0394021261455787
"GMPPA",12.0927490041731,-1.00408624640669,0.346934202558268,-2.89416909316702,0.00380163375911335,0.0261534179194266
"GNAO1",7.147840739164,-1.97201743871533,0.550501478138613,-3.58222006121259,0.000340686611565227,0.004380496382722
"GNLY",3.54412878556029,2.0440580293927,0.78097769631751,2.617306536449,0.00886267117903567,0.0475179074546091
"GOLGA4",158.254643608794,1.10491880187689,0.194750253556955,5.67351662807339,1.39895514898242e-08,1.25090572407297e-06
"GOLPH3",50.1260274016789,-1.58955141285991,0.187658343476532,-8.4704542489937,2.4443791105843e-17,2.12498024013462e-14
"GPATCH11",13.6955158457348,1.09471166735352,0.343487676140072,3.18704787215452,0.001437329828036,0.0129653143541975
"GPC1",18.7142118202014,-1.09861147558122,0.329176692743936,-3.33745219451434,0.000845502653960679,0.0087444980364684
"GPC4",9.30186618982838,1.10045767980516,0.41332718458977,2.66243721882792,0.0077577039624318,0.0431234641577736
"GPI",57.8974974257768,-1.01930274788843,0.173601631179082,-5.87150443786412,4.31858032760357e-09,4.56602330853653e-07
"GPN2",4.18499596180725,-1.0719826001696,0.308596698691677,-3.47373320814631,0.000513271108954176,0.00597149911740888
"GPR101",13.1445064879844,-2.50888801720264,0.552815420625398,-4.53838283737518,5.66872769437764e-06,0.000171459984753758
"GPR160",6.48314894864517,1.2872852251109,0.459931239515687,2.79886451389218,0.0051282650336442,0.0321760590402824
"GPR161",4.238897940584,-1.50556898764126,0.456150517798782,-3.30059690583405,0.000964793886021598,0.00974006111513934
"GPR37",1.42100200372667,-1.71244409220204,0.638301966141161,-2.68281187124423,0.00730060459762714,0.0413912538926339
"GPR55",15.2638840527455,-1.76005090987919,0.542916667953085,-3.24184357152815,0.00118759189161316,0.0112626896484622
"GPR62",1.84028713873558,-3.07584662256757,0.641515266290287,-4.79465849714594,1.62952185353646e-06,6.30356409291e-05
"GPR65",12.5336302994528,2.40956259340186,0.668362485767341,3.60517330746872,0.000311944685255352,0.00408819969420079
"GPRC5C",11.9873325420221,-1.33903537832409,0.286238571443293,-4.67803962118838,2.89630590693828e-06,0.00010049089763142
"GPS2",98.8059442992941,1.2556520666391,0.256439548177317,4.89648369591911,9.7566739068866e-07,4.09309472640648e-05
"GRID2IP",4.50568263753008,-1.03683511624141,0.372268360329144,-2.78518194596148,0.00534976948451004,0.0330229557765732
"GRIK5",3.28400200104939,-1.8219434471008,0.662940699981103,-2.74827514309008,0.00599097116049994,0.0359596151589962
"GRIN2D",11.7973803886065,-1.42568253242115,0.505425917775868,-2.82075469871999,0.00479108233119183,0.0305380270136415
"GRIN3A",3.81982904210312,-1.74707685804733,0.477050753549312,-3.66224525388312,0.000250014327759168,0.00343780685481147
"GS1_279B7.1",7.66364421249729,4.97287384758506,1.58329553136525,3.14083741731844,0.00168465524820415,0.0145643565325407
"GSDMB",47.1602120008573,1.39050807898852,0.363677788603763,3.82346165358896,0.000131591065058272,0.00209688084117296
"GSDMD",35.4311492200842,-1.04057363355307,0.346269978262051,-3.00509342096525,0.00265499289234349,0.0202265476043772
"GSTP1",198.294929280006,-1.04653875694245,0.205829250563018,-5.0844996718386,3.68596405925065e-07,1.92259885330514e-05
"GSTZ1",5.8293538318015,-1.06586311101799,0.341149443093146,-3.12432903701671,0.00178211049927785,0.0151228118723969
"GVINP1",12.8932631138185,1.93374287712855,0.452056290474905,4.27765948151515,1.88868639455906e-05,0.000451898542844957
"GZMB",5.46332265358644,3.09574947571757,0.747343809196804,4.14233641547748,3.43785566093282e-05,0.000744060378731351
"H3F3AP4",9.07391675944419,1.44124068220497,0.488859413531624,2.94817005116695,0.00319661171785464,0.0231469598153584
"HAAO",19.0878710784769,2.93978786031521,0.798203081457978,3.6830074057663,0.000230498460466925,0.00322039277623789
"HACD2",4.28066031380831,-1.15026929488709,0.321166868679678,-3.58153161817675,0.000341585788180449,0.00438845189938232
"HADHA",85.3827284004277,-1.7328438470043,0.280664886093422,-6.17406712725547,6.65552611660384e-10,8.5365305469358e-08
"HAGLR",117.610124149903,2.79549916205726,0.796685995278629,3.50890963142835,0.000449947758070553,0.0054368976975197
"HAUS3",7.57466491645859,1.20158587762329,0.385681127018078,3.11549047502904,0.00183639279370239,0.0154493948579866
"HAUS7",3.61360862785316,-1.15115406540206,0.406767213714712,-2.83000700791345,0.00465469845719124,0.029863354431377
"HBP1",37.6925584591087,1.15177580168026,0.299633697545243,3.8439461619845,0.000121071577671424,0.00197345919876758
"HCAR2",34.3395790271388,2.06512180187237,0.661502019379084,3.12186772129704,0.00179707664121169,0.0152196023634124
"HCAR3",36.6007743655008,3.66884664435437,0.871738289954108,4.20865606872392,2.56894063070306e-05,0.000579233184283018
"HCCAT5",3.01180725813331,-3.81727033053278,0.734443884776768,-5.19749760281962,2.01989144217108e-07,1.17499112591424e-05
"HDAC6",84.625145746703,1.72831764330384,0.467347722597185,3.69814071993136,0.000217184482701518,0.00306767955920544
"HDAC9",23.8989616672785,1.29455420296735,0.373929305687291,3.46202927472595,0.000536118836942309,0.00615180408977321
"HDHD3",5.98064257114987,-1.02416930194692,0.25402974261035,-4.03169050766574,5.53770813672762e-05,0.00106980317189523
"HELB",8.84894131018426,2.15075377673272,0.587881978850621,3.65847883437029,0.000253716689507841,0.00347954317039325
"HELZ2",131.364248565269,1.26579924841066,0.431076352586795,2.93636902329455,0.00332079020921812,0.0238256419962609
"HERC5",32.2379418228142,3.85286348096515,0.583709420993377,6.60065324011426,4.09350011809338e-11,7.36265400550865e-09
"HERC6",64.3360016426908,1.99555058990299,0.369249030045806,5.40434890148647,6.50442268308407e-08,4.56417964775334e-06
"HIAT1",17.4087471753394,1.02864399604391,0.302754858261397,3.39761350800779,0.000679763813661936,0.00737652160622883
"HIF1A",40.4901731896172,1.45410210790616,0.381716672283561,3.80937541765523,0.000139318283813577,0.00219321177576947
"HIST1H2BC",32.8035457592611,1.50883602958265,0.337737621149396,4.46747988704294,7.91464499502854e-06,0.000220771752087662
"HIST1H2BK",12.6318939063278,1.11702109915972,0.421390502982502,2.65079799201384,0.00803018542471066,0.0441436845796276
"HIST1H4F",12.5847373450312,1.05518406691162,0.379537183879166,2.78018626825128,0.0054327726378502,0.0334166769799842
"HIST2H2BE",19.2107736879083,1.16389782815414,0.320370902651559,3.63296984376893,0.000280177773622289,0.00375683102111532
"HIST2H2BF",13.7092754956455,1.63373331714121,0.454854194921584,3.59177366149798,0.000328435044054902,0.00425443010709529
"HIVEP2",76.0128911796034,1.24650393294959,0.325178083979538,3.83329625937528,0.000126437526322446,0.0020333961067766
"HLA_A",773.046383229033,1.37432047169972,0.233346311611286,5.88961729118351,3.87090992458996e-09,4.20638878472109e-07
"HLA_B",1042.7455942221,1.00488977967389,0.243284030636517,4.13052092669109,3.61942144320504e-05,0.000775845297853047
"HMGB1",29.6313098921205,1.56978251644515,0.415182902013835,3.78094210727599,0.000156236005688727,0.00240628052856023
"HMGN5",68.6876443155728,1.18501968063225,0.373682896535509,3.17119057794405,0.00151815507756281,0.0135569038979197
"HMX3",4.97552320529407,-2.47854599528048,0.646368653985963,-3.83457022551453,0.000125784032515386,0.00202705308012437
"HNF4G",3.35834077338268,1.3410783911753,0.514619526881447,2.60596095002871,0.00916169060669046,0.0485808656772255
"HNRNPAB",61.1756014318519,-1.00011516744384,0.170800713093469,-5.85545077260031,4.75717920611706e-09,4.83378832579999e-07
"HOMER3",7.22243364511745,-1.39635227523469,0.376695302380814,-3.70684812475592,0.000209854703501933,0.0030099050416116
"HOXA3",2.8746286414048,-2.07127323156059,0.654583948060083,-3.16425912627249,0.00155478300193483,0.0138018672907589
"HOXC11",4.76869360056421,-2.44264411761669,0.634946927623129,-3.84700517689017,0.000119570443888466,0.00195510794771862
"HP",3.18275735082002,-1.85620601024608,0.531479328531327,-3.49252719833048,0.000478472866037401,0.00569354890125714
"HPS5",26.8109541282032,-1.63808060846413,0.249358362332864,-6.56918257378305,5.05922215274698e-11,8.79630091624276e-09
"HPS6",8.02113917870155,-1.01554847952819,0.335360845883198,-3.0282261390821,0.00245993929211553,0.0191508109666785
"HRASLS2",13.5674323286054,2.09370380995076,0.513326736466512,4.07869620110338,4.5288972288644e-05,0.00092442345810107
"HS1BP3",879.628653248779,5.03859417093734,0.695906069642627,7.24033657807417,4.47572601041511e-13,1.40072321221951e-10
"HSH2D",30.0427220652087,1.37288005163458,0.391571743470521,3.50607538599867,0.000454766397438438,0.00548242264030561
"HSP90AA1",1675.7357650665,1.5974108788118,0.252213681655638,6.33356155909431,2.39565660344029e-10,3.50347986267604e-08
"HSP90AB4P",9.31332036283731,1.10226173197659,0.368238809079052,2.99333395828998,0.00275947615220971,0.0208399048406262
"HSP90B1",343.498545862257,1.20156595384851,0.207119481320832,5.8013178972154,6.57957257432505e-09,6.59981741301528e-07
"HSPB1",128.332593912853,-1.08119709875108,0.279774593683215,-3.86452924304952,0.000111303655335221,0.00185482385376521
"HSPH1",150.594910688161,1.12404424127059,0.265474537874926,4.23409435145212,2.2947459216123e-05,0.000527172550744211
"HTRA2",3.48333568291585,-1.16779808240689,0.443187611640681,-2.63499712477003,0.00841379958627812,0.0456991100055814
"ICAM1",68.260383119312,2.54752184347833,0.602850255376662,4.22579541230622,2.38098241356723e-05,0.000543906756313868
"ID1",17.9780937892347,-1.1115971191468,0.308625818368978,-3.6017632128814,0.000316066188703959,0.00412326382007228
"IFI16",131.538794545241,1.43190121143005,0.254739387889057,5.62104362146644,1.89807334890724e-08,1.5882915381658e-06
"IFI27",172.522226030544,2.35982256715888,0.300459961654519,7.8540333765745,4.02867001821175e-15,2.10135428149925e-12
"IFI27L1",2.75223057886561,-1.02931977950568,0.346695290582711,-2.96894652873895,0.00298822590135125,0.0221295593489561
"IFI30",80.3969017279417,1.21248177568934,0.378948300633895,3.19959681481915,0.00137619957454897,0.012505674182661
"IFI44",68.3720340521568,2.96275948932835,0.327231659420007,9.05401236108881,1.37809217576381e-19,2.1564386366352e-16
"IFI44L",139.346220722124,3.20703684221784,0.410194697906737,7.81832836597756,5.35294070162701e-15,2.61758800309561e-12
"IFI6",215.813302041493,4.17997310507452,0.38078277552921,10.9773166584681,4.91300895429312e-28,3.84393820583893e-24
"IFIH1",63.7777045842418,2.81217349453694,0.393826371591532,7.1406429264053,9.28953818270011e-13,2.5502226926823e-10
"IFIT1",135.025059564902,5.35399892581439,0.501696061509278,10.6717978006598,1.37931451205117e-26,7.19450449485889e-23
"IFIT2",273.225792770116,5.50677110612795,0.616285352743609,8.935424282944,4.05618691831996e-19,5.77011026344279e-16
"IFIT3",272.909648191273,4.5309105908169,0.513009080205432,8.83202805884551,1.0279464939137e-18,1.14895048119726e-15
"IFIT5",18.0967399486977,2.42184456773902,0.421142988158916,5.75064677753855,8.89026825004844e-09,8.5873405911579e-07
"IFITM1",114.514739938221,3.80631187464496,0.409989020862257,9.28393610794705,1.63330685052876e-20,3.651140799582e-17
"IFITM2",103.902892770075,2.52578003204977,0.620551808801524,4.07021621116185,4.69695258614615e-05,0.000944703265655719
"IFITM3",117.987330676994,2.19293091956685,0.425393824677054,5.15506054003405,2.53549000001e-07,1.43232301516811e-05
"IFRD1",32.3523748957131,1.45348547383018,0.502144102395754,2.89455848808246,0.00379692166766766,0.0261506295139364
"IFT74",34.3247038141641,1.17565671183492,0.296692063210527,3.96254857347059,7.41539139810401e-05,0.00134456598606641
"IFT80",31.5218103057558,1.12864320930346,0.351384409756168,3.21198999718468,0.00131818964898203,0.0121427253980713
"IGF2_AS",7.91524330418197,5.46113957269809,1.08562308978518,5.03041951123083,4.89407811210037e-07,2.38574873202949e-05
"IGSF1",6.41731655476245,-2.89793642602085,0.713064262736312,-4.06406067091388,4.8226281415904e-05,0.000963786528219752
"IKZF3",27.1819866699226,1.66236969956331,0.466626627535346,3.56252644291584,0.000367302897962361,0.0046232520379119
"IL10RA",12.5101073296359,1.52324753585867,0.511828848359037,2.9760876917007,0.0029195136692868,0.021714659283508
"IL12RB2",519.265853265759,2.34040593274999,0.77110436964386,3.0351350931015,0.00240427967968972,0.0188582297883633
"IL17RE",5.58098835105723,-1.24204785199328,0.417120779200599,-2.97766957180515,0.00290448926801095,0.0216346031784916
"IL18R1",9.64143979749124,2.60523893081633,0.67846356403591,3.83990986239379,0.000123079491267575,0.00199167309137022
"IL18RAP",11.2910813083513,2.5357268344368,0.791053961562915,3.2055042483156,0.00134826056498348,0.0123089739328247
"IL1B",37.8275319261899,3.31688015772008,0.814818390786586,4.07069869215658,4.68723430678537e-05,0.000944228251426633
"IL1R2",10.1859218975234,2.7421221218386,0.961287222233498,2.85255234691192,0.00433696687072091,0.0285266320273395
"IL1RN",105.035418048581,2.53934695681262,0.649456904608606,3.90995451552395,9.23135020476895e-05,0.001603242708149
"IL20RA",44.4223875321855,1.69074206039156,0.569532340560365,2.96864978506407,0.00299111283854743,0.0221328502966128
"IL21R",5.11169078786325,-1.42800592897191,0.464028103054082,-3.07741259542954,0.0020880606368913,0.0168945050910419
"IL2RG",13.3644377849941,2.19076988499062,0.59623361654027,3.67434814847051,0.000238457409370201,0.00331488093828111
"IL32",11.8181706502374,-1.58199009949712,0.394675220749244,-4.00833398279704,6.11486023774685e-05,0.00115283533735256
"IL7R",8.58553386373774,2.23794190148984,0.609607082423307,3.67112188492559,0.000241488137088496,0.00334791957681185
"ILDR2",12.0479092757539,3.73711539367201,1.14961513491768,3.25075347406556,0.00115099615563552,0.0110484293171846
"INAFM1",6.41356595001957,-1.09216669012862,0.35172734285271,-3.10515151102704,0.00190181579448667,0.0158802633682644
"INHBB",30.0001990864271,-1.7084473475263,0.447416223234548,-3.81847429486409,0.000134279572935228,0.00212888222623145
"INPP5A",7.97872470760703,-1.53950266199362,0.499724838962794,-3.08070070158798,0.00206514121685611,0.0167884991056215
"INPP5J",6.27468047375371,-1.782056083514,0.541716727694121,-3.28964566241018,0.00100313619853599,0.0100172783884436
"INSIG1",24.6837555530878,-1.17849826922487,0.390312382780316,-3.01937197285432,0.00253299324651224,0.0195445159375856
"INTS6",27.2227243637259,1.0959313735819,0.337721096893993,3.24507821294297,0.00117418368607394,0.0111601824951599
"IPPK",11.7451987816242,-1.38774368160541,0.334802954482777,-4.14495649761897,3.39878228049166e-05,0.00073800003944939
"IQUB",48.8752879504954,1.37044215315648,0.350321665339832,3.91195375206691,9.15524468815089e-05,0.00159356250144811
"IRAK1",76.509522554194,-2.93611261722831,0.34777112712702,-8.44265779475111,3.10202246510563e-17,2.55476039652489e-14
"IRF1",146.561793896449,1.58000660695437,0.348076274981649,4.53925395242084,5.64536121738953e-06,0.000171309428314062
"IRF7",53.3212659461198,1.99809300961261,0.524841000340699,3.8070444350109,0.000140637483792319,0.00220953348030342
"IRF8",17.0929515634376,1.82160587393393,0.557473807327077,3.26760800237055,0.00108460474858597,0.010600808935586
"IRF9",63.2238598384085,1.238314222059,0.201060332639388,6.15891859822984,7.32433603499705e-10,9.24283953835757e-08
"IRS2",60.7671982779672,-1.35635469578216,0.336705838644656,-4.02830762080603,5.61798043602063e-05,0.00107997736932249
"ISG15",134.099300341688,5.45200315363752,0.595518043811059,9.15505954907269,5.43278378083299e-20,9.44580006694163e-17
"ISG20",55.2090256980362,1.82481805742987,0.441233828831733,4.13571657064802,3.53848716215231e-05,0.000761626507749096
"ISOC1",5.40752104443963,-1.52989770604102,0.304065403004647,-5.03147576450072,4.86718644793168e-07,2.38005417303859e-05
"ISX",39.6274428817379,4.17790199142398,0.844751214674803,4.94571883277174,7.58633925672532e-07,3.44089961418081e-05
"ITGAX",73.5197621024036,2.10271283951794,0.66495027189764,3.16221066203522,0.00156576248508476,0.0138519136685243
"ITPR2",30.3771897969179,1.34753314670215,0.359978068014338,3.74337568434441,0.000181564450912175,0.00270325454602637
"JAK2",44.5424431891152,1.03093651683142,0.226524625682846,4.55110129295533,5.33658469839613e-06,0.000164778504621049
"JAKMIP1",7.46827603194358,-1.57065613763849,0.548862413382971,-2.86165731035869,0.00421432305267668,0.0280421240156933
"JARID2_AS1",45.8514819795874,3.53139855582486,0.844390325011845,4.18218737380171,2.88717867537343e-05,0.000641741078298913
"JMJD1C",86.8890446306016,1.57257084983982,0.320423951742389,4.90778183493634,9.21122344619747e-07,3.94896505441364e-05
"JMJD8",16.5489367938819,-1.5043188409996,0.325698506775695,-4.61874650851749,3.86065145406768e-06,0.000127182050427897
"JPH3",4.96923046987739,-1.28084218956649,0.484419368306462,-2.64407716405793,0.00819139798191632,0.0447743983764599
"JRK",21.5433537858788,-1.12821170472655,0.268363874908906,-4.20403716822732,2.6219585365717e-05,0.000589488608911983
"JUN",171.847935406917,1.71123850611108,0.391753789551634,4.36814793309239,1.25304610464568e-05,0.000323025789876369
"KALRN",32.3869345846963,-1.50872774308956,0.280085718342246,-5.38666431126628,7.17773114410838e-08,4.88335378013078e-06
"KBTBD6",9.45585627935176,-2.86479729135147,0.47504038973631,-6.0306394008764,1.63312227713854e-09,1.91019475214114e-07
"KCNB2",40.5398397935732,-2.77464085354687,0.516731691410713,-5.3695968326849,7.89128569101619e-08,5.25458887204346e-06
"KCNG2",53.0982335933015,-1.6934373377776,0.537634925883124,-3.14979041771875,0.00163387626646134,0.0142354653772756
"KCNJ2",13.0979560338076,1.76103526341446,0.525717580949971,3.34977434125805,0.00080877420334397,0.00842589795867273
"KCNJ5",4.37773825250169,-1.94309678819743,0.565356387521218,-3.43694142506616,0.000588322819578407,0.0065710745758479
"KCNK5",15.4397656976511,-1.02141880636487,0.342161964296366,-2.98519097078879,0.00283401332300833,0.0212795779646998
"KCNS3",7.14253828754705,-1.25147565466772,0.359294219877873,-3.48314997968268,0.00049555065999842,0.00582597800725415
"KCTD1",60.1847131778876,-1.56894827904519,0.253636272269919,-6.18581981592727,6.17805436691819e-10,8.05618289446131e-08
"KCTD12",94.0304924152422,1.45225982534646,0.455809237908849,3.18611319070475,0.00144198168745507,0.0129977704177978
"KCTD15",2.72423535529523,-1.63017553676702,0.528010886732955,-3.0873900098039,0.00201922481554261,0.0165503467599382
"KDF1",3.18199996972958,-1.00937999582802,0.261913566384976,-3.85386679185748,0.000116266868787499,0.0019090702652537
"KIAA0020",23.6867755815198,1.20453091642809,0.258473222013352,4.66017681462516,3.15937866991473e-06,0.000108179337914279
"KIAA0922",14.0064904114044,1.3381147251516,0.394890813082971,3.38856889251167,0.000702583769778082,0.00755092654529824
"KIAA1033",34.2975219210122,1.33076045750229,0.265613524867257,5.01013816283396,5.43909726426824e-07,2.62688253059474e-05
"KIAA1143",6.98242590939952,1.21403300878793,0.460114196759682,2.63854716359039,0.00832621176859747,0.0453335287943679
"KIAA1407",106.840617119844,1.1243118991423,0.303835165712346,3.70040082920072,0.000215259190680039,0.00305106505050838
"KIAA1551",84.0755603857803,1.79070245127274,0.367095446377118,4.87802959406135,1.07150851127107e-06,4.42400136790757e-05
"KIAA1644",2.82394323074305,-2.39068843490238,0.69159459200979,-3.4567772254479,0.000546676579128986,0.00623952962086826
"KIAA1683",15.0105372931831,1.2482809422453,0.434258951979922,2.87450825493406,0.00404657191797948,0.0272215372996501
"KIAA1804",3.47772200584477,-1.56274478549279,0.441950637481747,-3.53601658863391,0.000406209185196899,0.00498538143526359
"KIF20B",8.99198574583843,1.51972584191292,0.409161080741959,3.71424828372509,0.000203808620925184,0.00294432276631207
"KIF26B",6.63426470928918,-1.15662196873906,0.427957777904722,-2.70265439362237,0.00687882291660331,0.0397229068863399
"KISS1R",2.03765263229716,-2.68827766986327,0.739942262104685,-3.63309113094413,0.000280046054768553,0.00375683102111532
"KITLG",10.27838999982,1.13469033109962,0.376762584006141,3.01168528741466,0.00259801793756274,0.0199185618260567
"KLF13",35.8840218709975,-1.60594720374187,0.298047091679133,-5.38823309663687,7.11537313194612e-08,4.86206806850187e-06
"KLF17",22.2630742885116,6.98758358195194,1.99392428159824,3.50443777952843,0.000457572478972867,0.00550657131417408
"KLHDC8B",6.82627605426536,-1.25535210187714,0.341319088890462,-3.67794284801931,0.000235122624352514,0.00327330856393963
"KLHL17",4.10220967481868,-1.31005548198417,0.495472947186823,-2.64405047626184,0.00819204387473189,0.0447743983764599
"KLHL29",14.2770308145109,-1.99499016134992,0.373399230765705,-5.34278058703796,9.15315313024864e-08,6.01800589000549e-06
"KLHL31",6.92777864589274,-1.81070691580575,0.480003270991987,-3.77228036813936,0.000161762339833321,0.00246907386761344
"KMT2E",148.699069490422,1.12582119786839,0.21916699496856,5.13681906360898,2.79427749749521e-07,1.54504785444541e-05
"KPNA3",43.9522378129016,1.04442854757677,0.23553367094512,4.43430675277051,9.23690301948118e-06,0.000250935865362572
"KPNA5",8.88067398606525,1.1140877625153,0.342289362757149,3.25481269280848,0.0011346717357824,0.0109736361690501
"KRT13",245.295263315956,2.24251303363918,0.79237966385175,2.8300991758652,0.00465335771829968,0.029863354431377
"KRT24",19.4767416632347,-1.80397568259971,0.678514014938884,-2.6587154323735,0.00784391843210147,0.043417628449071
"KRT5",84.510166548776,-2.0901807275053,0.462654026858511,-4.51780511173314,6.24839537544337e-06,0.000183099046507374
"KRT74",2.45371940690039,-2.95488753087395,0.761226499826236,-3.8817454877733,0.000103709387693629,0.0017697322776771
"KRT75",2.40235651667621,-2.74859411111028,0.857283037730333,-3.2061687799017,0.00134515064389893,0.0122877508906774
"KRT78",85.5117995999834,2.96660426984101,0.960459411451263,3.08873465601055,0.00201010881638912,0.0165113820256467
"KTN1",186.158751197408,1.08313461851075,0.21470932546802,5.04465568111563,4.54338780339304e-07,2.26416981998389e-05
"L3MBTL1",300.494235277266,3.02809565439408,0.717520752960904,4.22022030986339,2.4406368731583e-05,0.000555102991150888
"LACTB2",4.17827378120727,1.23049513385926,0.437139674176607,2.81487864531403,0.00487956563346463,0.0309256553391877
"LAD1",20.9488277193093,-1.14604738158951,0.306614576910748,-3.73774591259279,0.000185677449885105,0.00275069332828302
"LAG3",12.9543289640123,2.10957662209619,0.561652270712334,3.75601903900548,0.000172637565866953,0.00259503614859374
"LAMC3",5.09739761419315,-2.01661958538254,0.77765908491675,-2.59319234417279,0.00950895733644377,0.0499315987921718
"LAMP3",29.3989107990458,2.08116697076229,0.405382821777712,5.13383118119269,2.83902772792879e-07,1.55332538065139e-05
"LAMTOR4",12.9282342588036,-1.2445711116222,0.26395517245958,-4.71508514125738,2.41609697563661e-06,8.70239495922031e-05
"LAMTOR5",25.7069584083224,-1.19784236103456,0.265870373761465,-4.50536230903728,6.62597921174711e-06,0.000192719930679217
"LAP3",107.87558871898,1.79749154568565,0.29227342127619,6.15003423108756,7.7466225884317e-10,9.69753202110234e-08
"LAPTM5",64.4315072529166,1.33824850454792,0.507675826197245,2.63602959899054,0.00838824141891245,0.045591942244926
"LARP6",16.170949865188,-2.07028821775738,0.353160617692782,-5.86217181089639,4.56851948346722e-09,4.73431740909239e-07
"LARP7",63.1207251029198,1.38285049125139,0.210813747851734,6.55958401832481,5.39580853726532e-11,9.27841890012392e-09
"LAT",6.07056493529885,-1.11478600509381,0.40519351313321,-2.75124346506336,0.00593695004375827,0.0357155074795947
"LCA5",45.873558209861,1.28163248530001,0.294458062528787,4.35251279687652,1.34586013622622e-05,0.000342767325815157
"LCA5L",13.5913823790437,1.11923079478047,0.372263582223999,3.00655462480078,0.00264226575829275,0.0201782405413886
"LCP1",98.8239517148247,1.35775170085162,0.509360351458692,2.66560146851504,0.00768507361087378,0.0428400508157036
"LCP2",90.2734680815569,2.69600719138583,0.562391939145617,4.79382260613763,1.63632980706089e-06,6.30672138445536e-05
"LEO1",17.5648798433623,1.07356228504288,0.261466921043574,4.10592009405263,4.02708683627647e-05,0.000846987295887825
"LETM1",86.6928316382844,-2.85155560103184,0.257242279893629,-11.0850969063521,1.48189870648439e-28,2.31887509590677e-24
"LILRA6",5.63245296552654,2.7754204890494,0.954278931083242,2.9083954372742,0.00363288642216859,0.0253664090384983
"LILRB1",3.93025992478396,2.24068538461134,0.70425679063722,3.18163120952507,0.00146448169528099,0.0131626706305324
"LILRB3",19.0984393694376,2.3409137764201,0.758668918388018,3.08555381627332,0.00203173452856819,0.0166018704454491
"LIMD2",32.827384269816,1.66586539356585,0.566377551791455,2.94126309967037,0.00326876766345555,0.0235459153073553
"LIME1",3.6987744745961,-1.34368759880626,0.303218477110328,-4.43141727909065,9.36157264405803e-06,0.000253004989178273
"LIN7B",1.71632034839076,-1.32145543458443,0.398963838699028,-3.31221856821293,0.000925592011616724,0.00938669073089987
"LINC_PINT",35.1631728400822,1.06204560341603,0.246760970631077,4.30394482847066,1.67783463096487e-05,0.000409590581986556
"LINC00116",3.41161155158859,-1.74822210097958,0.375050685531901,-4.66129557529068,3.14225073295899e-06,0.000107828814625751
"LINC00273",6.38604012330594,-3.05268557754178,0.552349880515127,-5.5267244281737,3.2626482062315e-08,2.50264309466228e-06
"LINC00324",59.9234364328818,-5.23429226570308,0.749354359581286,-6.98506947851457,2.84715045471109e-12,6.45684207468393e-10
"LINC00467",14.5691825667607,1.21341270646624,0.346452792190367,3.50238974491942,0.000461104578665732,0.00553750149421441
"LINC00479",18.398382020958,2.54861708690764,0.695249259800468,3.66576023056691,0.000246604897605463,0.0034058900597796
"LINC00482",3.06675463681758,-2.73601958906807,0.628368610776668,-4.35416337185641,1.33576065951639e-05,0.000341535666668505
"LINC00548",3.28153872305099,-1.5457063692238,0.575154270583277,-2.6874639523345,0.00719968729564063,0.0409526378779297
"LINC00685",2.7228272940426,-1.31537515606691,0.482434233520811,-2.7265377634321,0.00640026284240217,0.0376508695330486
"LINC01003",3.39711629635379,-1.60474676376975,0.512530377810624,-3.13102760976774,0.0017419578276196,0.0148951672604325
"LINC01004",69.8642211936225,-1.48906246404908,0.418548260270297,-3.55768403645364,0.000374138964330693,0.00468892494981268
"LINC01011",414.824829649171,-3.45164401156833,0.535847537352079,-6.44146659444367,1.18324494704376e-10,1.92868926368134e-08
"LINC01039",27.8538854928281,-2.77603653072471,0.586855674411402,-4.73035646031537,2.24125950074969e-06,8.17511157755971e-05
"LINC01267",3.10141444069533,-1.80249122519292,0.484899348752509,-3.71724818734064,0.000201404567082285,0.00291629803603741
"LINC01272",5.27718745694178,2.66021131471705,1.00158782048839,2.65599407291105,0.00790750041954235,0.0437386237416044
"LINC01342",60.9375477884337,2.47860889237025,0.708531474330885,3.49823399830047,0.000468350020277292,0.00560301308662007
"LINC01410",1.56979221362647,1.87851501735572,0.712710978301742,2.63573183877688,0.00839560512682024,0.0456161211890567
"LINC01586",10.5454318822773,-2.93329445066164,0.654121752941343,-4.48432487907902,7.31451483713896e-06,0.000209629172475367
"LIPE",77.3075340087758,-1.7841846533887,0.65233737996332,-2.73506425998311,0.00623680992855677,0.036982394464662
"LMF2",12.8840740146243,-1.10179875678967,0.284020421573942,-3.87929413907595,0.000104760016446168,0.00177989656606909
"LMNA",108.292303793169,-1.04655257471709,0.1869321231049,-5.59856999072228,2.16127144514868e-08,1.76143622779618e-06
"LMNB1",45.7921076323478,1.89191878351277,0.496550157876458,3.81012623498848,0.000138895852883106,0.00218876365147518
"LMNB2",43.8822285815676,-1.18154259603589,0.201216402749443,-5.87199939911045,4.30570305788044e-09,4.56602330853653e-07
"LMNTD2",13.5963909247485,-1.05679194384861,0.300811123903392,-3.51314117023149,0.000442842121125977,0.00535517272904118
"LOC100128361",1.66840647629416,-2.36775899061473,0.403405626181999,-5.86942480952534,4.37309621983432e-09,4.59263151999781e-07
"LOC100129203",2.00852052929582,-1.29437799475581,0.484115248915268,-2.67369804536431,0.00750199655938293,0.0421787364489155
"LOC100130705",2.32262321738683,-1.68786434497066,0.557414139356486,-3.02802570978776,0.00246157144003899,0.0191539880127947
"LOC100287042",2.93953328491149,-2.89448260604288,0.619531005973673,-4.67205447045192,2.98201847087831e-06,0.000102781112405955
"LOC100419583",21.1948699732042,1.40400907471484,0.363862672573228,3.8586235427386,0.000114027422918767,0.00188416168303365
"LOC100506472",1.8470677117893,-1.64719433048014,0.543729767151001,-3.02943563143692,0.00245011108145747,0.0191123321050082
"LOC100506526",2.845735529407,-2.18106430587201,0.589236369428566,-3.70150998653933,0.000214320219334079,0.00304820085804905
"LOC100507250",5.56538274688163,2.35225625971127,0.867913514491419,2.7102426917383,0.00672339927141911,0.0391040500057049
"LOC101926933",1.61657350937783,-3.50644758942602,0.66155918487364,-5.30027799416882,1.15626487314546e-07,7.22702383065539e-06
"LOC101927027",4.40227542065948,1.29626572070855,0.47972360345735,2.70210953008444,0.00689010606099817,0.0397553022280602
"LOC101927070",1.85349683511084,2.23317385988277,0.8157841404972,2.73745682101849,0.00619162475763713,0.0367970164099908
"LOC101927248",3.16748222829466,-1.35315540951436,0.46959829999,-2.88151684012309,0.00395766085538596,0.0267629546521519
"LOC101927697",20.4037863921358,6.43376617997128,2.23012039741178,2.8849411840895,0.00391486793651432,0.0266231436204155
"LOC101927766",12.0003664274139,5.54087961489696,1.97602461687677,2.80405394121793,0.00504644615084916,0.0318542917985025
"LOC101928540",18.7774827664482,2.86459811507615,0.853152495190855,3.35766247092241,0.000786045332145096,0.00821645782057879
"LOC101928865",11.1411214561053,3.43309401752231,0.871593417217386,3.93887098009834,8.18659361733344e-05,0.00145242422816365
"LOC101929762",2.02381393177942,-2.1666617554186,0.573888702485001,-3.7754040914845,0.000159748481617602,0.00245072964740415
"LOC102723704",2.58490360591128,2.65429147155279,0.955717212831548,2.77727703960547,0.00548164340799594,0.0336247573690006
"LOC102724084",3.25188164642016,-2.04869213215847,0.772974865427369,-2.65039941631966,0.0080396662310536,0.0441574928689108
"LOC102724312",1.17180134895261,-1.48466932366171,0.544278494935297,-2.72777509579577,0.00637630655087094,0.0375413676606464
"LOC145783",3.78390231037058,-1.51452537188216,0.378201951132937,-4.00454140266931,6.2137907987542e-05,0.00116726768810211
"LOC283214",3.61692316051016,-4.64700711303555,0.742872163913184,-6.25546000883488,3.96345899026035e-10,5.48851383005257e-08
"LOC283788",12.9883903990512,1.55119409167389,0.360933526273865,4.29772791596228,1.72557794045966e-05,0.000418633234299423
"LOC344887",31.5801565473659,2.6318773331583,0.668299246858507,3.93817192751607,8.21047572325188e-05,0.00145336565743716
"LOC400548",2.26245181541137,-2.41680516957255,0.799095033830554,-3.024427717924,0.00249103988825999,0.0193352143707799
"LOC401010",6.32617359199492,-3.39155254712406,0.647870412700134,-5.23492426979195,1.65052522830478e-07,9.82031132034723e-06
"LOC643802",4.66212674421173,2.40808373448721,0.86322314091115,2.78964223774797,0.00527663129637655,0.0327731344604718
"LOC646903",50.3749257522971,-2.00437272185849,0.515872902350819,-3.88540028507917,0.000102161419517596,0.00174980129016485
"LOC653160",1.5125892580612,-2.56723438357197,0.576034846024289,-4.4567345209941,8.32175540512284e-06,0.000229440649802362
"LOC729867",1.86002839418744,-1.46447559267829,0.450483858467842,-3.25089471054341,0.00115042453764009,0.0110484293171846
"LOC730668",13.0599387777042,2.89819357789723,0.872671933210358,3.32105739580216,0.000896770934360044,0.00916569012466752
"LONP1",59.1770756544164,-1.50584855056531,0.212242241634687,-7.09495215922753,1.29396239505538e-12,3.31933173079124e-10
"LOXHD1",23.758126531266,-1.79156944258615,0.493972456664161,-3.6268610089817,0.000286887618999567,0.00382674718119395
"LPAR1",12.4889269988608,-1.83744173305357,0.360043820315588,-5.10338361436951,3.33633729957973e-07,1.78513653206985e-05
"LPAR6",6.54464547387501,1.45766588017528,0.503013977629478,2.8978635684136,0.00375713989207003,0.0259795514940839
"LPIN1",33.0378432099784,1.67674704813284,0.493017820561054,3.40098669501379,0.000671430956974301,0.00731144858367005
"LRIF1",8.36229770897867,1.07751363130456,0.344783061542559,3.12519306048206,0.00177688399298777,0.0151030313537603
"LRP3",2.8806174294187,-1.50236055555237,0.481043592494816,-3.12312767281805,0.00178940107690652,0.0151764488083649
"LRR1",2.14197461677167,-1.23391150800157,0.375659406041854,-3.28465489791062,0.00102107354124586,0.0101446087450255
"LRRC26",2.85320399394414,-1.45508860352915,0.407770188947125,-3.56840358361222,0.000359162974559191,0.00455813643625484
"LRRC59",79.9123062688484,-1.09645189818427,0.226312864056329,-4.84485008289833,1.26707316507056e-06,5.09695652622728e-05
"LRRC75A",5.44438339173834,-2.17028009775985,0.485461556845791,-4.47054986570079,7.80187500218986e-06,0.000219180861820946
"LRRC8D",32.3912913797824,-2.57245268760756,0.29064390156114,-8.85087446800057,8.68361874364206e-19,1.04524050846547e-15
"LRRIQ1",165.114378765678,1.34225543832521,0.37261179439103,3.6022891881855,0.000315427177523545,0.0041200371234461
"LRRK2",40.3884730129723,2.16709277425036,0.615848220715619,3.5188747833552,0.00043338120388677,0.0052610931562608
"LSM3",14.5661891775265,1.12073291721453,0.37169229244806,3.01521699530841,0.00256795461792741,0.0197267323816044
"LSM5",13.2863515980242,1.05286080912302,0.404930914142485,2.60009985000193,0.00931966388050169,0.0492017882598146
"LTB4R",14.8610070196971,-1.21270256776781,0.3546885067558,-3.41906361404245,0.000628370341479839,0.0069587679430124
"LTBP4",17.4939453737088,-1.11493126042193,0.334187264351656,-3.33624700685397,0.000849176787012073,0.00877090321000985
"LUZP1",79.1819238595629,1.23978260613172,0.459194367158118,2.69990813215881,0.00693586254113126,0.0399898220499712
"LY6D",12.0920065407024,-1.77266006672084,0.571141709461588,-3.10371320699361,0.00191108482879184,0.0159128287412236
"LY6H",2.71406451028317,-1.14565463349812,0.425092350274686,-2.69507233606491,0.00703733516312193,0.0403814523771661
"LY9",3.83938685633475,2.51432545801101,0.723503143398191,3.47521013689253,0.000510453318668267,0.00595259017212043
"LY96",3.72479252983999,3.38410388924857,0.929851169089293,3.63940381186271,0.000273269987815562,0.00367997312335449
"LYN",106.690086942019,1.05252358250442,0.318921853693935,3.30025543973701,0.00096596863046845,0.00974563322344958
"LYRM5",6.45369460186072,1.34496401664102,0.463156764232511,2.90390666941836,0.00368538003224437,0.0256183465856901
"LYSMD2",7.74897834237677,1.03361331297689,0.396379974215612,2.60763252488295,0.00911707712049415,0.0484427921159567
"LYSMD4",11.8558253096005,-1.51976531639177,0.425669729834755,-3.57029220043847,0.000356583235620655,0.00454199556886841
"MACC1_AS1",1.14746849854414,-1.33602233740429,0.514872030892872,-2.5948629120277,0.0094628653766726,0.0497563566579882
"MAD2L2",25.8045787075469,2.11139505948095,0.593291118831532,3.55878419963419,0.000372575493862023,0.00467713296700512
"MAFB",23.6650055925107,-1.52970190186673,0.377265682257184,-4.05470726283532,5.01971257185726e-05,0.000994284333220537
"MAFG",38.0368058775335,-1.50617648774572,0.320989735423169,-4.69228863583469,2.70165597256038e-06,9.50011520418535e-05
"MAFK",27.7943842112598,-1.01552503387036,0.30958056339247,-3.28032555643015,0.00103687363638922,0.0102560042112633
"MAK",21.0845488879214,1.00957931285239,0.31612640258996,3.19359377951703,0.00140513689843049,0.0127242952468983
"MALAT1",44651.459918889,1.81068284383318,0.263099498814581,6.8821219804347,5.8967484936396e-12,1.23029760571297e-09
"MAMDC4",11.8093594690369,-1.82942338108585,0.508108729851364,-3.60045650390813,0.000317658967902183,0.00413882392150987
"MAMSTR",70.8694465414847,-1.86505468180288,0.440249493863614,-4.23635849171619,2.27173977506248e-05,0.000524309498527694
"MAN2B1",84.8207635778909,1.17541166935369,0.422520269728847,2.78190599023336,0.00540406915097997,0.0332793679947007
"MAP10",8.15593221656309,-1.81270373423361,0.420984116362885,-4.30587203596791,1.66329191011535e-05,0.000406674872023204
"MAP1LC3B",53.7704699525951,-2.029431272155,0.395754792830612,-5.12800175492408,2.92833713658174e-07,1.59660695168052e-05
"MAP2K7",44.7690969340318,-2.53097724792115,0.306209628494933,-8.26550510629363,1.391044885229e-16,9.46394363654929e-14
"MAP3K10",13.8752704433314,-1.52453240228558,0.330694990368297,-4.610086172118,4.02502098109523e-06,0.000131215683983705
"MAP3K19",59.9896896643042,1.04073409513667,0.351735065333938,2.95885795221639,0.0030878139775198,0.0225996787278904
"MAP7D3",8.12030137872969,1.04875095676957,0.368073928257802,2.84929432990161,0.00438163248139177,0.0287238311976617
"MAP9",37.6524195462451,1.42497208466113,0.34213669970587,4.16492029614525,3.11461354831433e-05,0.000688382384237607
"MAPK12",20.3433710614937,-2.39136852754709,0.53370754836217,-4.48067211131953,7.44083486754287e-06,0.000211768059826149
"MAPK8IP2",5.23671865145164,-1.42992220984771,0.453205993167604,-3.15512643567116,0.00160428565480859,0.0140480480841885
"MARCH1",4.57786565912247,1.42890747901611,0.530105789709706,2.69551381394759,0.0070280163596177,0.0403575779799258
"MARCH7",31.2349450326007,1.16094000102431,0.288043390769228,4.03043443532582,5.5673857337486e-05,0.0010742102584673
"MASP2",2.3754758258205,-1.22424994293317,0.470307677734872,-2.6030830473138,0.00923895709286787,0.0488416218206744
"MATN2",8.70788318750981,-1.15550707302338,0.347912836467842,-3.32125449797879,0.000896137822077405,0.00916520564697205
"MBD5",11.5870018326783,1.18347716286259,0.317190590752234,3.73112317126405,0.000190627988063727,0.00280880108966214
"MBD6",159.282895184347,-1.56570735022062,0.47029586068057,-3.32919653588885,0.000870969204235488,0.00895522785272426
"MBNL1",41.8902385223374,1.01910976342401,0.293972568799807,3.46668319287307,0.000526922536524596,0.00609407527829776
"MCAT",9.49400408368477,-1.07395526818507,0.283957485825263,-3.78209880631898,0.000155511607112809,0.00239748337743964
"MCHR1",3.0173678162572,-3.50925437938001,0.577856318543181,-6.07288397958009,1.25633226673895e-09,1.51223748537932e-07
"MCTP2",40.9603849232967,1.02074903821882,0.368236936632651,2.77198981599477,0.00557147796023992,0.0340556590319665
"MED22",8.12866885828656,-1.10708367783666,0.312175125970544,-3.54635454825162,0.000390600301509804,0.00484319613155738
"MED7",5.41388639677275,1.18824804830836,0.43781150922415,2.71406306886281,0.00664635114000364,0.0387633628918289
"MEF2C",17.3916489776127,1.49101278532032,0.49640666112962,3.00361155897339,0.00266795716242612,0.0203145982109698
"MEGF8",51.5540826274003,-1.33289971130319,0.34576493936799,-3.85493021281898,0.000115762646617475,0.00190420709502874
"MEIS1_AS2",1.7687701962813,-1.37345231542595,0.447154006183425,-3.07154201110423,0.00212956194273869,0.0171240417677159
"MEMO1",3.3958240041834,-1.27586352125188,0.395722337380568,-3.22413824222632,0.00126352387357704,0.0118180642999005
"MESP1",2.43593022928802,-1.60241556389302,0.564711668816878,-2.83758181808112,0.00454566948604977,0.0293801705679146
"METRN",6.24159102262323,-1.03971053963633,0.398797244323844,-2.6071156569779,0.00913085130601474,0.048465183296001
"MEX3C",26.6238696715089,-1.15449979953034,0.265921067345301,-4.34151310783967,1.41504835037632e-05,0.000355991584994994
"MEX3D",9.32757211155044,-1.43811667417823,0.373076724072044,-3.85474778078226,0.000115849000157679,0.00190420709502874
"MFAP3L",90.2056643085027,-1.72459664037284,0.55912552112996,-3.08445344595885,0.0020392652242586,0.0166286723445537
"MFGE8",3.01792664267624,-2.6054300186604,0.492391644290147,-5.2913774002329,1.21398558578473e-07,7.53827239934899e-06
"MFHAS1",20.2756188003449,-1.80323561806064,0.448566598269124,-4.0199953028575,5.81993017808584e-05,0.00111196907724893
"MGC72080",10.9702343610447,-1.04796062024513,0.374084485053642,-2.80140091908613,0.00508812629392811,0.0320140732800109
"MICU2",17.9030171214865,1.11836176409592,0.262782935325195,4.25583861719159,2.08266896070099e-05,0.000491547570091239
"MIER1",92.4046782385248,1.45075154219389,0.232286752896087,6.24551991926496,4.22392696925546e-10,5.79789554516749e-08
"MILR1",3.23678971783258,2.36243284236512,0.644558911084774,3.66519305177119,0.000247152078351818,0.00340984013706767
"MIR1246",369.827921891851,2.4010162479169,0.5249432938951,4.57385831163069,4.78823709541199e-06,0.000151672741030378
"MIR191",203.936449427547,2.25118278638112,0.727151332565078,3.09589309069945,0.00196221094807334,0.01621098835193
"MIR200A",1.41200493374804,-1.61564776972285,0.483964707260924,-3.33835865608232,0.000842748937846582,0.00872755485071034
"MIR200B",2.27044112041166,-1.67895542886883,0.496904444886399,-3.37882956400736,0.000727951227595055,0.00773481673962156
"MIR219A1",4.01388768936173,-3.27599080970641,0.646753981607399,-5.06528123965234,4.07797842292597e-07,2.07182488188135e-05
"MIR3609",38.8286492934489,1.53126359326133,0.563917052056558,2.7154057279824,0.00661946193129111,0.0386641807767239
"MIR4516",4.4020485327195,-2.75855486882535,0.617475586573639,-4.46747195971346,7.91493819792806e-06,0.000220771752087662
"MIR6723",5.12445280839001,2.84187308956621,0.800491732037991,3.55015920318255,0.000384998250470787,0.00479272285072942
"MIR6821",5.27858156724357,-2.90417875284892,0.706624856136735,-4.10993008189192,3.95778934579853e-05,0.000833532808654852
"MIRLET7BHG",6.67937866313602,-1.15089424692678,0.283669986080893,-4.05715903478978,4.96732590350451e-05,0.000988720037625583
"MIRLET7D",23.5781229296729,3.67033439154515,0.878821364410789,4.17642827106956,2.96122061009365e-05,0.000656333995846253
"MIS18BP1",13.5922963111912,1.08039505937552,0.351460382658173,3.07401662515774,0.00211197662811667,0.0170351599364792
"MITD1",9.76713605685069,1.53631324816865,0.377892759017809,4.06547416299196,4.79349047792832e-05,0.000959188478243252
"MLKL",26.1775983001985,1.64051473913255,0.476777255763649,3.44084102020545,0.000579909155143603,0.00650962586778128
"MLLT4_AS1",157.73199676131,-1.6640489904324,0.606371954779536,-2.74427103251735,0.00606454443465404,0.0362949403904256
"MME",14.3318989520753,2.05387225791561,0.666803679221378,3.08017535283234,0.00206878754934081,0.0167898230968832
"MMP11",3.28307381357561,-3.69943928554336,0.778041621231841,-4.7548089775534,1.98634140041093e-06,7.40054053181671e-05
"MMP21",5.34970231663962,-2.42287179068112,0.599033683051302,-4.04463364787722,5.2405006793675e-05,0.00102376223009666
"MMP25_AS1",7.03957488590491,1.90531115619999,0.731057828033168,2.60623863549347,0.0091542658519504,0.048557949847905
"MNDA",68.463502039185,3.49343376097626,0.724613232664216,4.8211012489129,1.42767867137822e-06,5.6701309263265e-05
"MNS1",97.5050900118853,1.25979001411824,0.326934084598696,3.85334559308676,0.000116514751382411,0.00191113504154295
"MORC3",34.2810818937227,1.04117338505851,0.265755906742966,3.91778078545407,8.93679198441251e-05,0.00156423848962066
"MORN4",6.7094650906938,-1.19166135602733,0.336682356407961,-3.5394232377992,0.00040100237427528,0.00493696707526325
"MOSPD2",5.45666782944931,1.15088439302254,0.403737752148464,2.85057413357603,0.00436403759108201,0.028651942171315
"MOV10L1",6.09825650909939,-4.18180328902628,0.656783911396528,-6.36709154481945,1.92646205649663e-10,2.90906283014125e-08
"MPHOSPH6",13.7450097884914,1.03666161897127,0.305426839205201,3.39414054661642,0.000688443509478485,0.00742055756413831
"MPHOSPH9",11.6646309304255,1.05948253323056,0.356921129133872,2.96839398609314,0.00299360347789164,0.0221328502966128
"MRGPRF",8.56519628438125,-1.64714924543454,0.619344571782175,-2.65950380528054,0.00782558460127257,0.0433830316059396
"MRPL1",3.23116464933039,1.22000712729634,0.43746480218676,2.78881208544751,0.00529017502951083,0.0327772751669506
"MRPL4",9.6334988990157,-1.20313273139405,0.265775873268345,-4.52686963868721,5.98638429640395e-06,0.000177751312087531
"MRPS31",20.7569787586993,1.24630856031453,0.359584661291773,3.46596697377828,0.000528328173002802,0.00610131310047811
"MRTO4",36.7305796631982,-2.08190840463834,0.45126410848775,-4.61350319132428,3.95938181468317e-06,0.000129345316568188
"MSH3",26.0868722689152,1.10663549537141,0.314895915663846,3.51428977107709,0.00044093153342547,0.00533619229314908
"MSL3",44.4707369801997,1.53201226949493,0.3724458370612,4.1133827178291,3.89903172757974e-05,0.000824487141529295
"MSMB",73.6852872268693,1.5684236828359,0.453566095307949,3.4579826381666,0.00054423645574192,0.00621621318207998
"MSR1",8.54978906785988,1.57408953657446,0.489785866205922,3.21383209517251,0.00130976238904544,0.0121058250819747
"MT2A",50.6604028760214,1.49883781755013,0.411042052968071,3.64643424371607,0.000265904481380573,0.00361255290740381
"MTG1",21.0486161954145,-1.08302522976607,0.246582410692914,-4.39214308402083,1.12238790264377e-05,0.000295675520211611
"MTIF2",27.6894180572168,1.19509501907507,0.313581489450881,3.81111468399434,0.000138341563231197,0.00218222659419533
"MTMR9LP",126.908081313146,2.43383372432712,0.711219449038367,3.42205732368242,0.000621492091458742,0.00689235169889893
"MTRNR2L2",543.006339432668,1.72004395067812,0.504840165941359,3.40710598466509,0.000656556272741373,0.00718447031878113
"MUC13",31.5851134913185,1.36030418451006,0.472738983357978,2.87749526143898,0.00400845930449366,0.027059694217738
"MUC15",24.930110439909,1.43731495628643,0.375256888324363,3.83021604934285,0.000128030797917197,0.00205690546797567
"MUC21",23.4617450201618,2.18055930605315,0.700970639881948,3.11077123917827,0.00186599435230837,0.0156479526392933
"MX1",485.318231063675,2.401167298747,0.333965843146883,7.18985892725244,6.48583011158298e-13,1.87944943677871e-10
"MX2",148.010408430807,2.85433723582301,0.406856832374558,7.01558142495508,2.28994658005856e-12,5.34822150518752e-10
"MXD1",160.816163863442,2.01129467594253,0.578598217656068,3.47615083242114,0.000508666116851472,0.00594444167027023
"MYCBPAP",45.8429926646283,1.03702775782292,0.394308793070743,2.6299889225064,0.00853876504701847,0.0461854806276339
"MYCT1",5.23023887105724,1.54855373805194,0.527873941759088,2.93356730754986,0.00335090990630769,0.0240197151689889
"MYEOV2",6.61558481875649,-1.03738970330931,0.367556075555654,-2.82239846461803,0.00476659128974013,0.0303943033829884
"MYH11",7.91646442028385,-1.29463073196467,0.373407466881667,-3.4670724256699,0.000526160098872222,0.0060897583041069
"MYL12A",62.4896527547649,1.00718531262476,0.246984444703857,4.07793014589402,4.54384129470128e-05,0.000925807663795385
"MYNN",13.7626268916993,-2.04016147071103,0.298750356856849,-6.8289842133598,8.55179835732456e-12,1.71562231660788e-09
"MYO15A",15.3360241417031,-1.89658787818928,0.466342100309407,-4.06694543969104,4.76333896910618e-05,0.000954452726980259
"MYO16",3.96838112314174,-1.46292824564299,0.552772917123857,-2.64652663023865,0.00813231018166486,0.0445369181795493
"MYOCD",14.7025897760127,5.21299138648994,1.08200701615297,4.81789055770129,1.45083908741665e-06,5.73301263633732e-05
"MYOD1",39.7606002313549,1.96440954523716,0.740794932838682,2.65175888516091,0.00800737007794398,0.0441146401660546
"MYOM1",11.3503501990795,-2.48110188781989,0.480460548936632,-5.16400752009947,2.41717978688841e-07,1.3754192474629e-05
"MYOM2",3.16434474792059,-1.49909554373864,0.556624441188663,-2.6931902963825,0.0070771862309725,0.0405126335408504
"MYPOP",6.0806189407137,-1.67458200937306,0.344476214402004,-4.8612413262845,1.16651939604935e-06,4.76597793978594e-05
"MYRFL",10.443224650066,-1.66221446495784,0.493991904590245,-3.36486175079449,0.000765820206406878,0.00804671129137514
"MZT2A",3.71032500885288,-1.1027669240495,0.376563106008907,-2.92850496092791,0.00340596397431181,0.0242587729950074
"N4BP2L2",62.1793967114189,1.28082015801431,0.251403874066759,5.09467152313727,3.49346426008867e-07,1.83819875441973e-05
"NAALAD2",1.41965345978756,-2.87239127358963,0.668758159742567,-4.29511211451287,1.7460507398987e-05,0.000422290602441033
"NABP1",53.668700328657,1.63084025671337,0.544320912160325,2.99610068303423,0.00273456128329806,0.0206816892030198
"NACC2",22.9642629540737,-1.97697134557231,0.254819667169128,-7.75831539039,8.60649065949977e-15,3.63984772540142e-12
"NAGLU",14.2239065236862,-2.32660009313663,0.405753770679955,-5.73401964752603,9.80779626162182e-09,9.35807292084501e-07
"NAIP",9.83659082140812,2.10143523976991,0.689179720134406,3.04918322228066,0.0022946448772406,0.0181529843473513
"NAMPT",126.998312272941,2.2683653773857,0.537608142414135,4.21936573951351,2.44990565152173e-05,0.00055640237496389
"NAT2",7.22560529323824,5.2876306355588,1.91727067923693,2.757894695215,0.00581749352046687,0.0352155275080331
"NBN",39.4170306732234,1.80530989539991,0.404075809122486,4.46775049295928,7.90464249744154e-06,0.000220771752087662
"NBPF12",134.811486216601,-2.34844502666904,0.54459748074726,-4.31225833701372,1.61595464597713e-05,0.000398211941736222
"NCAPH",8.77574455841085,-1.24507991949987,0.477137146759932,-2.60948016299876,0.00906799033905218,0.0482311056510838
"NCBP2_AS2",4.03563840631636,-1.17771329395478,0.323406376109372,-3.64158959425244,0.000270959792482713,0.0036694054963865
"NCKAP1L",15.2695133726548,1.25046508550288,0.461564178936867,2.70919005972931,0.00674476902426165,0.0391622061935608
"NCKAP5L",74.8684273096161,1.93376242286287,0.690518590902411,2.80044947136864,0.0051031495990273,0.0320525749276031
"NDRG4",78.2059275877796,2.0919456419248,0.584562928945395,3.5786491724661,0.000345374717723644,0.00442622734065486
"NDUFB7",72.9203694339676,-1.16117810132388,0.246537206983292,-4.70995074346962,2.47776665453402e-06,8.87233240506828e-05
"NDUFS5",38.826765194944,1.14530859068591,0.310758865700732,3.68552185342594,0.000228234495991223,0.0031981618076902
"NEIL2",5.14410029571677,-1.02408373929099,0.343600920948148,-2.98044526907869,0.00287829666920497,0.0215294389482406
"NEIL3",1.75827265122974,2.27002975783947,0.785574696881889,2.88964215223541,0.00385680586892746,0.0263427753107712
"NEK5",53.3869153452605,1.32945275582676,0.356752003020614,3.72654601675759,0.000194121644908884,0.00283889299021889
"NEK7",21.7503201967677,1.05552171622874,0.288200036006856,3.6624621247571,0.000249802695783253,0.00343780685481147
"NEMF",61.5799932720706,1.03326973024211,0.198847510521131,5.19629201056711,2.03302826249764e-07,1.17825282413196e-05
"NEURL1B",10.0837411478909,-1.62275060267451,0.418215188051982,-3.88018094281362,0.000104378785104816,0.00177727881318843
"NEXN",15.9260589755294,2.35525995477728,0.570382702976364,4.12926258543095,3.63928579199014e-05,0.000778703647631513
"NFE2",8.88977810586465,2.50512768443573,0.93879458904974,2.66845134564682,0.00762018144220942,0.0426468523632664
"NFIL3",29.3438894441642,2.04439284742982,0.555476691028769,3.68042958498135,0.000232841352898739,0.00324443587725687
"NFKBIA",154.647036530642,1.71852534680777,0.476682336047698,3.60517941792541,0.000311937345414658,0.00408819969420079
"NFKBIL1",317.002318821051,3.01975725720633,0.696730437180668,4.3341830585525,1.46302398369042e-05,0.000365709253942296
"NFKBIZ",85.9565815030968,1.45376694149622,0.448552721275046,3.24101688061053,0.00119104130729362,0.0112825598847924
"NIFK",8.15137997072525,1.16366235887469,0.40174521602901,2.89651827189564,0.00377328668287549,0.0260485266532464
"NKIRAS1",7.42681502627765,1.24727310960156,0.39418053788675,3.16421788931627,0.00155500332525613,0.0138018672907589
"NKX2_2",10.038153520815,-2.1742882331475,0.718847603240544,-3.02468593252015,0.00248891434444473,0.0193352143707799
"NKX2_5",63.4117858872396,-1.59035361782909,0.557172843508106,-2.85432722782361,0.00431280830797249,0.0284394540257705
"NMI",38.7804537341901,1.58606507610481,0.318235133708761,4.9839408289731,6.23021390527389e-07,2.9453289181186e-05
"NMNAT3",1.59027115150162,-1.55812767958573,0.426552061445018,-3.65284292451268,0.000259352892760594,0.00354441403136923
"NMU",6.40345983981716,-2.87072614547757,0.604517380098565,-4.7487900927009,2.04637199662955e-06,7.58806374484817e-05
"NOL11",14.8620065642142,1.12478285883091,0.415022137756112,2.71017557018099,0.00672476010460051,0.0391040500057049
"NOP58",44.6211832320662,1.28152625299922,0.267970529185274,4.7823402703854,1.73266055430068e-06,6.54895467480605e-05
"NOS2",61.9284695576867,1.32591431412622,0.405402809664242,3.27060958266262,0.00107315954973019,0.0105230752508472
"NOTCH3",16.8292975108443,-1.08496428914463,0.317402747932881,-3.418257391313,0.000630234759897594,0.00697447915337875
"NOX4",53.7232793097189,6.1439810621583,1.21875611415421,5.04118994013999,4.62645980690879e-07,2.2982489859844e-05
"NPAP1",3.31686810931103,-3.49207012979328,0.650756534633921,-5.36616990217044,8.04261859089296e-08,5.33266507247004e-06
"NPAT",8.63481820526572,1.3948258263388,0.418295218634458,3.33454881672391,0.000854379023268882,0.00880719562326184
"NPDC1",4.23962786530788,-1.24587834204601,0.452578587786378,-2.75284420356642,0.00590800042362782,0.0356805830293046
"NPEPL1",4.04192501592478,-1.13303261610118,0.423094912782629,-2.67796322260034,0.00740713509660469,0.0418285276043559
"NPM1",76.8747321387797,1.15608030782389,0.33457048554327,3.45541629575205,0.000549443763768563,0.00626654228531376
"NPTXR",4.37018091242455,-1.59014946815805,0.529854519132877,-3.00110579553115,0.00269001086852951,0.0204145590246838
"NR2F1_AS1",2.80609717491208,-3.83142374947552,0.670382839726309,-5.71527718555526,1.0952534594659e-08,1.03244133335678e-06
"NR2F6",22.9862719805534,-1.07117795595133,0.211695678017805,-5.05998972667375,4.1927906778188e-07,2.10284578610605e-05
"NRGN",141.232980511152,2.00397918070039,0.638695881022731,3.13761093541336,0.00170330804137146,0.014668885102576
"NRIR",1.74626214877294,2.95789471286508,0.847848968707608,3.48870473637994,0.000485366962941627,0.00575380472432619
"NSA2",23.9428806943077,1.18898840316889,0.298981917582062,3.97679034499651,6.98516983975786e-05,0.00129048332529553
"NSL1",27.4220188266818,1.32138647992625,0.465879944062483,2.83632402889837,0.00456361192878693,0.0294213454134607
"NT5C3A",22.7000994443909,2.3263020897508,0.379232235653387,6.1342414252912,8.55664924982334e-10,1.05428698788374e-07
"NT5C3B",10.5043859024871,-1.64677015779072,0.364613486894613,-4.51648174568677,6.2875534547615e-06,0.000183902124224501
"NT5DC2",5.21270634554387,-1.03786232677123,0.375889897712985,-2.76108065975133,0.005761044627295,0.034968512927817
"NTN4",85.9627268010984,-1.23066278288102,0.298202428065135,-4.12693749969136,3.67626255396219e-05,0.000783735101422348
"NUAK1",9.53590361728691,-1.09171546098242,0.342552370607848,-3.18700308231763,0.00143755242871502,0.0129653143541975
"NUB1",55.7925334321359,1.63526194299255,0.278161178627451,5.87882878215259,4.13179468007857e-09,4.4589188381979e-07
"NUBP2",7.43014386377096,-1.15669282999769,0.306858156640398,-3.769470698324,0.00016359411238225,0.00248904941764284
"NUCB2",231.530655398803,1.30873648816164,0.331213772139713,3.95133475189427,7.77165265698679e-05,0.00139622067481664
"NUDT12",7.34132487388984,1.04901314052694,0.382262059087791,2.74422510837265,0.0060653929652967,0.0362949403904256
"NUDT16L1",6.98994121097506,-1.12239388436972,0.337697807073461,-3.32366352656108,0.000888433180126045,0.00909830000170966
"NUDT3",8.92926538858467,-1.40925112448279,0.28481444642167,-4.94796223361644,7.49944546930354e-07,3.41137565999017e-05
"NUDT8",1.22639403324394,-2.13569801820432,0.584148125604834,-3.6560898248077,0.000256091651435115,0.00350903867045243
"NUP62CL",6.51535224062263,1.01580211686459,0.362739200487554,2.8003648778496,0.00510448726479978,0.0320525749276031
"OAS1",76.5942480201014,1.27117488178416,0.365707417408667,3.47593409723944,0.000509077368202323,0.00594480795345518
"OAS2",98.5311098987721,2.57725661776912,0.390789625393505,6.59499753908246,4.25262916481286e-11,7.56194786033997e-09
"OAS3",163.117551898245,2.61732980204031,0.456241733218537,5.73671720817048,9.6529230871511e-09,9.26680616366506e-07
"OASL",40.5964515039539,2.95029152535409,0.566070648131131,5.2118786499431,1.86937820707443e-07,1.09149366359331e-05
"OFD1",52.5627094628325,1.25884772342693,0.238523006318895,5.27767842127522,1.30830796794665e-07,8.02839336565852e-06
"OGFOD2",12.2765112405006,-2.23637793395388,0.347957583426557,-6.42715675839239,1.30012731343314e-10,2.0549891111719e-08
"OGFOD3",10.5896084877885,-1.19487821562932,0.304831471754815,-3.91979938538101,8.86227084402647e-05,0.00155467280456644
"OIP5",4.71116841080674,-1.70933684079149,0.505332797403197,-3.38259628026406,0.000718041035190852,0.00766432886675748
"OLA1",15.4787370058393,1.08659792541092,0.297299816335986,3.6548893262111,0.000257292945806192,0.00351933567830008
"OLIG2",5.67979598717229,-2.67421690591823,0.591016746453141,-4.52477348902034,6.04602239023602e-06,0.000178843399550876
"OMA1",10.325805071321,1.20044619546447,0.353670884011053,3.39424659969168,0.000688176941682801,0.00742055756413831
"ONECUT1",16.0090033684697,-3.1337413464272,0.551685530032045,-5.68030367996994,1.34455801099793e-08,1.21616437896506e-06
"OPLAH",7.98267967114537,-1.50913193887196,0.431949407867214,-3.4937701299868,0.000476250897168707,0.00567583704409438
"OR1N1",8.01361091057174,-1.90575861485436,0.656701487188013,-2.90201659663479,0.00370768896674797,0.0257171617693583
"OR4D2",6.03756364410646,-3.79248658224141,0.970181414430601,-3.9090488910955,9.26602115680817e-05,0.00160748003394384
"OR5C1",1.56883068859507,-3.62150681887501,0.586763201999494,-6.17200738992171,6.74283481583806e-10,8.57820156083203e-08
"ORAI3",4.37484849336262,-1.50880907234147,0.370566646523382,-4.07162675458507,4.66859457472339e-05,0.000942634424584149
"ORC3",25.6281986087083,1.23904411412696,0.444757763922223,2.785885294503,0.00533817577609984,0.0329774080317451
"OSBPL1A",16.0269305553687,-1.43803146694626,0.223536590081817,-6.43309207866113,1.25033852788232e-10,2.00494709924818e-08
"OSBPL8",36.5999261690368,1.02143561181029,0.332861249698207,3.06865281776231,0.00215026321442429,0.0172285298409172
"OSER1",18.1766338203992,1.04866528349612,0.359805252607737,2.91453578260957,0.00356217969938842,0.0250027129130473
"OSGIN2",10.8042235034633,1.14656215482165,0.423383183720254,2.70809564221906,0.00676705178822403,0.039262449529896
"OTOF",9.92626901971451,1.36066594146124,0.464598151448997,2.92869426453284,0.00340389052632772,0.0242587729950074
"OTUB2",4.77302323994926,-2.24482707713629,0.435410100205392,-5.15566146967504,2.52737143255523e-07,1.43232301516811e-05
"OTUD1",28.2853688533233,-1.36480957777139,0.278728465797874,-4.8965561298684,9.75307988995971e-07,4.09309472640648e-05
"OXTR",17.4286354254233,-2.05821550668137,0.45038938954152,-4.56985789291474,4.8805503982254e-06,0.00015397349320853
"P2RX6",119.326887192381,1.77966095753634,0.662145809807529,2.68771761623569,0.00719422075102613,0.0409526378779297
"PACS2",55.5147350452993,-1.89644770774475,0.344443934046347,-5.5058240842458,3.6744531273206e-08,2.75109294432118e-06
"PACSIN3",14.4480425678273,-1.12177536273031,0.251483083885588,-4.46063944102362,8.1715469984839e-06,0.0002263156945704
"PAFAH1B3",81.6241236242859,-1.42740645368398,0.480087711926507,-2.97322013920343,0.00294693010109242,0.0218420498262345
"PAFAH2",13.88019252236,-2.437928337388,0.368068841948861,-6.62356619071473,3.5063480703324e-11,6.53182554816207e-09
"PAG1",21.7785893071947,1.831258433327,0.617402762768461,2.96606776606498,0.00301634018779753,0.0222521130045569
"PAOX",3.85941691557825,-1.09296315214749,0.378083913469669,-2.89079517326562,0.00384268480109005,0.0262807394088536
"PAPD4",27.4069468535541,1.06091963679357,0.301100801339387,3.52346998770603,0.000425935332532669,0.00518276522820467
"PAPOLG",11.2086969181424,1.09747361490183,0.346255156959323,3.16955168130756,0.00152674304099783,0.0136186932783472
"PARL",42.3704963400602,-1.06702757004988,0.370928074990893,-2.87664278331069,0.00401930310289679,0.0271095064457453
"PARP12",35.9600948758205,1.10681638463859,0.310155546248483,3.56858485371677,0.000358914615217133,0.00455813643625484
"PARP14",319.650470817762,2.2168338988997,0.307655795176788,7.20556522468835,5.78035661635367e-13,1.73944269870581e-10
"PARP15",5.48040696530364,1.47776673873645,0.547106333443435,2.701059462126,0.00691189799072672,0.0398663397563184
"PARP8",37.5463696178253,1.20252750598985,0.27268422446623,4.40996360659936,1.0338799300356e-05,0.000274205985511814
"PARP9",95.7281189091043,2.07010308873883,0.292846013176685,7.06891333873089,1.5615162186039e-12,3.94106544979255e-10
"PATL1",36.2828754785884,1.10940738025367,0.297514660818709,3.72891667657914,0.000192304721253273,0.00281587275998652
"PAX8",5.98994161627391,-2.28837636794389,0.510501833972281,-4.48260165911204,7.37384956357184e-06,0.000210943323529748
"PCDHGA6",1.56367964500338,-1.87508081376416,0.537545636027195,-3.48822627902294,0.000486236390766303,0.00575539110643806
"PCDHGB2",5.715842529866,-2.82780819652149,0.477112247324432,-5.9269243503586,3.0866108068429e-09,3.42548126989204e-07
"PCMTD1",31.2727293006992,1.03890635024786,0.254172035367496,4.08741405696246,4.36208188674803e-05,0.000901689000843238
"PCNX",46.5102144531973,1.05794594372845,0.376007350068869,2.81363101953906,0.00489854194821452,0.0310207949840796
"PCNXL4",15.1261804348499,-2.34102185467706,0.336527524762502,-6.9564052935319,3.4906472335048e-12,7.69318984646241e-10
"PDGFA",6.44790146137292,-1.51284567432247,0.375092193560841,-4.03326355571588,5.5007526047786e-05,0.00106397746303554
"PDZD4",15.2506847860269,1.73554334000725,0.620265861629718,2.79806361653888,0.00514099859403417,0.0322302945745264
"PEAR1",639.529010147963,4.99472517185638,0.749476549312243,6.6642847950877,2.65957295619675e-11,5.1379009405638e-09
"PELI1",68.984152514281,1.32239270528257,0.407367229451338,3.24619313896121,0.00116959461785525,0.0111404687915969
"PEX10",5.08825390390602,-1.10572628065043,0.290102685250497,-3.81149964087945,0.000138126256383781,0.00218102892017498
"PEX11G",22.337718256958,1.87122902165631,0.659388030960393,2.83782679362693,0.00454218233810676,0.0293702765399564
"PFDN4",6.13372813904438,1.7439877526087,0.465848256459625,3.74368204329612,0.000181343107087712,0.00270253041877002
"PFKFB3",147.566507280153,2.46524871137911,0.624851248569487,3.94533693742786,7.96878457839481e-05,0.00142835671343324
"PFKFB4",28.766697512552,2.67523304128746,0.755164456779655,3.54258336349118,0.000396228165098717,0.00488973054216461
"PGAP3",7.74927751646355,-1.1366896655319,0.329639051498903,-3.44828581554052,0.000564156709642048,0.00638180025894862
"PHACTR1",15.81146474144,1.80398310599756,0.639691327293293,2.82008373261946,0.00480111197528027,0.030564605447187
"PHEX",6.36200562896147,-1.27662971033893,0.353599629136138,-3.61038192675088,0.000305746462183526,0.00402720592613453
"PHF11",29.6162104348832,1.57114850821048,0.3349909252191,4.69012259715057,2.73041403762931e-06,9.57971274906354e-05
"PHF20L1",68.3113538921461,1.11337676905688,0.275028728500337,4.04821989007419,5.16086498095353e-05,0.00101581402794919
"PHLDA3",19.1723096508412,-1.01640500785922,0.391179236793793,-2.5983102175615,0.00936838153836639,0.0493590687920395
"PHOSPHO1",4.18513186020322,-1.7984418495611,0.606429117343923,-2.96562582192299,0.0030206775596754,0.0222645136381539
"PHTF2",9.87673498076135,1.22890050155348,0.406368021983475,3.02410729947507,0.00249367978418644,0.0193461087074613
"PI4KA",110.647842134269,1.2993974320071,0.41523518011706,3.1293047752861,0.00175220463013158,0.0149520926563648
"PIAS1",20.32716842322,1.43206790357179,0.353742401985023,4.04833544278477,5.15831820149347e-05,0.00101581402794919
"PIGQ",613.994309388639,3.02319679932256,0.758825450979975,3.98404770875607,6.77512615808774e-05,0.00125761772386426
"PIGZ",2.65850872875801,-1.49122736174608,0.444976701938009,-3.35124817827839,0.00080448169516602,0.00838676186939233
"PIH1D3",7.48216274801825,1.18153043932749,0.411959598518654,2.86807357705974,0.00412979480908971,0.0276284861789807
"PIK3AP1",42.665824271775,2.27825972369827,0.535762470965867,4.25236900149248,2.11520950784656e-05,0.00049847587919854
"PINK1",5.49580344648323,-1.41320147677201,0.346380742972138,-4.07990774731286,4.50535772151362e-05,0.00092277274379902
"PITPNM2",7.16556170449275,-2.35880719944833,0.475011059864608,-4.96579427039164,6.84204575778062e-07,3.19595020948511e-05
"PKP3",21.0718197248413,-1.40435323671556,0.242240017679503,-5.79736267429436,6.73659032235863e-09,6.71427804867948e-07
"PLA2G2F",3.14680977014617,-2.32501153730606,0.70620262387101,-3.29227258398112,0.000993812369054614,0.00994320712977404
"PLAUR",78.8180432239061,1.98721065062406,0.640279961813209,3.10365897598369,0.00191143512641108,0.0159128287412236
"PLCL2",13.0872478351342,1.21862901434401,0.327528557236345,3.72068018931443,0.000198686919455459,0.00288677150941413
"PLEK",117.490835034254,2.41545161245537,0.643081103905958,3.75606062405559,0.000172608897708377,0.00259503614859374
"PLEKHA2",945.444724618257,3.68950966436496,0.612905187401964,6.01970702843026,1.7473304068844e-09,2.01045780933287e-07
"PLEKHG2",33.2325759248441,1.53515581824569,0.580287613702946,2.64550850646202,0.00815682361332389,0.04464427278814
"PLSCR1",70.82719634129,1.90344988969214,0.336866749234128,5.65045346274057,1.60025126908835e-08,1.39115176992747e-06
"PLVAP",6.96836060135609,2.06939682599825,0.597751370659012,3.46196918581177,0.000536238546680129,0.00615180408977321
"PLXNB3",6.06174541987263,-1.11356245117629,0.387408297165779,-2.87438978288009,0.00404809031801417,0.0272215372996501
"PMAIP1",14.4059871038783,1.60049993067002,0.445006110635947,3.59657967029438,0.000322428861220149,0.00419050400363197
"PMF1",2.61556412320984,-1.16322361525352,0.325356463203067,-3.575228239826,0.000349922490618283,0.00447351889966903
"PNISR",127.055359451778,1.03244038482453,0.223514797103186,4.6191142519656,3.85381622040816e-06,0.000127182050427897
"PNPLA8",12.3111461855055,1.04736730197172,0.37945537294766,2.76018572048572,0.00577685105887824,0.0350508590032287
"PNPT1",19.8525829135801,1.61762419680496,0.354729378497869,4.56016415571477,5.11136483488648e-06,0.000159327962024509
"POLK",10.6941888503809,1.06068625427367,0.313326306538879,3.38524481391434,0.000711147982873784,0.0076125929897282
"POLR2J3",2.48131000978422,1.6914491859873,0.59094856467716,2.86226126449999,0.00420630013989837,0.0280324465882153
"POLR2L",26.6318531733734,-1.22398531729497,0.249671008175429,-4.90239265760064,9.4676351837571e-07,4.02580313465845e-05
"POMGNT2",4.39264860045228,-1.6014033493823,0.385134846429347,-4.15803286622644,3.20999848753943e-05,0.000701537099623141
"POU3F1",15.00418000209,-2.08547583721982,0.552670583854703,-3.77345185024012,0.000161004304253889,0.002460942158026
"POU4F1",4.49214624512297,-2.2181769085571,0.738567952851385,-3.00334843935943,0.00267026513935519,0.0203145982109698
"PPCS",44.1132597638873,1.66683465928546,0.364974819967972,4.5669853592413,4.94788554990722e-06,0.000155783728541143
"PPID",18.9033672730749,1.03424348028767,0.322318380527315,3.20876357902905,0.00133307058592337,0.012213049489771
"PPIE",23.3010357273501,1.38368910628285,0.31064857656786,4.45419425889622,8.42088321959152e-06,0.000231581688260401
"PPIG",90.583401285583,1.05166045061617,0.19555351169352,5.37786532959009,7.53741602307504e-08,5.06203802270722e-06
"PPP1R10",91.8269657199482,1.00777290079408,0.318623954470211,3.16289119714726,0.00156210701737965,0.0138335317532296
"PPP1R12A",102.727710036453,1.06581529621449,0.216634528312818,4.91987729063884,8.65984868793169e-07,3.7957790551472e-05
"PPP1R14B",4.84706928491474,-1.13313861553351,0.367821253532331,-3.08067737970968,0.00206530296384978,0.0167884991056215
"PPP1R15A",427.544237654867,1.73105854967488,0.439664668318278,3.93722460414251,8.24294473227351e-05,0.00145746439740809
"PPP1R1B",4.25343866192082,-1.39028656057459,0.443013181301149,-3.13825100303168,0.00169959267520003,0.0146449483378469
"PPP1R37",21.7429409579547,-1.19703874412641,0.237663891161647,-5.0366874760636,4.73657181113749e-07,2.33075080819747e-05
"PPP1R3E",12.8700030987516,-1.02870673114488,0.255568309093713,-4.02517328847556,5.69333746268075e-05,0.00109178118401996
"PPP1R9A",7.25979426889082,1.22986951613316,0.458522911094542,2.68224223124932,0.00731304858562083,0.0414317828630684
"PRADC1",2.80933722718955,-1.14540491280091,0.398842014934554,-2.87182611137109,0.00408107461797101,0.0273962486580911
"PRDM1",42.8515826398148,1.63379452536511,0.564889411954104,2.89223782707021,0.00382508275647438,0.0262176500102107
"PRDM13",123.202352742654,3.60900095458708,0.739212824433933,4.88222178416716,1.04897179446311e-06,4.36550814887202e-05
"PRDM15",95.2626738428758,1.57768109602639,0.455469546358554,3.46385638433971,0.000532490718395802,0.0061347170310733
"PRDM16",8.50644941334573,-1.84499087137069,0.594656150480501,-3.10261799172493,0.00191817065815611,0.015940273212335
"PRKCA",4.88241043615079,-1.00170647075293,0.346975395381967,-2.88696686878966,0.00388975187292812,0.0264984054451803
"PRKCB",22.498383487818,1.84651267225507,0.648587064877076,2.84697733311261,0.00441365049018897,0.028897407058777
"PRKG1",5.74766704086262,-3.51341971848849,0.597998974615345,-5.87529388448943,4.22093852839056e-09,4.52392096522297e-07
"PRMT6",13.7809789516699,-1.16115377147617,0.25522599490242,-4.54951217614065,5.37704227722811e-06,0.000165304435273213
"PRMT8",2.75046528536119,-1.78632562001363,0.526304323491022,-3.39409261957944,0.000688564007101792,0.00742055756413831
"PROK2",22.9780625951362,3.5835223596278,0.959657974981009,3.73416618530025,0.000188338108434547,0.0027823506446536
"PROKR1",3.4006510391025,-2.39587323099777,0.850046681900001,-2.81851959664448,0.00482456659023775,0.0306764802942057
"PRRT1",7.18531167761631,-3.19007260024927,0.498415618057173,-6.40042664129225,1.54943381700039e-10,2.40054855132892e-08
"PRSS21",4.03557339118724,-3.81179356593887,0.704257937808044,-5.41249641829076,6.21520984237055e-08,4.40070604585585e-06
"PRSS35",193.730429562393,2.78844646318774,0.820479446337636,3.39855736256952,0.000677422554672403,0.00735937167841357
"PRSS36",3.01029126997236,-2.68262731658499,0.488336013741243,-5.49340462529648,3.94258068431482e-08,2.9238626800075e-06
"PSIP1",65.8231226591385,1.11438780211493,0.244926128195504,4.54989351411871,5.36730703890455e-06,0.000165304435273213
"PSMA2",12.2517711687926,1.51396607259943,0.345361320528742,4.38371636488294,1.16671658807134e-05,0.000303268790201668
"PSMA3",18.0918029668142,1.12223757811193,0.302100315881395,3.71478452393449,0.000203376921213348,0.00294125883839785
"PSMA4",49.2013940699992,1.25706003774179,0.233411025402762,5.38560693768716,7.22005920699961e-08,4.89088686022208e-06
"PSMB4",14.6480684454979,-1.22638295896441,0.251366368965437,-4.87886650872152,1.06697245032341e-06,4.41692722292611e-05
"PSMC1",24.4668443370387,1.12843032075735,0.305993006998709,3.68776506308234,0.000226232380644942,0.00318352903986696
"PSMC3IP",7.41391575166272,1.0148829505801,0.315306558117286,3.21871817903193,0.00128764970287422,0.011979276189403
"PSME1",268.27471243781,1.00632626324193,0.259394298222322,3.87952345189725,0.000104661310542477,0.00177989656606909
"PTGS1",67.872443020147,-1.91344725076671,0.507907236345336,-3.76731637953219,0.000165011826948515,0.00250446660338542
"PTGS2",56.4989657972279,3.10011406056455,0.679994016770987,4.5590313798432,5.13900929928526e-06,0.000159871207783729
"PTK6",32.4957600396566,-2.98507065245579,0.4656567920682,-6.41045229727604,1.45088547332658e-10,2.27034558866144e-08
"PTMS",306.076404656795,-1.07395304192386,0.354250924059387,-3.03161676931524,0.00243247815939931,0.0190221980201302
"PTPN2",25.5571370585347,1.16493617550041,0.265399444624735,4.38936930387169,1.136798747806e-05,0.000297468675680071
"PTPN20",2.54421887794245,1.55157676880934,0.548086471009486,2.83089777047695,0.004641755440071,0.0298169906101113
"PTPRC",65.2933098674884,2.36123490146749,0.560576776335545,4.21215255634158,2.52948608283477e-05,0.000571160147535332
"PTPRD",2.49411346936628,-1.76530763921943,0.635619783698219,-2.77730128056802,0.00548123456130098,0.0336247573690006
"PTRF",9.17326518532097,-1.51494717487875,0.417483225010363,-3.62876178998843,0.000284783866110468,0.00380230199393909
"PVRIG",10.6109645463141,-1.03049153312271,0.266144335454299,-3.87192735612313,0.000107978136648571,0.00181877490019036
"PVRL1",16.777634143665,-1.25066307625049,0.363697330321257,-3.43874692493829,0.000584413291772613,0.00653674389729623
"PVRL3",11.2361748915153,2.08181478451064,0.583314839665831,3.56893849246707,0.0003584305546873,0.0045562317788358
"PWWP2B",27.5422155349636,-1.36106240267423,0.30498778661711,-4.46267838384934,8.09414955070101e-06,0.000224968476322148
"PXK",17.1940506082781,1.33035916050563,0.424523882133989,3.13376753698333,0.00172577516014906,0.014791605442115
"PXMP4",16.5455244986841,-2.11955191161337,0.34299731687361,-6.1794999766555,6.43049436916038e-10,8.31606412302658e-08
"PYCARD_AS1",2.66241532246448,-1.77471062208636,0.559106884610415,-3.17418846187697,0.00150256094679716,0.0134473447512654
"PYGB",37.196834380218,-1.19182800465845,0.211663424738571,-5.63076972854661,1.79407126222628e-08,1.51749335736848e-06
"PYGO2",11.7447806031661,-1.17059318095298,0.25879727818099,-4.52320514798586,6.09101507510893e-06,0.000179834346972273
"PYROXD1",136.203446979103,3.00600838130827,0.631736969189282,4.7583227322693,1.952082165896e-06,7.30769897893315e-05
"R3HCC1",27.2561272898426,-1.16813902954209,0.243584702427503,-4.79561736800675,1.62174581301507e-06,6.30356409291e-05
"RAB11FIP4",50.5115601162102,-1.17093848198705,0.180325487711121,-6.49347187050385,8.38804341256087e-11,1.39634152467822e-08
"RAB8B",17.0456447814807,1.7902007246071,0.457455978171955,3.91338360416874,9.10117799988401e-05,0.00158768376078244
"RABGAP1L",105.809859505337,1.0583293985179,0.173293844339703,6.10713786488162,1.01433618249649e-09,1.24002598310196e-07
"RAD50",54.1655459492764,1.10340637136974,0.271995311940758,4.05671099070291,4.97686033628917e-05,0.000988720037625583
"RAI1",138.432289711153,-1.01845945975589,0.245717082382964,-4.14484597439817,3.40042196090881e-05,0.00073800003944939
"RALA",34.3412651441474,1.00717308976511,0.249667429967664,4.03405878730578,5.48215930306894e-05,0.00106397746303554
"RAPGEF6",21.9146725773102,1.33114827905754,0.321718960382373,4.13761214904906,3.50938930516744e-05,0.00075744722547945
"RASGEF1A",3.19606916766131,-1.77392610808393,0.510597061517952,-3.4742191872594,0.000512342326657349,0.00596670868767888
"RASGEF1B",25.7925953940059,1.00612835994217,0.298274653381195,3.37316077158033,0.000743105496690144,0.00784623131727893
"RASGRF1",335.39119521471,3.07959476013835,0.730769921692836,4.21417831894947,2.50689169159672e-05,0.000567053794658294
"RASGRP1",6.14754018624011,1.29970424848071,0.366749359365095,3.54384872200109,0.000394331437237025,0.00487401131902447
"RASGRP2",10.8627965594933,1.88412883080032,0.631340952374532,2.98432855292206,0.00284201421785971,0.0213294189357644
"RASSF7",17.6519279892383,-1.18702805053645,0.310662584322181,-3.82095595170034,0.000132935395816161,0.0021156225598709
"RB1",21.9896376214407,1.10876325475083,0.28229976819168,3.92760951187882,8.57943588050578e-05,0.00150843834447364
"RBFOX1",106.590208948638,3.39143213203136,0.793460913520513,4.27422709076354,1.91801473015919e-05,0.000456820311986774
"RBM48",5.71056969159128,1.37149857832875,0.386374033915544,3.54966550011106,0.000385720925364842,0.00479790225763835
"RDH14",3.43857278687321,-1.05489850633069,0.37483892792573,-2.81427148500358,0.00488879218361736,0.0309715870806658
"RECK",1.3429558256147,-3.12565837648806,0.5703414450264,-5.48032832568107,4.24537274104987e-08,3.11885411511494e-06
"REEP2",1.43781989625099,-1.84125308091588,0.494751556638393,-3.72157107180488,0.000197987123426255,0.00288195582081306
"REEP6",4.38050249377532,-1.27848744907336,0.337956519204156,-3.78299389543967,0.000154953216236783,0.00239123069790254
"REXO4",24.0427748540133,-1.42342152066021,0.271512434840246,-5.24256475213642,1.58359790326573e-07,9.49430650969429e-06
"RFNG",4.68127665824866,-1.3533322926232,0.309674672462799,-4.37017429246099,1.24147404477306e-05,0.000320570723640409
"RGMA",3.71058838453508,-1.88244147390448,0.581612992401313,-3.23658772843505,0.00120968037295557,0.0113893372298488
"RGS1",7.68828650607155,3.42293442148179,0.701380042075619,4.88028488998943,1.05932702185241e-06,4.39690961218742e-05
"RGS18",5.20002351458326,2.84632389145944,0.880727614590615,3.23178681388625,0.00123018797788741,0.0115476793509191
"RGS2",156.952361975373,3.86040342822645,0.751660722592274,5.13583231396336,2.80898041014832e-07,1.54770864288736e-05
"RHOD",5.97008495345696,-1.37231235273422,0.474650630961837,-2.89120515852543,0.00383767503649652,0.026262499842816
"RHOV",38.0472867751724,-1.45088059756922,0.288033717995393,-5.03719011672248,4.7241550337216e-07,2.33075080819747e-05
"RICTOR",37.4036206845975,1.46106448174338,0.335704465681049,4.35223427480864,1.34757151353179e-05,0.000342767325815157
"RIMS2",15.1820777156798,4.55051915343865,1.41691771918903,3.21156203483935,0.00132015464720982,0.0121516352467878
"RN7SL1",2156.12681676748,-1.07606886521857,0.333985087248084,-3.22190692430309,0.00127340494545548,0.0118820754838923
"RN7SL2",14563.097391257,-1.83240915183316,0.321113535950002,-5.70642139519919,1.15376151272799e-08,1.0746464375695e-06
"RNA28S5",30.7749843442447,-1.43626344782621,0.501693648150811,-2.8628296433892,0.00419876246503395,0.0279941350885604
"RNASE7",7.95982614717549,3.51264559632043,1.30189712329649,2.69809767105574,0.00697369767048839,0.0401192724808097
"RNASEH2A",59.9841170929028,2.58165913656204,0.654443516142052,3.94481582120476,7.9861336374648e-05,0.00142855397998308
"RND3",62.0186450266534,1.00863419511644,0.319671612413462,3.15521978164228,0.00160377242794992,0.0140480480841885
"RNF125",8.12915110232311,-2.91492771384863,0.378640110026831,-7.69841238859263,1.37767141139945e-14,5.38945056139464e-12
"RNF150",5.09878100314408,-1.23519383090775,0.410955687392935,-3.00566184822433,0.00265003522793291,0.0202084557732428
"RNF152",12.007507975184,-1.23451241019615,0.425245504713136,-2.90305810764285,0.00369538064900948,0.0256545325624225
"RNF182",2.18815949018721,-2.6781805188876,0.574814217803049,-4.65921063874109,3.17424260494291e-06,0.00010845097878198
"RNF20",117.034239532521,-1.44973146489128,0.206267587283493,-7.02840171829216,2.08912696115574e-12,5.02933210587155e-10
"RNF208",1.64148669010585,-1.26463916067479,0.463630934631628,-2.7276850318014,0.00637804757490465,0.0375413676606464
"RNF213",823.259726396651,1.55456547500702,0.30883862130639,5.03358507569811,4.81391028317491e-07,2.36138144548969e-05
"RNF44",21.8032008707354,-1.0183090869414,0.271466992854863,-3.75113407428441,0.000176036529329289,0.00263852453155624
"RNF7",15.8053563881241,-1.07639805834363,0.238969383271258,-4.50433458717094,6.65812350260456e-06,0.000193262466794085
"RNH1",31.8490652437497,-1.09173539469215,0.246393179258749,-4.43086695003707,9.38549875379677e-06,0.000253214283619676
"RNU11",26579.0503724254,4.55827129161529,0.57324191055614,7.9517411544334,1.83908202859291e-15,1.02778412797935e-12
"RNU12",535.596333850404,1.41968978505047,0.470445683035329,3.01775494227216,0.00254654740811812,0.0196060909876747
"RNU2_2P",2886.03494595039,2.46439006185412,0.511125198949499,4.82149983393328,1.42482839648119e-06,5.6701309263265e-05
"RNU5D_1",1.68906527855252,-2.18910175607702,0.7693708928421,-2.84531397852908,0.00443676657285317,0.0290083940728721
"RNU5E_1",264.779206370884,-1.52347208959433,0.391048511087936,-3.89586469810582,9.78490043950336e-05,0.00168627887750384
"RNU5F_1",9.80587366026323,-1.55079388729639,0.556376988918657,-2.78730773950667,0.00531479809783191,0.0328719211995548
"RNU6_31P",36.5508123523852,2.1288342241343,0.540142453035404,3.94124589202539,8.10594774371019e-05,0.00144631551075915
"RNU6_36P",267.199906144634,2.82874517959866,0.65921143429989,4.29110454159963,1.77786587166034e-05,0.000427613229547839
"RNVU1_1",410.096295013545,-2.64275467477209,0.586237610498596,-4.50799236938146,6.54439292107057e-06,0.000190701416068738
"RNVU1_15",51.4115883348762,-2.09442382031946,0.517739409299298,-4.04532431315984,5.22507386831629e-05,0.00102202444864267
"RNVU1_19",18.2157873970688,-2.93447490768309,0.530108127154698,-5.53561576849158,3.10136798642288e-08,2.40248545799729e-06
"RNVU1_6",7.9790074701232,-4.24329906608048,0.555146462516625,-7.64356679288649,2.1128544446904e-14,8.06388935378425e-12
"RNY5",3138.26840719463,-1.49033038466921,0.458176134548119,-3.25274555415041,0.00114295793761241,0.0110197201526549
"ROMO1",23.8630813215756,-1.36869215663696,0.24562782999713,-5.57221938838508,2.51514407806573e-08,1.9978159661712e-06
"RPAP3",25.940906903878,1.20534770282314,0.266299739646518,4.5262819423823,6.00304795705094e-06,0.000177908512181692
"RPL12",125.582574767209,1.29337254047886,0.393164029682825,3.28965124689116,0.00100311629172476,0.0100172783884436
"RPL23A",79.3605752651878,1.54540501388649,0.400729532233403,3.85647897042532,0.000115031989195086,0.00189475849149969
"RPL23AP53",6.4318247784696,-2.09890314349886,0.336999760692851,-6.22820366158019,4.71813489834746e-10,6.31020298199497e-08
"RPL26",150.004807207021,1.34063535861955,0.345499111852237,3.88028597651767,0.000104333718596029,0.00177727881318843
"RPL26L1",6.04376696184013,1.57815701079382,0.552158608547669,2.85815884487397,0.00426107027884373,0.0282409104383203
"RPL36AL",63.6494177983778,1.00478851347244,0.31853152019199,3.15443982707526,0.00160806535586412,0.0140732699600458
"RPP25",5.37618551835657,-1.28721985834855,0.462315036494582,-2.78429156903191,0.00536447870226807,0.0330768449271034
"RPRM",6.10612753693578,-1.45170497373853,0.458465154057132,-3.16644560855246,0.00154314201874073,0.0137121444118427
"RPS19BP1",19.9668468334275,-1.11335876533455,0.280230769681173,-3.97300684218672,7.09710097013784e-05,0.00130961599033864
"RPS26",26.3033700084604,1.12075745352864,0.420436648152822,2.6656987644932,0.0076828500252653,0.0428400508157036
"RPS27",61.0758715752938,1.88420042414827,0.432217636055457,4.35937885678157,1.30432134100085e-05,0.000334590497442316
"RPS27A",69.6294626996451,1.41797255539832,0.380879073272911,3.72289436438085,0.000196951938931131,0.0028749103921589
"RPS6KA4",151.607715303079,1.60962077302278,0.579469710493859,2.77774790273501,0.00547370678077342,0.0336156058498989
"RPS7",28.514502194818,1.06168114314738,0.39823803945519,2.66594608742002,0.00767720034508482,0.0428400508157036
"RPS9",78.5898909646656,-1.14709851695988,0.211043906117542,-5.43535484185457,5.46874905487684e-08,3.96180487086633e-06
"RPTOR",23.3921215103833,-1.36524405402116,0.25557996568221,-5.34174910923462,9.20540032982812e-08,6.02703365527826e-06
"RRAD",2620.17305778788,-2.33306941238121,0.502654851181852,-4.64149387376974,3.45899278983077e-06,0.000116074612150784
"RRP9",35.179452219388,-2.98649281614105,0.392498944868614,-7.60891934917367,2.76397150516249e-14,1.02977681220911e-11
"RSAD2",192.27843887637,5.33408919655164,0.564664767848671,9.44647072080326,3.50447755318589e-21,1.09676129504506e-17
"RSBN1L",22.6754194681371,1.15874149391934,0.317504754841887,3.64952485356124,0.000262725820938416,0.0035811268693766
"RSPRY1",27.0595557038377,-1.7780995991733,0.316778046976468,-5.61307709339274,1.9875999163122e-08,1.64560653388642e-06
"RSRC1",28.2490754470096,1.21976499612687,0.220958863629554,5.52032616429387,3.38370993391875e-08,2.58284356321759e-06
"RSRC2",150.112581788804,1.09473759661011,0.212406320269997,5.15397844667971,2.55017266283708e-07,1.43363620712022e-05
"RTN1",15.6693814033929,2.2987697905773,0.626187848349302,3.67105461506016,0.000241551712820844,0.00334791957681185
"RTP4",14.0031610862611,1.83702562015781,0.506030005591054,3.6302701418113,0.000283124742439968,0.0037833782832627
"RUFY4",14.0779621247616,2.3664574989562,0.532607725794666,4.44315278270772,8.86501679041886e-06,0.000241672095359711
"RXFP3",18.8042084946794,-2.56112508941705,0.536751719447176,-4.77152656735755,1.82834858284656e-06,6.89397557214049e-05
"RYR3",22.9507488944412,1.79162523835692,0.542000430218958,3.30557899674201,0.000947803819809653,0.00958709384122912
"S100A2",21.508377151668,-2.50874534929522,0.487571660969978,-5.14538795036673,2.66968513728398e-07,1.48666309708967e-05
"S100A8",113.616967894433,2.59707881462408,0.700463179508253,3.70765928973927,0.000209183836629064,0.00300303548217578
"SAA1",24.9640620880758,1.74688329068281,0.583700167518862,2.99277503741056,0.00276453444514104,0.0208680342487057
"SAA2",15.5387458874704,1.95264362881224,0.531672866591279,3.67264111356904,0.000240056510905357,0.00333310051698938
"SAC3D1",2.01134738920997,-1.33905633611642,0.428254109535816,-3.12677988675419,0.0017673219147127,0.0150626652077474
"SAMD3",1.7672632494355,1.82464199929385,0.639404821432158,2.85365692927834,0.00432191761455235,0.0284755228768485
"SAMD9",108.948638310185,3.16950194377508,0.40000655337661,7.92362504319015,2.30684551379023e-15,1.2447420206824e-12
"SAMD9L",92.5921018635648,3.28406610058073,0.421826118228694,7.78535505191327,6.95177026895583e-15,3.10803717624631e-12
"SAMSN1",19.2080639350181,3.22106260891784,0.704230024124877,4.57387856037599,4.78777411914128e-06,0.000151672741030378
"SAPCD2",3.51246338212584,-1.84843080841156,0.469105242492842,-3.94033287410931,8.13686221376546e-05,0.00144688204455684
"SARDH",98.550547801357,-1.84509508321352,0.506350874784338,-3.64390618264336,0.000268531335272602,0.00364438710697803
"SAT2",97.2420833381406,2.39997173775469,0.568056275282321,4.2248837697672,2.39064131624734e-05,0.000545317132895602
"SBK1",6.4233046085079,-1.42199691342162,0.407785789745561,-3.48711737676999,0.000488257017390786,0.00576689962725861
"SCAMP5",7.26787144520426,-1.29625253715379,0.364829532873844,-3.5530362000656,0.000380812057107609,0.00475195141118011
"SCAND1",11.1778466127875,-1.15689476457447,0.269611835795817,-4.29096430859442,1.77898908765109e-05,0.000427613229547839
"SCARF2",15.5931513175155,-1.75156496705087,0.354571808888292,-4.93994424582893,7.81449118747757e-07,3.51382638223129e-05
"SCARNA10",441.384266842694,1.58979321563332,0.363573072107317,4.37269241756181,1.22723569908997e-05,0.000317417920981156
"SCARNA20",9.43807650709459,-2.63339381380774,0.470173941333316,-5.60089273841928,2.13250667513715e-08,1.74709237971446e-06
"SCARNA3",29.5807551252645,1.42332547349238,0.400905864262161,3.55027351897661,0.000384831097302169,0.00479272285072942
"SCARNA5",126.456240809932,1.18517188428293,0.309618130397979,3.82785039997342,0.000129267282022372,0.00206827651235796
"SCARNA9",13.0349766512844,2.10609875244969,0.535477453914855,3.93312311667294,8.38492631004221e-05,0.00147922578240745
"SCEL",44.522194925603,2.16429228644446,0.665226021077754,3.25346907347074,0.00114005134198606,0.0110052581119049
"SCGB1B2P",82.035451159999,3.10229563976769,0.772422100470034,4.0163216949384,5.91135509278705e-05,0.00112531489649552
"SCLT1",31.8270560191274,1.3442314167484,0.301629542287419,4.45656418981498,8.32836714517776e-06,0.000229440649802362
"SCML1",3.28191300962966,1.49320262409726,0.502184071793365,2.97341693607454,0.0029450410603009,0.0218407594841651
"SCUBE3",17.394974012695,-2.03470685710009,0.364646029655768,-5.57995066892923,2.40586808579003e-08,1.93061660545859e-06
"SCX",2.79111709571051,-1.59571134111446,0.505405748803573,-3.15728767409538,0.00159244160535347,0.0139834602921274
"SDR39U1",2.07376492980315,-1.18505124420088,0.400061276845956,-2.96217432875211,0.00305474775288693,0.0224311087926676
"SDSL",4.51564383641063,-2.43781680434111,0.464262866021651,-5.25094075524753,1.5132434937555e-07,9.14256146343089e-06
"SEC22A",4.23806220168595,-2.0182586004085,0.406646201221066,-4.96318075601868,6.93479863408048e-07,3.2296347924432e-05
"SEC62",94.7769683296028,1.09032997985987,0.254060786753583,4.2916106566158,1.77381768944091e-05,0.000427613229547839
"SELL",54.7205596909821,2.9864844585999,0.669310664974927,4.46203028710409,8.11867475003201e-06,0.000225250039873229
"SEMA4C",15.1617038920828,-1.07240517081699,0.277655914363769,-3.86235306124969,0.000112300111409259,0.00186546936659457
"SEMA6C",12.1067722956414,-2.34547728432048,0.499337970887809,-4.69717390037511,2.63785855414322e-06,9.31765477544764e-05
"SEMA7A",19.9152679192422,1.98074901538263,0.709151048394121,2.7931271058092,0.00522011758123192,0.0325454175772556
"SENP7",16.7053288391633,1.24243031552073,0.298833628933587,4.15759872794253,3.21610298610947e-05,0.000701890927847155
"SEPT10",102.777843075416,2.22956269323008,0.489904916339143,4.55101106127017,5.33887409527554e-06,0.000164778504621049
"SEPT4",6.32318740670539,-1.76477005396365,0.649043198208333,-2.7190332767299,0.00654730209130442,0.0383716041665661
"SEPT7",56.2363817198537,1.0934421059571,0.264857236830828,4.12842072597592,3.65263324633097e-05,0.000779759959598732
"SERPINA1",55.0351583963333,2.71076358766844,0.580968368329056,4.66594006738261,3.0720924212561e-06,0.000105652971885309
"SERPINB3",437.182597028716,1.22601192908464,0.334842825455859,3.66145497492901,0.000250786939856973,0.00344540301569966
"SERPINB9P1",4.578756412998,2.34619686610518,0.770412592564294,3.0453770989074,0.00232388734192926,0.0183109215244798
"SERPING1",43.2733268496732,3.2954540566742,0.423163099054397,7.7876687831199,6.825682797423e-15,3.10803717624631e-12
"SERPINI2",27.982460896145,1.35244439226206,0.39896641702168,3.38987026115676,0.000699257084118559,0.00753060898299189
"SETX",98.3080612140639,1.02490537868145,0.255163851589846,4.01665585581809,5.90298294535043e-05,0.00112508985540613
"SF3B5",14.8713955852702,-1.22015870039768,0.268231147648387,-4.54890757876166,5.39251179850715e-06,0.000165454950241255
"SF3B6",13.5196968749264,1.16989355326019,0.343662497558253,3.40419324649145,0.000663597881160936,0.00724126892915365
"SFN",37.5279745013708,-1.99101001701273,0.344822531451243,-5.77401368939911,7.74051439009261e-09,7.6178345393817e-07
"SFTPB",135.891488319774,-2.70345742895156,0.623450077806456,-4.33628533412553,1.44910811272565e-05,0.000362861442082076
"SGK3",1.32711018223891,-3.27002955655543,0.49902073008935,-6.55289321541798,5.64328722391205e-11,9.4952858580404e-09
"SGMS1",31.8062752588549,-1.68906729517491,0.388852518179485,-4.34372214710791,1.40088678664828e-05,0.000352996399959295
"SGPP1",11.5575891817651,2.56463172066704,0.937701148658678,2.73502034665904,0.00623764202929229,0.036982394464662
"SH3PXD2B",30.3925708074811,-1.00317185241615,0.209644037025835,-4.78511989488416,1.70885294269581e-06,6.49032302119031e-05
"SH3TC2",8.7898066976875,-1.2445736645064,0.470151422454207,-2.6471762182696,0.00811670448707693,0.0444869323340735
"SHANK3",17.8306158862427,-1.3627847404198,0.299667792811988,-4.54765167665119,5.42478221268438e-06,0.000166119358246742
"SHD",5.4940034841336,-3.24113222879744,0.714372335163285,-4.53703491759184,5.70506635708514e-06,0.000172009399529226
"SHF",39.5669442986652,-2.88704427175177,0.3940126849036,-7.32728762897093,2.34857417782933e-13,7.65635181972362e-11
"SHISA7",8.13124187085866,-3.22467529076545,0.788645770478384,-4.08887666868408,4.33467229688486e-05,0.000898396716578203
"SHISA8",1.50463758141801,-1.83593366948033,0.507547111470764,-3.61726749692297,0.00029772956735697,0.00394485374259261
"SHROOM1",2.91636701245997,-1.32969622231107,0.473776538336458,-2.80658942500604,0.00500690130539355,0.0316429691546035
"SIAE",8.40355865692773,-2.10172097816233,0.330537959632353,-6.35848596784469,2.0375199369865e-10,3.00784075226083e-08
"SIGLEC5",6.36816532719091,3.08632020964233,1.0859729272009,2.84198632612078,0.00448334144513826,0.0291948926065433
"SIRPB1",6.82878915899661,2.74993544991488,0.939918917709291,2.92571561025375,0.00343664940290425,0.0243333438265365
"SIVA1",3.94280886493157,-1.25424414699143,0.358361168624576,-3.49994434889621,0.000465355299041674,0.00557571188315782
"SIX2",20.6558094847604,-1.46363476869836,0.275842671084311,-5.30604914368382,1.12026766791912e-07,7.09714512858237e-06
"SKA2",11.4305171327026,1.12574939313503,0.390955222341891,2.8794842191686,0.00398326232106091,0.0269012036253609
"SKAP2",12.9095187014265,1.96290183291602,0.634008437280764,3.09601847151251,0.00196138142705882,0.01621098835193
"SKI",43.6856366091919,-1.21264074243648,0.24961271033187,-4.85808892032873,1.18524182045416e-06,4.81731532635497e-05
"SKIL",51.5840426650439,1.18453035962162,0.255422510724128,4.63753314562391,3.52592080902837e-06,0.000117640956971591
"SLAMF7",10.1745841936881,2.26596272542604,0.600719354117063,3.77208210439058,0.000161890962945513,0.00246907386761344
"SLC10A1",5.57128358394263,1.65829998631242,0.556805127870075,2.97824122535627,0.00289907719227367,0.0216320733618989
"SLC15A4",67.357073537625,1.88780043105462,0.628143980357629,3.00536260807565,0.00265264406153166,0.0202184969677776
"SLC18A1",12.2845961050437,3.20652851476533,0.955128720399143,3.35716898286269,0.000787449699940015,0.00822564279349891
"SLC22A18",5.49504196071136,-1.02942803907583,0.343165784615437,-2.99979801374848,0.00270158695069125,0.0204817987424499
"SLC22A7",97.0823136504439,-2.30098474670822,0.448183763028745,-5.13402076674661,2.83616781408817e-07,1.55332538065139e-05
"SLC25A20",4.12754439203869,-2.18945068808261,0.348519708061508,-6.28214312545046,3.33937190689233e-10,4.77393524617013e-08
"SLC25A26",2.68067826329582,-1.08751540803426,0.363567830980634,-2.9912311138776,0.00277855115863966,0.0209536233881414
"SLC25A32",7.87374852158594,1.60005933659569,0.377923954908789,4.23381295578857,2.29762065188875e-05,0.000527172550744211
"SLC26A11",9.67126816046355,-1.73726490547963,0.426879927226883,-4.06968047611263,4.70776590917061e-05,0.0009456626565687
"SLC26A4",23.9360506073022,1.53333239038871,0.560857309554888,2.73390818710307,0.00625874936233885,0.0370552062133478
"SLC27A4",3.66456853194455,-1.12029046948944,0.362834562243206,-3.0876068215864,0.00201775238414559,0.0165503467599382
"SLC2A3",45.8799967707377,3.29102933902967,0.765398115730648,4.29976148541737,1.70982027843855e-05,0.000416748718333435
"SLC2A4RG",10.6988310928856,-1.28087413175614,0.235463913408435,-5.43978953383969,5.33435511812896e-08,3.88241808783637e-06
"SLC2A6",215.854925985047,2.24560266695799,0.732743179932069,3.06465174765076,0.00217923589317688,0.0174071890027728
"SLC30A5",17.9642271716643,-1.54358479870796,0.264261402331459,-5.84112846253601,5.18484027558592e-09,5.23434713757216e-07
"SLC34A2",26.6708410346159,-1.817663370066,0.425053914088877,-4.27631250958423,1.9001444140324e-05,0.000453253960225288
"SLC35E1",103.656348231605,-1.34143620527451,0.491683820154456,-2.72824963988669,0.00636714021615267,0.0375265574773473
"SLC35F3",6.31221744856189,-2.50245786480674,0.596435892477075,-4.19568623614134,2.72046640829864e-05,0.000609883357550962
"SLC35G2",1.35666603555213,-2.43651449324516,0.573078003512733,-4.25162801278417,2.12222147973833e-05,0.000499376266390155
"SLC38A1",33.0378950009374,-1.52086060158212,0.28152170082265,-5.40228549748715,6.57971160916934e-08,4.57597010045697e-06
"SLC39A10",12.6729349743594,1.74551857973734,0.568720602032095,3.06920229986469,0.00214631198500762,0.0172153437084585
"SLC39A7",255.963508066964,-1.21480069643018,0.351036643364749,-3.46060936768907,0.000538954258233076,0.00616541704334442
"SLC3A1",33.0388518388902,-4.07300036775727,0.653481343030438,-6.23277223014393,4.58252228687015e-10,6.18166454697794e-08
"SLC46A1",21.2465184593482,-1.57208505691247,0.515673676896368,-3.04860443211727,0.00229906988476184,0.0181643555439053
"SLC52A2",7.44048076848544,-1.30264398822988,0.294975474727895,-4.41610947293679,1.00493204478076e-05,0.000267890573027757
"SLC6A1",31.0234025205834,-2.30480412060147,0.773914868731971,-2.97811066012699,0.00290031249445705,0.0216320733618989
"SLC6A18",4.99952312539991,-3.25797835460302,0.726033340895057,-4.48736741288847,7.21086591739935e-06,0.000207045943763688
"SLC6A19",24.4912027412318,2.64404688012546,0.794941777360899,3.32608872174683,0.000880738895629567,0.0090254107654299
"SLC6A4",27.5885095000763,4.7886511694184,0.884277863494014,5.41532403683293,6.11778105750283e-08,4.35141081762747e-06
"SLC9A5",3.60747809763874,-1.77936261496611,0.504387680267928,-3.52776779563871,0.000419079611107862,0.00511924883264311
"SLFN11",11.8285346106393,1.11324323946196,0.320211091536362,3.47659175114971,0.000507830436732983,0.00593934290658183
"SLFN12",6.19826318181464,1.51132797233482,0.407601064132307,3.70786071315124,0.000209017563622826,0.00300303548217578
"SLFN12L",2.38658012120564,2.02038810293412,0.672051495938468,3.00629953975893,0.00264448353177267,0.0201782405413886
"SLFN5",74.0607084144773,1.00792858358185,0.276078480402532,3.6508770336328,0.000261346350674596,0.00356542955131306
"SLFNL1",35.9163689152113,-2.7241908632796,0.537557669266012,-5.06771834731563,4.02612544963787e-07,2.05999922601746e-05
"SMAD7",7.77036546758147,-1.29984181196157,0.372239516471007,-3.49195008709616,0.000479507842269459,0.00569729591179385
"SMARCA5",87.6908393287328,1.02565558407083,0.173514024105468,5.91108176620583,3.39868260820237e-09,3.74525249670075e-07
"SMC3",41.8082786281023,1.15480450389016,0.243566252158475,4.74123362188451,2.12420813976357e-06,7.83953041769347e-05
"SMC4",32.1701954966099,1.15429893555265,0.253613663820367,4.55140672692712,5.3288420709362e-06,0.000164778504621049
"SMC6",41.1014247546863,1.07340195331106,0.35909628466091,2.98917588168495,0.00279731057206196,0.0210747789271187
"SMCHD1",163.408684202003,1.99012788920463,0.395988507986688,5.02572132540657,5.01543758643857e-07,2.43731575629164e-05
"SMG8",38.449700974196,2.20810254211764,0.644936977845115,3.42374932430674,0.000617635656186823,0.00685930642158368
"SMG9",15.3005073463418,-1.06677107836499,0.243844047059367,-4.37480878138997,1.21538970471207e-05,0.000314874471843287
"SMIM12",13.5475388177523,-1.02156916919333,0.25660393837543,-3.98111258798648,6.85934475208085e-05,0.00127023700213682
"SMOX",4.64639973220002,-1.34151434528237,0.465472808272237,-2.88204664470492,0.00395101240400597,0.0267629546521519
"SMPD4",10.4707457453647,-1.80533693010153,0.299708848611898,-6.02363573335571,1.70541959277085e-09,1.97677079908728e-07
"SMTNL1",6.01464362994338,2.55860545045526,0.751484128375116,3.40473651251632,0.000662279219490087,0.00723192269824206
"SNAPC1",24.907337711294,1.49347294891869,0.301355804497742,4.9558459688799,7.20162528175898e-07,3.30472235803415e-05
"SNHG11",2.11684151175566,-1.66619070139319,0.373127293715019,-4.46547526664122,7.98912019047749e-06,0.000222444399894291
"SNHG17",2.85465832479902,-1.09343758734662,0.399114641085371,-2.73965791977232,0.00615031603530319,0.0366210598631752
"SNHG19",6.96201430042762,-2.99180857327536,0.607174919784717,-4.92742449628214,8.33206045105361e-07,3.68305316209285e-05
"SNORA10",18.3081558326543,-1.76995224766992,0.332082682041183,-5.32985410979793,9.82916927902662e-08,6.35565458174416e-06
"SNORA12",99.2665234615446,2.0342268760138,0.406184496407282,5.00813520458466,5.4959923163824e-07,2.63807631186355e-05
"SNORA13",17.873226715807,1.35689605383977,0.458537160884758,2.95918448838827,0.00308454379395271,0.0225863085108901
"SNORA14B",263.032081511397,1.23480427519629,0.394968151206875,3.12633884890008,0.00176997481287079,0.0150718528440482
"SNORA15",11.5575970459384,3.06430418036508,0.707877391966371,4.32886290075309,1.49881197369965e-05,0.000373461938924396
"SNORA18",30.660059450773,2.30054499035866,0.633380036655513,3.63217161454348,0.000281046106382151,0.00376524783618827
"SNORA19",9.09853154060019,2.34487780357873,0.576047463049526,4.0706329842427,4.68855669324191e-05,0.000944228251426633
"SNORA20",291.522041644856,1.12261397283777,0.382785074185525,2.93275273396286,0.00335971349790318,0.0240322155370632
"SNORA22",36.0992471798425,1.45577396890301,0.557403273119626,2.61170688997835,0.00900914582368052,0.0479833607382413
"SNORA28",4.45123879089974,1.87640217777903,0.596549143851924,3.14542766026464,0.00165844203523015,0.0143694911225257
"SNORA38B",69.7681098728775,-1.07292955542742,0.397527756383017,-2.69900538566082,0.00695470508425002,0.0400541866611499
"SNORA40",14.8058936930205,1.77578556053812,0.481836140188638,3.6854553081944,0.000228294142330646,0.0031981618076902
"SNORA45A",160.524945581363,-1.08256407004514,0.358592094789156,-3.01892898860937,0.00253669982090586,0.0195538319199679
"SNORA6",48.5743395593405,1.21752141303371,0.412062527418721,2.95470063890694,0.00312972574470447,0.022810409153766
"SNORA60",121.080069806902,-1.15128799159212,0.318311129857447,-3.61686376504558,0.000298194147048102,0.00394766667767234
"SNORA64",79.0451736574725,1.21091276360446,0.428291028226839,2.82731293395928,0.00469404318394643,0.0300350626539075
"SNORA65",66.7412466965055,1.28699710419547,0.347221414776078,3.70656027948465,0.000210093248754976,0.00301056699314823
"SNORA68",83.6610580663337,1.50970256176696,0.325109112731696,4.64367962214851,3.42258161537941e-06,0.000115423614477278
"SNORA72",370.131550399838,2.61829353393852,0.545705211543787,4.79799986980412,1.6025788320234e-06,6.26928839087555e-05
"SNORA73A",139.420423810285,1.2555591669225,0.325028947430823,3.8629149091089,0.0001120420430372,0.00186514243558097
"SNORA77",26.3167265565112,-1.14232007636583,0.43693534706139,-2.61439154339082,0.00893865347258206,0.0477609882639239
"SNORA78",14.4771904618051,-1.35269880787714,0.384900482206739,-3.5144118295767,0.000440728953683945,0.00533619229314908
"SNORA80B",18.5435421566856,-1.5555580601985,0.430564055665492,-3.61283771771006,0.00030286426449026,0.00400271960366857
"SNORA81",4.61181188789511,2.89312712539118,0.748374793442434,3.86587997182955,0.000110689368965153,0.00184655356670225
"SNORD102",33.8365014369891,2.83117175055851,0.741729592152765,3.81698637955301,0.000135091624639977,0.00213777265457874
"SNORD111B",4.58385465181526,1.9611042248265,0.740288243084792,2.64910896957453,0.00807043050792708,0.0442838022114487
"SNORD116_1",35.2094728414343,2.18067217895078,0.524192785491495,4.16005759580634,3.18167349820935e-05,0.000698272467040391
"SNORD116_15",30.5511497449153,2.14008028280458,0.573674683321454,3.73047712409752,0.000191117496548001,0.00281189296279659
"SNORD116_16",40.4933734290292,1.66253367600952,0.558093974745109,2.97894933692632,0.00289238597672829,0.0215935380552692
"SNORD116_2",37.7828541210817,1.67246641953346,0.484718219084606,3.45038901713232,0.000559779277076152,0.00635201314553128
"SNORD116_20",22.2406803616991,2.12182632137945,0.55008597630631,3.85726306936052,0.000114663735365395,0.0018906829620629
"SNORD116_21",9.6979395270781,2.19868418255535,0.632681520032243,3.47518318923445,0.00051050460192904,0.00595259017212043
"SNORD116_22",23.7137670730966,1.8378690690935,0.57138525214125,3.21651471088226,0.00129757881018518,0.0120501562147049
"SNORD116_23",7.36455935474324,1.62798120878613,0.544926051437464,2.9875268478937,0.00281244591227045,0.0211684240669591
"SNORD116_24",48.9799233438809,2.06284516234197,0.575186601884853,3.58639292984598,0.000335283636629275,0.00432524183509884
"SNORD116_25",4.78789699590037,1.86566695717001,0.697900483558621,2.67325643286118,0.00751188040067652,0.0421916383739362
"SNORD116_8",76.9082040070185,1.98123888202225,0.534699000542252,3.70533492677755,0.00021111158445817,0.00302030419265117
"SNORD117",7.4010134455622,1.87701414123498,0.672006469646016,2.79314891450927,0.00521976564044921,0.0325454175772556
"SNORD119",64.8685596589704,4.2824878081022,0.556041975887076,7.70173474991735,1.34231300938268e-14,5.38577281303081e-12
"SNORD12B",157.759541656067,2.35954846808919,0.520972588961982,4.52912210369935,5.92292649114636e-06,0.000177050821606778
"SNORD12C",152.797513217137,2.33419822837352,0.413264129563428,5.64819944774632,1.62137008314469e-08,1.40172370503028e-06
"SNORD14D",157.776960961231,1.58994836939573,0.608997562770813,2.6107631074282,0.00903404489594359,0.0480675365970809
"SNORD1C",28.6569706497834,1.59382032923729,0.593155619243525,2.6870188488983,0.00720928843929627,0.0409774593164214
"SNORD20",38.058296103841,-1.31664448802356,0.386122436681074,-3.40991448034155,0.000649832526961604,0.00714587447779001
"SNORD21",69.3117353726022,1.45247102154652,0.480009247909814,3.0259229960074,0.00247875421369555,0.0192781043419026
"SNORD22",2611.50253431014,1.56290048142387,0.467949286684925,3.33989285996323,0.000838107166217578,0.00868523240859116
"SNORD25",3.41243090503293,-1.9800258662233,0.493253226165549,-4.01421777129695,5.96432613488591e-05,0.00112895897115102
"SNORD29",98.3032059733662,2.699965046061,0.563432036529686,4.79199774065163,1.65128763195133e-06,6.33317374136626e-05
"SNORD31",91.243896197624,-1.55440017064094,0.426920535773473,-3.64095900850673,0.000271624384937624,0.00367044764724002
"SNORD32A",21.8258552472818,-1.35685938774043,0.399463522664954,-3.39670410626824,0.000682026724541571,0.00739125862450429
"SNORD44",28.2449616062802,2.21502955078453,0.51567508722869,4.29539763630702,1.74380487650324e-05,0.000422290602441033
"SNORD45A",30.7490145422471,2.04991543458968,0.68756963966817,2.98139318015699,0.00286940130798752,0.0214731667467187
"SNORD47",88.7765330891717,1.61181952692806,0.428148815090845,3.7646245186643,0.000166799534178242,0.00252669807436701
"SNORD49A",3.09136243511999,2.07399588263493,0.703682190844236,2.94734740998159,0.00320512892271664,0.0231871740095562
"SNORD53",5.77764138840968,-2.73491389443412,0.479218259595341,-5.70703189971001,1.14963242798554e-08,1.0746464375695e-06
"SNORD56",33.6339446198913,1.62766888342429,0.4443359250275,3.6631494140915,0.000249133118576607,0.00343172098546368
"SNORD61",99.841578226259,1.41566207305588,0.477965207411111,2.96185172289795,0.00305795008525971,0.0224440914325253
"SNORD63",23.0020845590727,1.76973402804305,0.659848909031623,2.68202917943785,0.00731770766593214,0.0414431739256265
"SNORD74",7.53122071131333,1.81158074263988,0.613338357531245,2.9536400591864,0.0031405006379431,0.0228676379630217
"SNORD76",188.453274488367,1.70803001230026,0.441810512836032,3.86597865527514,0.000110644615162743,0.00184655356670225
"SNORD79",62.6381901024813,2.19880090628821,0.58319887489934,3.77024202364541,0.000163089310522907,0.00248492846257297
"SNORD8",269.428747489979,1.27208727849555,0.360690581570473,3.52681035628043,0.0004205979051401,0.00512978645333772
"SNORD80",12.0102398008339,1.67662483261078,0.533017862418166,3.14553216847998,0.0016578496200727,0.0143694911225257
"SNORD82",3.05220346089118,2.0001173781016,0.716529916393232,2.79139409582438,0.00524815289489361,0.0326663072789559
"SNORD83B",21.6749987721087,-1.64920777787894,0.435415046112715,-3.7876683238273,0.000152067661566312,0.00236301367248227
"SNORD87",201.301966950406,1.60617860942854,0.42880711250073,3.74569022435654,0.000179898469679596,0.00268611760834572
"SNORD88A",8.55397110725814,-1.63966229285216,0.565003059337989,-2.90204144163987,0.00370739492126999,0.0257171617693583
"SNORD99",320.112891894681,1.35105394482511,0.471203939463904,2.86723822038122,0.00414071204126283,0.0276896846246499
"SNRPB2",11.7689167335956,1.50308837664479,0.406318306112998,3.69928785888071,0.000216205271671885,0.00306154602081094
"SNRPG",9.6605306906859,1.16887608878772,0.421041747006957,2.77615247679564,0.00550064050545827,0.0337016533396284
"SNTA1",4.89463434314375,-1.31839453581779,0.380974367769795,-3.4605859274355,0.000539001183237166,0.00616541704334442
"SNX10",9.1013411143933,2.28343574641355,0.715440665013872,3.19164936811256,0.00141462945933487,0.0127806707734827
"SNX21",9.03829560227727,-1.6834132702149,0.332611683031193,-5.06119705379387,4.16632332546333e-07,2.10284578610605e-05
"SNX6",28.6441056110091,1.02513390630984,0.238878623360648,4.29144262424076,1.77516072859391e-05,0.000427613229547839
"SOCS1",9357.87760735791,6.15207852728392,0.770258767369636,7.98702824025321,1.38230434894076e-15,8.01122164897226e-13
"SOD2",177.987840090919,2.01853317676517,0.497800619832247,4.05490289956929,5.01551327844425e-05,0.000994284333220537
"SOS2",29.3758466500911,1.09968849189234,0.37740744619382,2.9137964896633,0.00357062593569713,0.0250439958053737
"SOST",3.3861621689826,-2.66832360367997,0.95260612717069,-2.80107751522141,0.00509322833157565,0.0320279535688309
"SOX15",4.86751654721248,-1.26600399474927,0.414435305936653,-3.05476868552019,0.00225234164500503,0.0178712428527608
"SOX7",3.93341950979969,-1.48170279378083,0.475203354463762,-3.11803942430675,0.00182058448552314,0.015374261213959
"SOX8",4.22492763854406,-2.75689219486105,0.670195101139226,-4.11356661690717,3.89592543768346e-05,0.000824487141529295
"SP100",156.879048415459,2.03131725555839,0.236297931646434,8.59642418960229,8.22384094146023e-18,8.04291644074811e-15
"SP110",80.7632059424725,2.44309947464005,0.343338493617566,7.11571676364768,1.11332719319013e-12,3.00367998604123e-10
"SP140",32.838552982996,2.39824413919187,0.555790679653785,4.31501323607261,1.59593340750931e-05,0.000393898516730374
"SP5",3.20401298848727,-1.84873347133162,0.602173305971009,-3.07010200053707,0.00213985676639058,0.0171891574335112
"SPAG17",175.315869473432,1.12481463271432,0.351820454706454,3.19712688010943,0.00138803856944978,0.0125840252229143
"SPATA20",9.15569127978224,-1.01554688860514,0.293371043377597,-3.46164664689838,0.000536881537688141,0.00615466835292603
"SPATC1L",12.6573090718007,-1.58057060643353,0.481985908784698,-3.27928799914267,0.00104069370087143,0.0102872868169527
"SPDL1",5.82631434705087,1.25204037034997,0.39381571635131,3.17925445421551,0.00147654410534296,0.0132482581194992
"SPG20",37.8179447466846,1.19931184338866,0.214624445207744,5.58795547370103,2.29758532356819e-08,1.86036542425226e-06
"SPI1",91.2128473883553,-2.78191725316192,0.576192298472791,-4.82810558304138,1.37838011487029e-06,5.5022683769108e-05
"SPIN2A",1.35528842918817,-2.69521380267425,0.627068047863958,-4.29812013521533,1.72252799263772e-05,0.000418633234299423
"SPINK5",73.5458607968361,1.9193975434316,0.609757373498917,3.14780538432473,0.00164501175324669,0.0143165427779779
"SPRED3",12.2201123958742,3.04265364957458,1.01210425218299,3.00626505916948,0.00264478344519351,0.0201782405413886
"SPRR2A",56.8716978808628,2.86393696829969,0.807234614834925,3.54783716613212,0.000388408267596269,0.00482220733703731
"SPRR2D",21.0408317784885,3.65476240127529,1.02854966876769,3.55331639516646,0.000380406638872829,0.00475195141118011
"SPRR3",243.13826050363,3.19116581881313,0.794983376583807,4.01412899037734,5.96657124962869e-05,0.00112895897115102
"SPSB4",5.45918335211644,-2.9660994683744,0.741902432761002,-3.9979643378928,6.3889573886803e-05,0.00119586609112523
"SRFBP1",13.0561606468977,1.15966799359937,0.33397777219612,3.47229094311815,0.000516036752238249,0.0059947610237744
"SRGN",44.4970404988425,3.17382169828224,0.683838396231395,4.64118674203297,3.46413879565543e-06,0.000116074612150784
"SRP54",26.73866168198,1.11792644604606,0.265910794517552,4.2041408964775,2.62075655555232e-05,0.000589488608911983
"SRP9",22.4008264676566,1.26800389214834,0.398655537588493,3.18070056123796,0.00146919402400714,0.0131949865346574
"SSR4P1",896.70800042022,2.87221790877965,0.541947499498395,5.29980839737808,1.15924270289782e-07,7.22702383065539e-06
"ST13",55.6017832744347,1.10147632973647,0.32505150059396,3.38862096536629,0.000702450374075339,0.00755092654529824
"ST8SIA4",23.3301355649393,1.09589580106249,0.349594482999223,3.13476285912936,0.001719930863258,0.014791605442115
"ST8SIA5",5.4296132006202,-1.16828297754775,0.413896567302648,-2.8226447616162,0.0047629314013442,0.0303833471537848
"STAP1",8.03780461684022,1.94441799962576,0.4726033480526,4.11427047150192,3.88405812175035e-05,0.000823546632644302
"STAP2",16.9007073626796,-1.06880395595387,0.22044818322072,-4.84832281372782,1.24509670963932e-06,5.0344375484331e-05
"STARD4",34.8593446460183,-1.84500950990958,0.574674984455308,-3.21052692359375,0.00132491856275142,0.012174002154982
"STAT1",242.702679395241,2.01438867917714,0.286268877152211,7.03670164642481,1.96843710036226e-12,4.88922281689978e-10
"STAT2",103.517747443851,1.29496710818456,0.291100962052054,4.44851538468292,8.64658568866328e-06,0.000236541560937418
"STAT4",3.37962938182165,1.92784840808781,0.553282921497079,3.48438083516372,0.000493277062534251,0.00580797552636264
"STATH",19.0528258905609,2.04053669174683,0.713205750048652,2.86107717388374,0.00422204263977932,0.0280656428323138
"STBD1",9.1494363859487,-2.87837039469129,0.39630320624629,-7.26305099056521,3.78455183978557e-13,1.20858504467275e-10
"STK17A",25.4802988752686,1.17657827759515,0.285119335506621,4.12661693218566,3.6813885593929e-05,0.000783760111256873
"STK17B",43.8433537181398,1.34069640928996,0.371915145193495,3.60484488630447,0.000312339420592579,0.00408994749241228
"STK25",24.1396526272662,-1.85016765809703,0.269468946656674,-6.8659772528606,6.60375968621915e-12,1.3596793627626e-09
"STK32B",3.93671613576653,-2.07594321424747,0.748011208836364,-2.77528356490392,0.00551535959592341,0.0337521888764214
"STMN3",49.5778890933839,2.15098185177795,0.658130390851642,3.26832172116306,0.00108187311252162,0.0105873361255399
"STRA13",6.92610936733624,-1.17786089788586,0.389937738111736,-3.02063838085952,0.00252242415987118,0.0194848386876775
"STXBP4",9.33181810491205,1.23163294366001,0.46709821852182,2.63677508246046,0.0083698306990743,0.04550768268906
"SUB1",20.7721355171406,1.27689816401675,0.332021015476565,3.84583536733047,0.000120142413865967,0.00196240969955601
"SUPT3H",6.24457177145938,-1.9208022730814,0.36112356604549,-5.31896130212516,1.04361327526447e-07,6.69281169317147e-06
"SURF1",5.28251270461008,-1.09623311504149,0.272103885093302,-4.02873011043411,5.60789530947879e-05,0.00107991817562572
"SWT1",8.46689415558997,1.54603691534976,0.490485098253647,3.15205685321401,0.00162124703240261,0.0141490650100591
"SYCE1L",2.45687557698099,-1.55867889889158,0.481746939474046,-3.23547234278911,0.00121441649865055,0.011427053139437
"SYDE1",3.81505996809137,-2.07523706153448,0.726822911194584,-2.85521690300555,0.00430074457662088,0.0283958021666513
"SYNCRIP",123.982219973415,-1.32425001419838,0.15839214120219,-8.36057902966256,6.24111732038707e-17,4.88305019147084e-14
"SYNJ1",388.588863845584,1.99533691160531,0.64010713572145,3.11719210778116,0.00182582552159635,0.0153935979320796
"SYNPO2",27.9343593000474,-1.05903815198333,0.352954424541588,-3.00049547008455,0.00269540762913977,0.0204448563164223
"SYT12",3.0825068904579,-1.51294933809328,0.56669408389922,-2.66978142366199,0.0075900638084656,0.0425250233950227
"SYT8",12.7532861474155,-1.32059475612644,0.375512894140502,-3.51677605944556,0.000436822154121244,0.00529875431603816
"TADA1",8.28635785856348,-1.98578320849671,0.367812655444352,-5.39889854006708,6.70512780581741e-08,4.62210748482074e-06
"TAF1D",17.3184257472373,1.0719649816637,0.282490086091708,3.79469947598691,0.000147822396007601,0.00230796558632334
"TAGAP",36.7606584240754,2.27083967142567,0.724605179007314,3.13389931125893,0.00172500036521499,0.014791605442115
"TANK",19.2129361663509,1.42074176388504,0.354494584006522,4.00779540219691,6.1288178478476e-05,0.00115407631387628
"TAOK1",93.9303826165075,1.37346878340805,0.32397394601255,4.23944209191083,2.24075985673512e-05,0.000517933907511128
"TAP1",49.5525292075719,1.20317535930738,0.354361078223393,3.39533722309335,0.000685441185591136,0.00741424664857843
"TATDN1",6.84196141486608,1.47086823571448,0.412388758915886,3.56670302939682,0.000361500753362131,0.00458037553733653
"TBC1D17",18.4034213277688,-1.25851693818002,0.297185523469856,-4.2347854750323,2.28769994238915e-05,0.000526440127919197
"TBC1D22A_AS1",5.45060075366978,-1.05055590849705,0.303549168627677,-3.4609085350045,0.000538355689890717,0.00616541704334442
"TBCA",69.5783669506183,1.38466272735583,0.318341301803341,4.34961696616802,1.3637552838217e-05,0.00034530813400068
"TBK1",23.494563732657,1.28589296218556,0.374346509230823,3.43503393374153,0.000592479633240659,0.00660336274996427
"TCEB1",14.2761908457406,1.21268105349924,0.347906171133408,3.48565548449047,0.000490932825485482,0.00578908579743544
"TCF24",2.93055218918376,-1.63214019532369,0.555255477979128,-2.93944005967113,0.00328805862583902,0.0236558810929329
"TDH",5.21342419940013,-3.24461641798832,0.752638706521719,-4.3109879811831,1.62526740320305e-05,0.000399877112033355
"TDRD7",30.44417007294,1.06485287102719,0.280464279275492,3.79675042318389,0.000146605255740863,0.00229178725457845
"TEAD4",1.4555442376411,-1.91325207904029,0.51952882243019,-3.68266782599415,0.000230805822533654,0.00322181044692829
"TEK",18.8235007327604,4.19174052786624,1.38403254169838,3.0286430423973,0.0024565475116038,0.0191354529034426
"TESPA1",2.96253042422836,1.96531728789588,0.749085265053911,2.62362294331665,0.00870000396769662,0.0469410048839184
"TET1",6.70299916892507,-1.33721057973019,0.428815527341286,-3.11838190193595,0.00181847003250335,0.015364697121281
"TEX101",191.571265412022,-1.22327290365746,0.424072885145444,-2.88458174645595,0.00391933988855765,0.0266414565795442
"TEX264",78.5753253187152,1.76454466525324,0.53013333874481,3.32849216657668,0.000873174605139263,0.0089713435512741
"TEX9",18.5133182184246,1.21084223032105,0.392542577162699,3.08461374833024,0.00203816655821801,0.0166286723445537
"TFEC",11.7057051603478,2.37449714643649,0.661966464848999,3.58703540515174,0.000334458925439423,0.00431816276012879
"TFF3",12.6556824415171,-1.40068270548253,0.512789500418072,-2.73149646071257,0.00630474181607839,0.0372148622927177
"TGM3",26.8215306783566,3.4996278735424,1.00899366016422,3.46843395722903,0.000523501181885407,0.00606796036603174
"THAP2",1.69039368080094,1.51523641027742,0.579757310752462,2.61357016492091,0.0089601683538585,0.0478038576205857
"THAP7",4.69200100267809,-1.11542560030274,0.323848982035791,-3.44427700001066,0.000572588754041391,0.00644454982682073
"THBS4",6.90258630758688,1.84434911514167,0.705473279316883,2.61434297969098,0.00893992424750979,0.0477609882639239
"THEG",2.48056775938094,-3.45063896441464,0.73310742104243,-4.70686677746088,2.51553183401497e-06,8.98699592206991e-05
"THOC1",15.6677273545824,1.13507715046812,0.252016623694335,4.50397729256476,6.66933359335417e-06,0.000193262466794085
"TIGD3",1.50487952711706,-2.24008671827208,0.553600727674211,-4.04639410010016,5.20126386040628e-05,0.00101991700360448
"TIMM8A",1.46134902905736,-2.23569697029284,0.451437436577412,-4.95239603352982,7.33052233106281e-07,3.35403548059856e-05
"TIPARP",21.5730212699184,1.21525998336086,0.354781844351663,3.42537252880472,0.000613956959181709,0.00682329438726945
"TK1",3.49003870788658,-1.2044483264206,0.410052822699302,-2.93730041532684,0.00331083207113529,0.0237978411801218
"TLR3",4.35707328720963,1.42347932883318,0.514172820542507,2.76848419823371,0.0056317716567296,0.0343036056381879
"TMA7",87.8656762051634,1.31993031413004,0.268493018079737,4.91606941428194,8.82990999570884e-07,3.83806754480144e-05
"TMED5",21.1251706171498,1.1246157828289,0.382970940966676,2.93655643947869,0.0033187842272518,0.0238256419962609
"TMEM117",23.3542973845171,3.15565908098014,0.757775842054963,4.16437012880024,3.12213280029376e-05,0.00068907100224255
"TMEM121",1.2776637830648,-1.91336000132732,0.587346962269398,-3.25763156062723,0.00112346168061787,0.0108989016604516
"TMEM140",13.9901981377591,1.94922904175437,0.561066763316143,3.47414812139932,0.000512478046794505,0.00596670868767888
"TMEM154",32.5664449242641,1.51862313726616,0.411956874180434,3.6863643561899,0.000227480601100909,0.00319382617399193
"TMEM165",40.3639405639234,-1.46622398412315,0.235910133270311,-6.21518017813638,5.12657898582902e-10,6.79836508222478e-08
"TMEM201",7.42772350772402,-1.0499775359594,0.358608598359427,-2.92792069337674,0.00341237072729697,0.0242712623367013
"TMEM222",9.58033543667408,-1.27150887431088,0.396569451818716,-3.20627034805527,0.00134467590165093,0.0122877508906774
"TMEM229A",13.3532630107665,3.19226734942897,0.946224234264417,3.37369011892894,0.000741678097584181,0.00784174248040356
"TMEM232",24.587254484687,1.09092836205996,0.411655581249648,2.65009977211598,0.00804680038022856,0.0441811692455497
"TMEM54",6.67057527182973,-1.07620986059254,0.377096858464581,-2.85393483513634,0.00431813878009395,0.0284626097855561
"TMEM87A",81.334887443244,1.66500613629345,0.420169371507524,3.96270230340584,7.41061648363802e-05,0.00134456598606641
"TMEM8A",32.6618869470283,-1.41149713253944,0.316938164026346,-4.45354107756524,8.44655392406532e-06,0.000231880132989077
"TMPRSS11B",16.8416541106955,4.07882952212699,1.26989520413733,3.21194182704064,0.00131841068835143,0.0121427253980713
"TMPRSS11E",19.2580142418071,2.51509403491177,0.821469861317573,3.06169970846861,0.0022008412304364,0.0175364845326717
"TNF",5.60213266371154,2.73424537269225,0.79777910760033,3.42732135580322,0.000609567234133589,0.00677932343974585
"TNFAIP3",133.443524453716,2.07482007953901,0.423010114748889,4.90489472283821,9.34774621246259e-07,3.98565484285053e-05
"TNFAIP6",5.87908380110138,4.7153630629579,1.14040907240974,4.13479967586904,3.55264392210473e-05,0.000763623243037017
"TNFAIP8",13.2354829386488,1.05745100012492,0.313483367936579,3.37322840151078,0.000742922988744076,0.00784623131727893
"TNFRSF11A",7.26804852368839,-1.36734334675271,0.316799600410721,-4.31611449313695,1.58799635821132e-05,0.000393179857805234
"TNFRSF19",194.05596055623,-2.14064747877391,0.431501510104173,-4.9609269693103,7.01575674023899e-07,3.25764277362788e-05
"TNFRSF1B",39.2892757292834,2.52030465519672,0.677191372036708,3.72170225325923,0.000197884275060737,0.00288195582081306
"TNFSF10",85.0599525903891,1.64712437275951,0.319716135635994,5.15183373364303,2.57951684692867e-07,1.44158141502642e-05
"TNFSF13B",10.0528095923654,3.4014275952679,0.741892178113639,4.58480045431465,4.54420209325847e-06,0.000145117702765936
"TNFSF15",2.50669423415177,2.25276654859663,0.84502194362388,2.66592668462032,0.00767764343507592,0.0428400508157036
"TNIK",10.758023235135,1.30192673529225,0.423316482558258,3.07553990674831,0.0021012180758262,0.0169658722654945
"TNK1",9.16179885213694,-1.05142432479906,0.271661311937533,-3.87034987536551,0.000108679266201545,0.00182520488476278
"TNNI2",65.3403838778004,-1.17623639475744,0.421677848982998,-2.78941945277488,0.00528026290084537,0.0327731344604718
"TOMM22",18.5212608797268,-1.20712895670749,0.217098140314488,-5.56029155735209,2.69324342843359e-08,2.11778257126276e-06
"TONSL",19.8366847609241,-1.49736722005744,0.50738065635939,-2.95117127799374,0.00316571316192942,0.0229657299758329
"TOP1",114.793864431265,1.16542211112371,0.237175627927497,4.91375155747444,8.93499608462512e-07,3.87298666848238e-05
"TOR1B",12.960112107518,1.12955414820383,0.391036444965283,2.88861604269164,0.00386941227731199,0.0263943170511674
"TOR4A",20.25484400692,-1.90612518372929,0.342022091451442,-5.57310545538228,2.50237987743583e-08,1.9978159661712e-06
"TP53I13",16.4328263517214,-1.37191403695252,0.303643217349266,-4.51817777762009,6.23741046048332e-06,0.000183099046507374
"TPCN2",25.8762610009018,-1.22722800025414,0.39415593151673,-3.11355964004324,0.00184845147277057,0.0155258017423048
"TPR",167.3523578955,1.00363445081726,0.176517907262917,5.68573730778706,1.30249478186499e-08,1.18496734573392e-06
"TPT1",471.202363396222,-1.23658764575478,0.235061597133652,-5.26069617850711,1.43510995867005e-07,8.77210962237066e-06
"TRAF1",29.0000022540849,2.66462860150835,0.795961752610499,3.3476842232296,0.00081489806213953,0.00847454204668793
"TRAF3IP3",13.6294749096114,2.03468289461301,0.539009642856891,3.77485434922586,0.000160101180026406,0.00245373483354867
"TRAPPC10",58.9037065688679,1.35450376726886,0.421388481706689,3.21438251416582,0.00130725398759887,0.0120902583585683
"TRAPPC5",10.595912618858,-1.13537808788551,0.384657193581969,-2.95166217304491,0.0031606852300579,0.0229505347934784
"TRAPPC6A",6.36378289198718,-1.58323919365031,0.363859792238806,-4.35123425951722,1.3537332250637e-05,0.000343326053578554
"TREM1",33.4028228035556,2.23564375900726,0.784134798301168,2.85109621949032,0.00435687830485156,0.0286335286494402
"TREML2",14.3824735419731,2.87975584540015,0.915127437657551,3.14683586886155,0.00165047581190189,0.0143378797302346
"TRIM2",244.514441078265,1.29709761046878,0.417774275800038,3.10478094417097,0.00190419992605617,0.0158916909028944
"TRIM21",34.9910084647393,1.15765379179431,0.289518293971689,3.99855144182189,6.37313307137115e-05,0.00119433277006965
"TRIM22",192.206996668367,2.21283426641252,0.296172880399972,7.47142771284176,7.93293440259748e-14,2.7585457229299e-11
"TRIM25",103.167293473566,1.42387629330932,0.422274649622279,3.37191989759027,0.000746461552437549,0.00787635224041994
"TRIM5",22.5315262045997,1.27410302206101,0.343861630324368,3.70527825642872,0.000211158792609942,0.00302030419265117
"TRIM69",2.89194207258717,2.71045072500429,0.838148729761005,3.23385412249824,0.00122131820586934,0.0114850885128867
"TRIM9",2.14389548620589,-2.47063034462824,0.673584722232172,-3.66788358328689,0.000244566485496188,0.00338072117053387
"TRIP6",26.6236949102004,-1.10595605422918,0.249960521739045,-4.42452290679638,9.66556481680576e-06,0.000258984175091398
"TRMT10C",6.69546127788682,1.15721826261992,0.350502692735596,3.30159592666202,0.000961364552576222,0.00971170595139621
"TRMT61A",5.68063009719501,-1.03933761211329,0.381355163373742,-2.72537967735525,0.00642275816767097,0.0377548158556406
"TRPM4",40.8097767934202,-1.35621786425348,0.251402756976599,-5.39460219356195,6.86755319827594e-08,4.71331019502727e-06
"TRPV2",29.1121995518909,-2.0844227317718,0.515178857366611,-4.04601761498236,5.20963145552779e-05,0.00102027926177846
"TRUB2",7.14517306816371,-2.41941846534317,0.3280416677792,-7.37533887607122,1.63927544710298e-13,5.57638743397119e-11
"TSEN2",17.6639109430026,-1.23061440384078,0.39037775674413,-3.15236814234623,0.0016195194740863,0.0141418754076464
"TSEN34",14.5024077879245,-1.00177216255739,0.332453368638842,-3.01327120449684,0.0025844783876971,0.0198244695150413
"TSKS",49.8574254186367,5.92825463189,1.15953147220834,5.11262934554037,3.17705302142307e-07,1.72022580204942e-05
"TSPAN10",127.547904274357,2.29002385784838,0.715935359721414,3.19864611623524,0.00138074543480679,0.0125397008495976
"TSPAN11",5.17967657947092,-1.37862244761631,0.455828099197891,-3.02443497898054,0.00249098009477055,0.0193352143707799
"TSPAN12",4.99325308771223,-2.09894163216551,0.443628251782898,-4.73130740373292,2.23078405613376e-06,8.15591329681801e-05
"TSPAN4",2.51742342382894,-1.27509892676163,0.438264813923999,-2.90942573131765,0.0036209340698801,0.0253061082293362
"TSPO",10.2911706014326,-1.51104062945637,0.427297621846202,-3.53627203195678,0.000405816579331056,0.0049844723966816
"TTC21B",24.1046534736412,1.03897590218846,0.359508693310453,2.88998825764486,0.00385256216648858,0.0263252806904861
"TTC30A",19.3779873752405,-2.76653721917286,0.35583844589815,-7.77470015132855,7.56263271672125e-15,3.2872243542015e-12
"TTC33",8.55974559345944,1.09489163005153,0.356224189391729,3.0736026992471,0.00211490879818322,0.0170500220885992
"TTLL4",48.3608612753218,1.04560325343451,0.319408858977505,3.27355746106013,0.0010620279500904,0.0104585357854088
"TUSC1",4.13417985074217,-1.20610641022257,0.352618926538301,-3.42042448504695,0.000625234915609622,0.00692894897978709
"TVP23B",11.2770784343334,1.31106381555188,0.434461893955625,3.0176727436671,0.00254723817599327,0.0196060909876747
"TWF1",29.0116627431852,1.3523893124812,0.310755014803903,4.35194686507183,1.34933967728871e-05,0.000342767325815157
"TXLNB",22.8576847295714,1.20349724884913,0.370237552391059,3.25060826779113,0.00115158411402915,0.0110484293171846
"TXN",80.553189645881,1.02365407779544,0.287319092339841,3.56277777943369,0.000366951291806344,0.00462323173444901
"TXNDC11",25.459639593903,-1.19236595842964,0.279150290128008,-4.27141221269327,1.94238989715411e-05,0.000461221807445637
"TXNDC17",3.34694287588907,-1.24668206349979,0.386625524396721,-3.22452084725931,0.00126183668866132,0.0118093424068016
"TXNDC5",1.8455891325309,-1.06610624503936,0.404153816010379,-2.63787251983284,0.00834279377176803,0.0453764466251742
"TYMP",199.475855050968,1.22100443126514,0.317669726609086,3.84362855188802,0.000121228450878425,0.00197345919876758
"TYW1B",9.66961827624068,1.04858419131782,0.360553427130814,2.90826299908497,0.00363442542588914,0.0253664090384983
"U2SURP",72.090051245483,1.16548744307098,0.211580099747437,5.50849273850529,3.61919167874576e-08,2.72274573985643e-06
"UBC",248.452759193579,1.0771192071546,0.227893633747928,4.72641200827048,2.28521748891777e-06,8.29677105953255e-05
"UBD",13.3892853090697,2.77493376973783,0.641742583999961,4.32406051728991,1.53183245546095e-05,0.000381005318938407
"UBE2D1",11.9752145180346,1.06138703819367,0.408463708029435,2.5984855381991,0.00936359891412089,0.0493504869680578
"UBE2L6",66.9649997831461,1.46478753696392,0.360170636915307,4.06692658099268,4.76372430835623e-05,0.000954452726980259
"UBE2Q2",28.3779137423317,1.25636775939573,0.27199437916332,4.61909456827905,3.85418178633177e-06,0.000127182050427897
"UBE2Q2P2",42.2630666652663,1.54655869326068,0.351473558258685,4.40021349236864,1.08144427615234e-05,0.000285369983696996
"UBL4A",5.90377993167961,-2.25824757303769,0.480925648082629,-4.69562723893173,2.65789856562535e-06,9.36729656642015e-05
"UCMA",4.25139726041102,-1.93687503572967,0.698548054545233,-2.77271552490488,0.00555906938092562,0.0339930901417445
"UNC5B",28.7345925367214,-1.57591967828315,0.339682760917835,-4.63938668546193,3.49444673422575e-06,0.000116839962600779
"UNKL",20.2184065182636,-1.09515467314017,0.292084611606374,-3.74944324220698,0.000177227601319602,0.00265129780635673
"UPF2",117.769343918915,1.15782731767017,0.20540276949427,5.63686322497455,1.73175546597785e-08,1.4807928705804e-06
"UQCRB",48.4626825130348,1.21100422345112,0.248722083247148,4.86890511546488,1.12218270870603e-06,4.60890158158321e-05
"UQCRH",27.9440816823618,1.03767826937153,0.290969465809283,3.56627891000657,0.000362086009791541,0.00458407919192398
"USH1G",3.41028926689476,-2.05011205594631,0.648379086870333,-3.16190342572894,0.00156741537213634,0.0138519136685243
"USP1",16.7767892451717,1.01138647596798,0.270405684476047,3.74025597105217,0.000183832947823389,0.00273183092833846
"USP15",36.8371167620727,1.5753643408181,0.360788094675012,4.36645322855551,1.26280312931603e-05,0.000325005647492388
"USP16",30.7965092183559,1.24862077675835,0.286571152566186,4.35710561086559,1.31793684347745e-05,0.000337529880961296
"USP18",68.9251695160601,2.65060219004883,0.385076089878734,6.88332062082468,5.84732162409029e-12,1.23029760571297e-09
"USP25",50.980899328944,1.01939243633009,0.240219434491703,4.24358852766053,2.19973536154702e-05,0.000512224091331663
"USP8",97.2973957750499,1.10099915171542,0.206461186545515,5.33271735059363,9.67538526391358e-08,6.28217546098422e-06
"VARS2",24.0235156364514,-1.32888690320086,0.218736292236475,-6.07529225997945,1.23762105540693e-09,1.50126312209362e-07
"VASH2",3.23796377428841,-2.46526698101516,0.509080947049537,-4.842583473813,1.281617663666e-06,5.14224441052451e-05
"VAX1",6.74286757611426,-3.54308382913434,0.677181294518868,-5.23210528378767,1.67590244584083e-07,9.93353086080198e-06
"VGF",8.79903335764911,-2.76860167013513,0.562972793450051,-4.91782498612123,8.75110967805591e-07,3.81441126022894e-05
"VIPR2",2.0126809143168,-2.00001944527308,0.617364250913651,-3.23961007187119,0.00119693258458257,0.0113076970846564
"VMP1",45.9973153407365,1.18540475235046,0.365171113136491,3.24616244195468,0.00116972074543671,0.0111404687915969
"VNN2",14.9827190481447,1.61903334316157,0.578019418407001,2.80100164735567,0.00509442589678043,0.0320279535688309
"VNN3",39.5386861076415,1.17681400582021,0.318002231840582,3.70064700178002,0.000215050457211985,0.00305086994964019
"VPS51",19.6324438034308,-1.27456566321666,0.267159644316522,-4.77080161742767,1.8349419462282e-06,6.90220470542761e-05
"VSIG2",11.1667301407008,-1.02856603194836,0.384755481433467,-2.67329792967803,0.00751095115309681,0.0421916383739362
"VTRNA1_2",72.4007842945589,-2.07160720644504,0.569528049561517,-3.6374103225293,0.000275393028819272,0.00370537413152534
"VWA1",17.5294336883447,-1.11449203808445,0.393085526460245,-2.83524058522455,0.00457911872168592,0.0294867097718184
"WARS",157.585125155033,1.67354897843426,0.404141913105203,4.14099335942573,3.45804973017255e-05,0.000747397267648344
"WBSCR16",14.6529120301054,-1.82702271898485,0.262165035156018,-6.96897936026275,3.19248528169781e-12,7.13657281257248e-10
"WDR63",45.1163704765659,1.06971034710728,0.365448043330821,2.92712019294882,0.003421166383127,0.0242910884013513
"WDR70",27.3538771557183,1.22784828426751,0.263901490054614,4.65267658781847,3.27653932705496e-06,0.000111459320412513
"WDR78",71.035399372302,1.08427817778015,0.346542003053656,3.12885066810289,0.00175491471048517,0.014965071057042
"WIPF1",50.470009544113,1.49277581922913,0.502875524305084,2.96847976701982,0.002992768043461,0.0221328502966128
"WSB1",49.1685910857901,1.00199627847701,0.340340880761057,2.94409615511479,0.00323899351294143,0.0233781229199758
"XAF1",109.396433631894,3.19864726495216,0.395602931450071,8.08549940018799,6.1909983038609e-16,3.87506965835261e-13
"XRN1",96.2388465979197,1.60341704165118,0.251031597151769,6.38731163663744,1.68827366095e-10,2.590010416328e-08
"XXYLT1",5.7547963056918,-1.21194562873133,0.368025392462726,-3.29310328458946,0.000990880671969751,0.00993182281418009
"YDJC",3.1039695734614,-1.48404576871952,0.410858490028901,-3.61206061146536,0.000303773538804293,0.00400895906873308
"YJEFN3",4.77927558706175,-1.53107335143375,0.522610060883162,-2.92966681285543,0.00339325628195372,0.0242013100729316
"YPEL1",8.3179035956714,-2.96705781138737,0.417374119925377,-7.1088686857677,1.16997995625053e-12,3.10302480600141e-10
"YY1AP1",214.592489443026,1.70603453959751,0.377468583653034,4.51967293035884,6.19352398465999e-06,0.00018217342727812
"ZBBX",166.603235079794,1.26311178775499,0.35206898079138,3.58768268910193,0.000333629961432048,0.00431101704086597
"ZBED2",2.59037631938419,2.60542397065619,0.921538222938608,2.82725545810568,0.00469488584169808,0.0300350626539075
"ZBED3",4.75232366610653,-2.6504578419553,0.740771650519971,-3.57796878443561,0.000346274794304811,0.00443413091757912
"ZBP1",18.7431013455037,3.99382420309232,0.711235523020775,5.61533285926112,1.96184213803813e-08,1.6329205200011e-06
"ZBTB1",23.3472133882611,1.31034102701981,0.310023578586904,4.22658506489209,2.37264602256639e-05,0.000542794809373083
"ZBTB46",5.54316105781724,-1.01916578310991,0.31303147263327,-3.25579333776417,0.00113076023690758,0.0109425703074396
"ZBTB8A",8.69613036827933,-1.25774227752746,0.331592486037057,-3.79303612261859,0.000148816498165714,0.00231940295149113
"ZC2HC1C",15.9569037914895,1.04482228135523,0.348745013433373,2.99594902037169,0.00273592169166988,0.0206819819474639
"ZC3H12A",56.7212044929755,-1.19365050889469,0.445996646196011,-2.67636655807965,0.0074425196519449,0.0419677648697779
"ZC3HAV1",58.5751065761612,1.18757968020089,0.277689914307254,4.27663958614959,1.89735606547764e-05,0.000453253960225288
"ZC4H2",8.8143178568366,4.42557093198034,1.26913156746218,3.48708600860819,0.000488314289757008,0.00576689962725861
"ZCCHC10",5.55527851468833,1.18419155645308,0.445352588577124,2.65899780719027,0.00783734730920135,0.0433966067566818
"ZCCHC17",20.2462059064731,1.07852408010316,0.304325704586083,3.54397957139398,0.000394135783356151,0.00487401131902447
"ZCCHC2",42.1705809742222,1.53499883367469,0.303344183479854,5.06025471154826,4.18696774880476e-07,2.10284578610605e-05
"ZDHHC8",9.27917596310493,-1.0030325648504,0.316519578190572,-3.16894319960987,0.00152994291345439,0.0136302196117398
"ZEB2",49.1446521100338,1.73777199239689,0.451352919654499,3.85014013807005,0.000118050261038927,0.00193429370129542
"ZFAND4",41.6002069057435,2.79494664599867,0.586546021421283,4.76509352024267,1.88766076194103e-06,7.08348095991684e-05
"ZFP36",247.413056645681,2.12446273139692,0.61582628409495,3.44977599408434,0.000561051895722925,0.00635723393502703
"ZFYVE16",27.0965027094898,1.21418463323864,0.31324483117225,3.87615217366817,0.000106121329604503,0.00179522871962299
"ZKSCAN8",14.7343799567884,-1.44585938614425,0.25690874541172,-5.62791034546965,1.82405847693137e-08,1.53456274446355e-06
"ZMAT5",2.72854055521414,-1.07616297124529,0.356181527952002,-3.02138905808251,0.00251617827607215,0.0194723826231341
"ZMYM5",6.50595171852266,1.12290878052337,0.395414914744522,2.83982403963918,0.00451384247328754,0.0293203017941069
"ZNF117",10.8106847909656,1.52465524742448,0.487957729011137,3.12456419230051,0.00178068663938014,0.0151189281242651
"ZNF205",7.95229974685491,-1.12851215669123,0.367696694606299,-3.06913870384273,0.00214676895195525,0.0172153437084585
"ZNF213_AS1",3.11879034738032,-1.39340674938409,0.403634644263893,-3.45214854370402,0.000556141466480304,0.00631989954065635
"ZNF221",3.44927762038769,1.37346610663609,0.508124131573182,2.70301294761136,0.00687140696723235,0.0397059734945538
"ZNF267",21.1066016194171,1.62930090802456,0.403955820747854,4.03336410652084,5.49839833235195e-05,0.00106397746303554
"ZNF277",12.2604270108241,1.16214270461001,0.319065232368242,3.64233575681084,0.000270175359117779,0.00366352168065426
"ZNF280B",3.58391325733312,-1.42083396648754,0.428513278242146,-3.31572914686823,0.000914043707793067,0.00928763372697787
"ZNF316",72.9234756711393,-1.06672328116493,0.283216318940425,-3.7664612164856,0.000165577791172935,0.00251062139173845
"ZNF358",6.27895715446732,-1.02416114633461,0.37348503559832,-2.74217451495457,0.0061033905155154,0.0364248111314969
"ZNF408",7.41463372587181,-1.43568403951608,0.324614414762877,-4.42273655827889,9.74585483211567e-06,0.000260407899450736
"ZNF428",32.601991602835,-1.467773809248,0.248522369503866,-5.90600279636064,3.50508025309786e-09,3.83548921681645e-07
"ZNF436_AS1",2.08162515082312,-1.45671286868167,0.429994685126513,-3.38774621889355,0.000704694349539028,0.00756209701432268
"ZNF438",12.6636242712989,2.09542134368269,0.634486534011171,3.30254659690823,0.000958111678393289,0.00968509789631666
"ZNF493",9.02028371309459,1.15799836936785,0.377656863370367,3.06627121518033,0.00216746611344541,0.0173397289075633
"ZNF503_AS2",4.88526525608577,-1.77020803455727,0.437897384727661,-4.04251794209324,5.28802648458573e-05,0.00103175858392516
"ZNF540",10.4564397551307,3.04129161345852,1.06313319294994,2.86068729076144,0.00422723782421804,0.0280782972887058
"ZNF546",4.42187946256718,1.57360190246496,0.448699594606647,3.50702768930393,0.000453141993708375,0.00546705159410073
"ZNF585A",11.0635433402326,1.96175846724768,0.736317351340151,2.66428390377754,0.00771524185174715,0.0429484541074847
"ZNF628",84.6599597240578,-3.2256863575568,0.427338703161085,-7.54831316165827,4.40931677918183e-14,1.56811338546903e-11
"ZNF653",44.0455691031941,2.10019213087175,0.565471592926336,3.71405417556553,0.000203965099609042,0.00294432276631207
"ZNF654",6.48739075531573,1.25321505361815,0.448441119176874,2.79460334930584,0.00519634283885154,0.0324729923092448
"ZNF707",68.6595409871716,2.02916629543933,0.616577217796433,3.29101730792342,0.000998257711300169,0.00998130138429716
"ZNF709",6.90455355481752,1.06636659355085,0.367805148456212,2.8992704371505,0.0037403212875964,0.0258746894378022
"ZNF710",27.574236943004,-1.09145783214986,0.21509967132246,-5.07419572256636,3.89138366334216e-07,2.00964922653393e-05
"ZNF766",7.99102004314061,1.07839268528299,0.346733848107292,3.11014540740569,0.0018699526533351,0.0156643571302931
"ZNF777",70.8494378858196,1.97219329021461,0.496790063060114,3.96987266223956,7.19110530209366e-05,0.00131763952888948
"ZNF791",9.41259528194079,1.07155619258351,0.345629357977499,3.10030432268219,0.00193321902979525,0.0160227814503369
"ZNF81",21.555636451611,2.42693982287619,0.745757930937517,3.25432653438255,0.00113661551009901,0.0109788638901415
"ZNF826P",1.27402343893027,-2.92982240208288,0.531690386277518,-5.51039190795834,3.58035624359647e-08,2.70654176327525e-06
"ZNF83",24.6291542754729,1.35489377039755,0.271740688844992,4.98598048071638,6.16483686396629e-07,2.92325355294983e-05
"ZNF830",25.3972183776423,-1.56163146425191,0.28895518387193,-5.40440715866876,6.50230917206131e-08,4.56417964775334e-06
"ZNF844",5.4920829385147,1.39060852591986,0.427924917236082,3.24965541829544,0.0011554492137197,0.0110719346578603
"ZNF845",4.59951282981899,1.44020585955335,0.539127865262004,2.67136231004021,0.00755440581988078,0.0423544759116784
"ZNF888",6.95797538076246,1.13555458589326,0.408922385246957,2.77694405310551,0.0054872623260794,0.0336460348269947
"ZNFX1",250.532893761874,1.07179416979565,0.236656051006304,4.52891090355895,5.92884908754804e-06,0.000177050821606778
"ZNRF1",19.8246213808424,-1.61702858944472,0.32920075251199,-4.91198327192715,9.01597466300255e-07,3.89729203112331e-05
"ZRSR2",67.5337423649621,1.8530777080051,0.305687270085528,6.06200483090652,1.3443517577811e-09,1.60583330578311e-07
"ZUFSP",5.33915325591296,1.20968300352961,0.376578015960524,3.21230383150253,0.00131675038770137,0.0121417266156459
