"gene","baseMean","log2FoldChange","lfcSE","stat","pvalue","padj","direction","comparison"
"GUK1",1087.13453015142,-4.37823993019334,0.307419283837389,-14.241917018157,5.03272901691751e-46,8.03525514841049e-42,"Down","COVID19_vs_OtherVirus"
"SNORD87",94.1225360038957,2.88144789363999,0.229889260608166,12.5340691688563,4.86034562719439e-36,3.88001391418928e-32,"Up","COVID19_vs_OtherVirus"
"FAM159B",8464.61035094998,-4.42775776562564,0.35539027808363,-12.4588601283677,1.25146553845662e-35,6.66029959566613e-32,"Down","COVID19_vs_OtherVirus"
"SNORD102",18.8098176462022,4.48358845099947,0.360928656855377,12.4223675949234,1.97625060700148e-35,7.88820429784643e-32,"Up","COVID19_vs_OtherVirus"
"PTCH1",2950.39183057043,-4.23075977652879,0.358537777671489,-11.8000390475038,3.90130386567623e-32,1.24576435038773e-28,"Down","COVID19_vs_OtherVirus"
"MIR191",773.541949188254,-3.97233809520373,0.343589939232206,-11.5612759328181,6.47396164218788e-31,1.47661816541674e-27,"Down","COVID19_vs_OtherVirus"
"SNORD99",163.581760174231,2.96623821987094,0.25648590308137,11.564917152308,6.20511592737342e-31,1.47661816541674e-27,"Up","COVID19_vs_OtherVirus"
"CACNA1F",102.912113359806,-3.69896543287048,0.327638484572893,-11.2897770165566,1.4741016604148e-29,2.94193838877284e-26,"Down","COVID19_vs_OtherVirus"
"SNORD61",48.2673225600331,2.96446176785507,0.265224055907414,11.1771979269102,5.2728630373097e-29,9.35405902818741e-26,"Up","COVID19_vs_OtherVirus"
"SNORD45A",16.1048256068238,3.74228705790248,0.336925585222758,11.1071620026371,1.15780912380338e-28,1.84855804706447e-25,"Up","COVID19_vs_OtherVirus"
"SNORD12B",86.9240634393898,3.1697461564209,0.287816002124302,11.0130991085477,3.30437869455038e-28,4.79615547610831e-25,"Up","COVID19_vs_OtherVirus"
"TNIP3",18.2449952908835,-3.1435204558464,0.287564586522,-10.9315284398064,8.14645637583747e-28,1.08388602080518e-24,"Down","COVID19_vs_OtherVirus"
"SNORD8",142.814418646811,2.36696553520727,0.221855721405076,10.6689406981105,1.4223867004483e-26,1.74690969687366e-23,"Up","COVID19_vs_OtherVirus"
"SNORA45B",58.0730279592086,2.72475056148409,0.256066141489323,10.6408076664743,1.92453802073808e-26,2.1947981456503e-23,"Up","COVID19_vs_OtherVirus"
"TSPAN5",81.2501691716321,-3.77881632099852,0.356231837841195,-10.6077445067756,2.74290418679808e-26,2.91954721642787e-23,"Down","COVID19_vs_OtherVirus"
"OSGIN1",57.3451550516797,-3.26915916041047,0.309100242538792,-10.576372032449,3.83522328204461e-26,3.82707343257027e-23,"Down","COVID19_vs_OtherVirus"
"TGFBR3",153.456852433184,-3.73142188950742,0.354128781541819,-10.5369065831402,5.83879450308143e-26,5.483658413894e-23,"Down","COVID19_vs_OtherVirus"
"SNORD12C",76.4366616761339,2.54840432774052,0.244120873623411,10.4391086674209,1.64346535106705e-25,1.45775376639647e-22,"Up","COVID19_vs_OtherVirus"
"SNORD58A",29.5111515052436,3.17137576646325,0.304909335023,10.4010451704406,2.45228469661786e-25,2.06069355085267e-22,"Up","COVID19_vs_OtherVirus"
"SNORD105B",19.0102662973241,2.37788528955533,0.228831776920739,10.3914120737653,2.71306281572568e-25,2.16583804579381e-22,"Up","COVID19_vs_OtherVirus"
"SNORD110",19.021763276255,2.80191290634177,0.270045834493854,10.37569385802,3.19880087784398e-25,2.43200261026938e-22,"Up","COVID19_vs_OtherVirus"
"TFEC",40.8358511179532,-3.40664422209517,0.329780258787947,-10.3300429037679,5.15375282594647e-25,3.74021898268461e-22,"Down","COVID19_vs_OtherVirus"
"SNORD55",307.057551314644,2.19859563008776,0.213614446624035,10.292354589469,7.62876684243632e-25,5.29569093071036e-22,"Up","COVID19_vs_OtherVirus"
"OPRL1",80.6400944220379,-4.26729929711556,0.417181524026239,-10.2288789204556,1.4721364170325e-24,9.7933875143087e-22,"Down","COVID19_vs_OtherVirus"
"VEGFA",282.090237606898,-1.81439021918913,0.178001791188637,-10.1931009068686,2.12864005666444e-24,1.35943468578818e-21,"Down","COVID19_vs_OtherVirus"
"RAMP2_AS1",11.5139238239824,-4.74874722420027,0.466290695532378,-10.1840917472704,2.33530374344785e-24,1.43405613722648e-21,"Down","COVID19_vs_OtherVirus"
"MTRNR2L6",38.29936446663,-2.16197702914732,0.213461767475959,-10.1281698109748,4.14331740002992e-24,2.41418393297309e-21,"Down","COVID19_vs_OtherVirus"
"PLEKHA4",153.222794875168,-2.39771950040436,0.236787097218851,-10.1260563965116,4.23381874754143e-24,2.41418393297309e-21,"Down","COVID19_vs_OtherVirus"
"SNORD79",32.416579501582,3.12905971549498,0.313203984929326,9.99048500676341,1.67758895707685e-23,9.23599492713412e-21,"Up","COVID19_vs_OtherVirus"
"TUBA3FP",43.1277493971863,-3.17929919558505,0.319289195425749,-9.95742806563086,2.34038847095694e-23,1.24555474424328e-20,"Down","COVID19_vs_OtherVirus"
"RPS6KA4",283.021899429896,-2.76946852504374,0.283011087501219,-9.78572447283295,1.29663330181173e-22,6.57744284426747e-20,"Down","COVID19_vs_OtherVirus"
"SNORD48",15.7972555011338,2.74982740194418,0.281052094292983,9.78404878590808,1.3182899349653e-22,6.57744284426747e-20,"Up","COVID19_vs_OtherVirus"
"CMKLR1",18.5024709110856,-2.49603428865386,0.259248495843031,-9.62796054240234,6.09266720200791e-22,2.94774316809873e-19,"Down","COVID19_vs_OtherVirus"
"RNY5",1299.8796158513,2.29250277489313,0.23936822538613,9.57730614075883,9.96090567700936e-22,4.67752411879798e-19,"Up","COVID19_vs_OtherVirus"
"SNORD21",37.0030328032555,2.4767172923963,0.259911232500507,9.5290890992619,1.58669313799446e-21,7.23804075463416e-19,"Up","COVID19_vs_OtherVirus"
"SNORD76",94.2980783461026,2.44439729346182,0.256690627433467,9.5227368365656,1.68677101209055e-21,7.4808294386216e-19,"Up","COVID19_vs_OtherVirus"
"SNORA24",54.2247979569367,2.33354530685325,0.245426434326204,9.508125370683,1.94129218339449e-21,8.37693810812877e-19,"Up","COVID19_vs_OtherVirus"
"SNORD27",33.1626112115804,2.64919796644743,0.279844049562533,9.4666939339564,2.88840888503484e-21,1.21358779627543e-18,"Up","COVID19_vs_OtherVirus"
"SNORD1C",13.9501044236358,2.98002447976692,0.314957575022545,9.46166949486326,3.03065159539902e-21,1.2407021377472e-18,"Up","COVID19_vs_OtherVirus"
"RARA_AS1",22.0822378780926,-3.46091895414582,0.367504092145358,-9.41736167872907,4.6256455962674e-21,1.8012940875611e-18,"Down","COVID19_vs_OtherVirus"
"SNORD46",20.0910643768735,2.63792039804551,0.280040667137045,9.41977615256351,4.52050714289588e-21,1.8012940875611e-18,"Up","COVID19_vs_OtherVirus"
"BCLAF1",310.268530397524,-2.22628186886172,0.238564603887792,-9.33198736351029,1.03904070225464e-20,3.94983901242801e-18,"Down","COVID19_vs_OtherVirus"
"LUCAT1",39.2163961398528,-1.96533198580183,0.211213576966772,-9.30495100753404,1.34054123184872e-20,4.97746076923179e-18,"Down","COVID19_vs_OtherVirus"
"PPP1R15A",475.696865809334,-1.67288999687825,0.180152827187859,-9.28594917432966,1.60272202177939e-20,5.8156954090295e-18,"Down","COVID19_vs_OtherVirus"
"SNORA74A",25.719356922223,2.26275233698751,0.245280930784174,9.22514575329354,2.83175511429709e-20,1.00470671455261e-17,"Up","COVID19_vs_OtherVirus"
"MVK",56.3972496904803,-2.61485287002048,0.286737368209214,-9.11933064863937,7.55897325540408e-20,2.5956448596485e-17,"Down","COVID19_vs_OtherVirus"
"RNY4",10.5517583899729,2.26056229477881,0.247918648476074,9.11816157709075,7.64094378075156e-20,2.5956448596485e-17,"Up","COVID19_vs_OtherVirus"
"SNORD12",34.0528144641938,2.2871774149764,0.251218958006965,9.10431853201535,8.68096931920515e-20,2.82857869694754e-17,"Up","COVID19_vs_OtherVirus"
"TRIM2",477.506190966397,-2.55316785237921,0.28037363702419,-9.10630499885028,8.52354727123257e-20,2.82857869694754e-17,"Down","COVID19_vs_OtherVirus"
"FLI1",40.8838210314287,-3.1113902143172,0.345858769466115,-8.99612931347699,2.33815853081423e-19,7.46620782059599e-17,"Down","COVID19_vs_OtherVirus"
"SNORD60",37.5891310651477,2.06403264423658,0.231601786488097,8.91198930515445,5.01249707944426e-19,1.56920643863543e-16,"Up","COVID19_vs_OtherVirus"
"GBP5",118.680517749596,-1.84197336322964,0.207219214707016,-8.8890085112714,6.16566065961716e-19,1.89309496329707e-16,"Down","COVID19_vs_OtherVirus"
"SNORD29",47.6993958527527,2.73931859774808,0.308424577397803,8.88164821642904,6.58768849952886e-19,1.98451008648071e-16,"Up","COVID19_vs_OtherVirus"
"CD274",40.5021589053324,-2.02464387552481,0.228234440789722,-8.87089550779133,7.2560015720217e-19,2.14535779812775e-16,"Down","COVID19_vs_OtherVirus"
"SNORD47",44.7500757301062,2.23219023324115,0.252710310101021,8.83300025372463,1.019047918554e-18,2.9582034668424e-16,"Up","COVID19_vs_OtherVirus"
"SNORD41",42.1540047060208,2.24675880784126,0.257040182998247,8.74088549748886,2.31290344184151e-18,6.59425292007886e-16,"Up","COVID19_vs_OtherVirus"
"MLKL",35.38044061015,-1.87883259541316,0.215373432193957,-8.72360428245,2.69483681842259e-18,7.54837976191842e-16,"Down","COVID19_vs_OtherVirus"
"RNU5B_1",175.689321437339,1.95585313229801,0.225847355102872,8.6600665808423,4.7148879053266e-18,1.29789483269732e-15,"Up","COVID19_vs_OtherVirus"
"SP6",12.0962761411117,-3.0642938191502,0.354237089848636,-8.65040366173843,5.13175862422405e-18,1.38870607109087e-15,"Down","COVID19_vs_OtherVirus"
"IL20RA",72.741190927004,-2.60367614422848,0.303299835285679,-8.58449574090956,9.12357285939292e-18,2.42778273788445e-15,"Down","COVID19_vs_OtherVirus"
"CCNJL",27.5591042405707,-2.80938333342547,0.327849031639859,-8.56913720127005,1.04263254014048e-17,2.72896248129227e-15,"Down","COVID19_vs_OtherVirus"
"SNORD14D",74.0490713594191,2.66499348151524,0.312805914620118,8.51963903800124,1.60051361781116e-17,4.12158071322144e-15,"Up","COVID19_vs_OtherVirus"
"RERE",321.889837867099,-1.59134213656632,0.187066731250315,-8.50681532696981,1.78775943297539e-17,4.53069319156906e-15,"Down","COVID19_vs_OtherVirus"
"PKNOX2",10.7887731328502,-4.61525718105135,0.542982945928573,-8.49981977455783,1.89885274704999e-17,4.73704421240628e-15,"Down","COVID19_vs_OtherVirus"
"PLCB1",88.3294908700459,-2.54065177883127,0.299164674866559,-8.4924858857902,2.02263378716178e-17,4.96821093012692e-15,"Down","COVID19_vs_OtherVirus"
"SNORD95",78.8318464072721,1.72057227225073,0.202724764349796,8.48723281425019,2.11615553625433e-17,5.11917261997525e-15,"Up","COVID19_vs_OtherVirus"
"LOC100507283",35.2316108679679,-4.52726732748883,0.534160727819513,-8.47547768247491,2.34116896143113e-17,5.57897069227007e-15,"Down","COVID19_vs_OtherVirus"
"RNU6ATAC",13.3764479829786,1.98165804735102,0.234510045617795,8.45020537235633,2.90790846768818e-17,6.82759802869256e-15,"Up","COVID19_vs_OtherVirus"
"TFR2",24.189587850873,-4.19439093937915,0.498283553880114,-8.41767886320468,3.84016712269021e-17,8.88581279432926e-15,"Down","COVID19_vs_OtherVirus"
"SNORA1",43.8721337266403,2.06227217678591,0.245471541288596,8.40126788612671,4.41683510898664e-17,1.00741699071544e-14,"Up","COVID19_vs_OtherVirus"
"RNU4_1",71.9655545271503,1.59061094758913,0.18976067442075,8.38219484856135,5.19497417952783e-17,1.16821067254002e-14,"Up","COVID19_vs_OtherVirus"
"SNORD81",32.3911561436028,2.18283773336052,0.26051297133511,8.37899825937126,5.3380063778799e-17,1.18370291429487e-14,"Up","COVID19_vs_OtherVirus"
"TNFAIP2",270.143442435318,-1.30653509069578,0.156279421482604,-8.36025036630436,6.25852945400899e-17,1.36881755154394e-14,"Down","COVID19_vs_OtherVirus"
"SNORD63",12.8655127940313,2.93379275812776,0.35135196530722,8.35001095144713,6.82566374109378e-17,1.47268307149058e-14,"Up","COVID19_vs_OtherVirus"
"LOC100130872",11.9006419203049,-3.61283216467871,0.433231788475004,-8.33925916977618,7.47574028709478e-17,1.59143559231674e-14,"Down","COVID19_vs_OtherVirus"
"RASIP1",15.8089239831086,-2.86116964708928,0.343275844693831,-8.33489944403507,7.75640842007697e-17,1.6082963225318e-14,"Down","COVID19_vs_OtherVirus"
"SNORD54",6.93896537225785,2.57247065082111,0.308615096493637,8.33553082803954,7.71512711866887e-17,1.6082963225318e-14,"Up","COVID19_vs_OtherVirus"
"RPRML",138.670035044106,-4.16231164717404,0.5000701454585,-8.32345558913087,8.54352954896473e-17,1.74879477921501e-14,"Down","COVID19_vs_OtherVirus"
"SNORA16A",328.651814288553,1.70913176878831,0.205577857223457,8.31379308974182,9.26907043068008e-17,1.87329086704099e-14,"Up","COVID19_vs_OtherVirus"
"ZNF81",56.6011876343819,-3.4433920871861,0.414525827455069,-8.30682157569381,9.82995857329301e-17,1.96181398226495e-14,"Down","COVID19_vs_OtherVirus"
"RNU5A_1",254.034702514227,1.73227861634385,0.209632908636381,8.26339064611548,1.41591912867743e-16,2.79093392697084e-14,"Up","COVID19_vs_OtherVirus"
"MYO1A",23.5765291426215,-3.87031057921282,0.468679668705081,-8.25790158533253,1.4825571019054e-16,2.88664715719775e-14,"Down","COVID19_vs_OtherVirus"
"SLAMF7",25.5347825826675,-2.43780552844969,0.295702258118095,-8.24412212461396,1.66377163196053e-16,3.18966331193319e-14,"Down","COVID19_vs_OtherVirus"
"SNORA45A",73.1561625316383,1.82776061077993,0.221732356532011,8.24309378823591,1.67813928474501e-16,3.18966331193319e-14,"Up","COVID19_vs_OtherVirus"
"SNORD14A",9.97869114826778,2.2157452870825,0.268937784830084,8.23887684091105,1.73834767527266e-16,3.26523046863568e-14,"Up","COVID19_vs_OtherVirus"
"PLAUR",89.5038805816043,-2.01843987369704,0.246095943215407,-8.20184131166398,2.3673266426378e-16,4.39496943911106e-14,"Down","COVID19_vs_OtherVirus"
"ZEB2",86.120524592791,-1.83031708213623,0.223766405393723,-8.17958834757049,2.84815186132719e-16,5.22684972620114e-14,"Down","COVID19_vs_OtherVirus"
"GDI1",207.777829428392,1.77125883036728,0.217159871914196,8.15647391368484,3.44946968199779e-16,6.25843556167917e-14,"Up","COVID19_vs_OtherVirus"
"HBB",76.5068809282498,-3.59212985466752,0.441420656022725,-8.13765691672253,4.03000900578249e-16,7.22956447037339e-14,"Down","COVID19_vs_OtherVirus"
"SNORD35A",14.3228852861567,1.93373700674893,0.238733807767545,8.09997136489276,5.49721255982244e-16,9.75205508112501e-14,"Up","COVID19_vs_OtherVirus"
"CEP295NL",20.2153803021957,-2.76850991491757,0.342289076186767,-8.08822164516566,6.0542160378705e-16,1.06221553033671e-13,"Down","COVID19_vs_OtherVirus"
"SNORD71",12.2216041723565,2.27524637228327,0.281818830896239,8.07343627481366,6.83468549386021e-16,1.18611509342361e-13,"Up","COVID19_vs_OtherVirus"
"SLC16A8",15.4028969021788,-3.56857810110304,0.442207899390725,-8.06991034312105,7.03498085326499e-16,1.20774735809923e-13,"Down","COVID19_vs_OtherVirus"
"PTMS",344.021136999129,-1.60307647859749,0.198844346121774,-8.06196660787,7.5076711516015e-16,1.27518593198372e-13,"Down","COVID19_vs_OtherVirus"
"SNORA76C",79.4220827581411,2.13484668804869,0.265595288800518,8.0379689628159,9.13397574553996e-16,1.53508480792938e-13,"Up","COVID19_vs_OtherVirus"
"LOXHD1",24.3572429319289,-1.97818000227463,0.24646018786674,-8.02636733906986,1.00401293042992e-15,1.65258458219011e-13,"Down","COVID19_vs_OtherVirus"
"TNK2",89.2157576492357,-1.81930862181853,0.226637511395103,-8.02739410002999,9.95648485851166e-16,1.65258458219011e-13,"Down","COVID19_vs_OtherVirus"
"GBP2",104.892892134959,-1.49769994413604,0.186766141030763,-8.01911918225773,1.06506128405999e-15,1.73518045523488e-13,"Down","COVID19_vs_OtherVirus"
"TAL2",24.1567031839395,-3.72502420808165,0.464818347230905,-8.01393540137345,1.11095075299194e-15,1.79166057800701e-13,"Down","COVID19_vs_OtherVirus"
"MYO6",533.26634938004,-1.33085273116759,0.166355381499495,-8.00005818370009,1.24360433201182e-15,1.98553867649007e-13,"Down","COVID19_vs_OtherVirus"
"GBP1",175.901835084804,-1.59362891974216,0.199356147390438,-7.99387899797765,1.30758099479096e-15,2.06701367948836e-13,"Down","COVID19_vs_OtherVirus"
"SNORD80",5.50160544675266,2.41445906685687,0.302108822892312,7.99201772308886,1.32747948877758e-15,2.07789583508067e-13,"Up","COVID19_vs_OtherVirus"
"SNORD28",4.45705297606967,2.57646340908496,0.32310161414117,7.97415827195233,1.53422826670008e-15,2.37820276758577e-13,"Up","COVID19_vs_OtherVirus"
"ZNFX1",300.092456543032,-1.28793172646692,0.163255973677039,-7.8890327714119,3.04537552134322e-15,4.67523707440056e-13,"Down","COVID19_vs_OtherVirus"
"SNORD15B",39.8164936023749,2.28163855304781,0.289734286711963,7.87493457864751,3.40921198667445e-15,5.18395034088041e-13,"Up","COVID19_vs_OtherVirus"
"SCARNA11",37.9532709480458,2.04157598813828,0.259301280024711,7.87337412273371,3.45202387776667e-15,5.19724294119181e-13,"Up","COVID19_vs_OtherVirus"
"SNORD57",20.4131878937396,2.10242537342351,0.267067748423822,7.87225483358282,3.48305771456547e-15,5.19724294119181e-13,"Up","COVID19_vs_OtherVirus"
"SNORD26",76.2630410893746,1.75227549847892,0.222739955361475,7.86691141979995,3.63503832777339e-15,5.37379832789166e-13,"Up","COVID19_vs_OtherVirus"
"FCN1",23.3848827129623,-2.55253662934473,0.324523989811852,-7.86547900765242,3.67687764563732e-15,5.38578243029774e-13,"Down","COVID19_vs_OtherVirus"
"TRANK1",146.738492343043,-1.38755200041165,0.176717355278263,-7.85181511021811,4.10058710370426e-15,5.95181579070383e-13,"Down","COVID19_vs_OtherVirus"
"SSPO",31.5848379760154,-3.01139467585607,0.384188841671756,-7.83831894427832,4.566180078836e-15,6.56789469717978e-13,"Down","COVID19_vs_OtherVirus"
"SNORD13",29.5238080577812,1.71595943470649,0.219316228605086,7.82413342423625,5.11165714575853e-15,7.28684982046256e-13,"Up","COVID19_vs_OtherVirus"
"FGFR3",110.972902492626,-2.14604425503099,0.275517920755073,-7.78912765147774,6.74734125828255e-15,9.53345579909196e-13,"Down","COVID19_vs_OtherVirus"
"FAIM2",10.8887984400323,-2.98466189403566,0.38539301015621,-7.74446296476913,9.59866680249501e-15,1.34431854533891e-12,"Down","COVID19_vs_OtherVirus"
"NEFM",19.2400815636326,-2.95925871985084,0.382892029702908,-7.72870284645772,1.08647953359005e-14,1.50841149854771e-12,"Down","COVID19_vs_OtherVirus"
"SNORA64",42.7714457414055,1.85467301343144,0.240337149246848,7.71696352080187,1.19133730128519e-14,1.63973201313097e-12,"Up","COVID19_vs_OtherVirus"
"SLC39A14",16.5131905164816,-2.84124472694654,0.369276875606998,-7.69407703170218,1.42519176746296e-14,1.94483861190714e-12,"Down","COVID19_vs_OtherVirus"
"SNORD68",225.651351460337,1.7442534336034,0.227146173616462,7.67899104718615,1.60346440223877e-14,2.16956886831731e-12,"Up","COVID19_vs_OtherVirus"
"SYNJ1",154.164664257817,1.88549257915389,0.246007913928035,7.66435741455641,1.79728749259224e-14,2.41138589132166e-12,"Up","COVID19_vs_OtherVirus"
"SNORA20",163.514890709211,1.65708030565605,0.216670988679163,7.6479103905774,2.04271475810567e-14,2.71783198565959e-12,"Up","COVID19_vs_OtherVirus"
"ZNF365",17.344485492086,-3.93453545279927,0.514543721156225,-7.64664943137974,2.06283711415656e-14,2.72192209624989e-12,"Down","COVID19_vs_OtherVirus"
"TRPM6",15.0617484302167,-2.87249390945398,0.375721316037912,-7.64527799419325,2.08494386732243e-14,2.7285421135795e-12,"Down","COVID19_vs_OtherVirus"
"BATF3",2.74324247664974,-2.36384706496156,0.309383656272394,-7.64050400542273,2.16373064827085e-14,2.80862792929206e-12,"Down","COVID19_vs_OtherVirus"
"RNU4ATAC",16.9708507053317,1.8185984544634,0.238220729364628,7.63408985991224,2.27421255736573e-14,2.92823207184688e-12,"Up","COVID19_vs_OtherVirus"
"MORF4L2_AS1",16.2952083553613,-5.04542020167685,0.661990553880059,-7.62158942012787,2.5057096409603e-14,3.17509207361683e-12,"Down","COVID19_vs_OtherVirus"
"SNORD33",75.1886502190644,1.57827997468186,0.207060870223023,7.62229953434425,2.49195944757922e-14,3.17509207361683e-12,"Up","COVID19_vs_OtherVirus"
"NBPF25P",2.15929489467551,-1.76335555147714,0.231666778233348,-7.61160303140656,2.70716964037799e-14,3.40335988017913e-12,"Down","COVID19_vs_OtherVirus"
"SNORD50A",18.0367120592507,1.77209881148009,0.232958985419977,7.60691332976643,2.80719422747233e-14,3.50153617467369e-12,"Up","COVID19_vs_OtherVirus"
"SNORD59B",16.2513559607552,1.9713711208155,0.260261717452621,7.5745720120147,3.60313487812813e-14,4.45950786544138e-12,"Up","COVID19_vs_OtherVirus"
"NCKAP5",13.7803522071648,-3.18815555093603,0.421334269159573,-7.56680807686347,3.82506372600451e-14,4.697766726876e-12,"Down","COVID19_vs_OtherVirus"
"PFN2",25.0451938114391,1.50212210330435,0.199306599904114,7.53674039909877,4.81864240007509e-14,5.87285836332816e-12,"Up","COVID19_vs_OtherVirus"
"SNORA14B",153.823556500826,1.78090675119192,0.237175899016497,7.50880152063026,5.96711144379356e-14,7.21749252360667e-12,"Up","COVID19_vs_OtherVirus"
"CD164",425.954227258246,-2.16433367498965,0.289211745822016,-7.48356076907611,7.23354313798765e-14,8.68351501812863e-12,"Down","COVID19_vs_OtherVirus"
"OTOF",18.9769950879349,-1.78548805820358,0.2386409839892,-7.48190033562877,7.32554940441429e-14,8.72833744708049e-12,"Down","COVID19_vs_OtherVirus"
"C1S",15.4659117284459,-2.57332439664055,0.34419062263268,-7.47645120880238,7.63564734429963e-14,9.03042559252503e-12,"Down","COVID19_vs_OtherVirus"
"SLC5A9",13.4323419968082,-2.43947426565768,0.327232710480726,-7.45486067720411,8.99628450680621e-14,1.05613734143874e-11,"Down","COVID19_vs_OtherVirus"
"CSRNP1",78.8509828390377,-1.61987468882503,0.217498314593138,-7.44775743138625,9.4940171619082e-14,1.10643414603669e-11,"Down","COVID19_vs_OtherVirus"
"ADH7",55.5546811900832,1.65770722724776,0.223084333594936,7.43085451378101,1.07898337647007e-13,1.24833685425515e-11,"Up","COVID19_vs_OtherVirus"
"ARMCX2",19.577234066613,-3.2818306921399,0.442058088675636,-7.42398064012797,1.13651779552868e-13,1.30544195132452e-11,"Down","COVID19_vs_OtherVirus"
"ADH1C",47.5511950594668,1.61908838610466,0.218811414825496,7.39946948104098,1.36729641264067e-13,1.55930389458721e-11,"Up","COVID19_vs_OtherVirus"
"NRP1",42.8908944279524,-2.24250357379443,0.303404589854108,-7.39113266174629,1.45583275635086e-13,1.64849828282963e-11,"Down","COVID19_vs_OtherVirus"
"SNORA54",40.7994124632607,1.55273208840206,0.210159311277778,7.38835733216565,1.48653807879123e-13,1.67141316661836e-11,"Up","COVID19_vs_OtherVirus"
"SNORA44",104.392885569789,1.65346678472568,0.224186245193007,7.37541584365347,1.63832863222378e-13,1.82919964629964e-11,"Up","COVID19_vs_OtherVirus"
"L3MBTL1",120.09718387182,2.13019596025587,0.289213860935282,7.36546980620872,1.76524078571776e-13,1.95721072116457e-11,"Up","COVID19_vs_OtherVirus"
"MEIS1_AS3",38.7371070502647,-2.69322244557467,0.365921814098299,-7.3601035571254,1.83767610461515e-13,2.01216341910921e-11,"Down","COVID19_vs_OtherVirus"
"SNORD14C",41.6244881621617,1.61049851925476,0.21881969008895,7.35993419330814,1.84000913935829e-13,2.01216341910921e-11,"Up","COVID19_vs_OtherVirus"
"OR2W5",11.8668193927904,-5.08552061010269,0.691188043409092,-7.35765130574276,1.87174198074806e-13,2.03294098398799e-11,"Down","COVID19_vs_OtherVirus"
"LOC100652758",19.9620788640971,-2.7339830093816,0.371884095724574,-7.35170726797214,1.95691016746749e-13,2.11108295498554e-11,"Down","COVID19_vs_OtherVirus"
"SNORD119",32.9011133794088,2.09931654591086,0.286177945319168,7.33570346788792,2.20559878302941e-13,2.36339531341259e-11,"Up","COVID19_vs_OtherVirus"
"ZNF773",15.964335261569,-2.93234266402425,0.400234064620016,-7.32656943333454,2.36118886603068e-13,2.51324942900306e-11,"Down","COVID19_vs_OtherVirus"
"TAL1",17.6899249385689,-4.00216271155648,0.546656202293932,-7.32116949329801,2.4581911672101e-13,2.59917087256136e-11,"Down","COVID19_vs_OtherVirus"
"CRHR2",27.9915291480734,-3.17933936126572,0.435655837873774,-7.29782338458389,2.92460179560771e-13,3.07198633346531e-11,"Down","COVID19_vs_OtherVirus"
"TSPAN18",14.9755205435703,-2.87687078638109,0.394320316189749,-7.29577114915055,2.96953281906169e-13,3.09879483589143e-11,"Down","COVID19_vs_OtherVirus"
"PFKFB4",11.5821975080445,2.19217892820412,0.301039134725846,7.28203969294728,3.28810290869776e-13,3.40895136625119e-11,"Up","COVID19_vs_OtherVirus"
"DHRS12",34.3692320557392,-2.49039781370247,0.342090804683765,-7.27993205197268,3.33988353896738e-13,3.44029552149375e-11,"Down","COVID19_vs_OtherVirus"
"KLK8",22.6037285702724,-4.12607871941188,0.567182664890325,-7.27469116181422,3.47213876286252e-13,3.55360047999122e-11,"Down","COVID19_vs_OtherVirus"
"ARHGEF10",14.8902803260901,-2.20335769740882,0.304563384649667,-7.23447994230594,4.67316398091073e-13,4.73299912054862e-11,"Down","COVID19_vs_OtherVirus"
"SNORD32A",9.21518076685993,1.8325521699832,0.253318866492366,7.23417167997801,4.68378968462158e-13,4.73299912054862e-11,"Up","COVID19_vs_OtherVirus"
"PLEK",151.280863015739,-1.95253370034822,0.270327190357889,-7.22285352710263,5.09078393204451e-13,5.10844635696134e-11,"Down","COVID19_vs_OtherVirus"
"SPOCK1",9.76641242187701,-3.26706475815578,0.452370874750183,-7.22209350891562,5.11932492242148e-13,5.10844635696134e-11,"Down","COVID19_vs_OtherVirus"
"FGF2",24.5927758685503,-2.75090990609701,0.381148122762681,-7.21743002735409,5.29792399482905e-13,5.25382947213917e-11,"Down","COVID19_vs_OtherVirus"
"SLC18A1",66.2219318061292,-3.24057310920683,0.450619709803265,-7.19137010367706,6.41443427456313e-13,6.32178133504166e-11,"Down","COVID19_vs_OtherVirus"
"SNORD59A",14.0995639903911,1.96756624489731,0.274359679778849,7.17148469659715,7.41887316818282e-13,7.26685454007404e-11,"Up","COVID19_vs_OtherVirus"
"APOL1",373.126972830101,-1.47429624095111,0.205724644834643,-7.16635696290115,7.70197903641211e-13,7.49815837166803e-11,"Down","COVID19_vs_OtherVirus"
"SNORD9",6.36153729358659,1.9552796467549,0.272937979512712,7.16382399490808,7.84571230245504e-13,7.59179652248467e-11,"Up","COVID19_vs_OtherVirus"
"RNU5E_1",124.421287108357,1.60425337493866,0.223968037543352,7.16286749009057,7.9006712340191e-13,7.5989227061656e-11,"Up","COVID19_vs_OtherVirus"
"ATPAF2",25.9323632961129,-2.52670535523529,0.353145315880158,-7.15486017119578,8.37582544602526e-13,7.99330112534246e-11,"Down","COVID19_vs_OtherVirus"
"PTPRVP",13.8121571915035,-4.34028479996529,0.606669017524067,-7.15428788118904,8.41083921494133e-13,7.99330112534246e-11,"Down","COVID19_vs_OtherVirus"
"PLEKHG2",37.8719565185835,-1.74211391020617,0.243583706056583,-7.15201331981331,8.55142686610795e-13,8.07882138131832e-11,"Down","COVID19_vs_OtherVirus"
"SNORD14B",6.20768804903637,2.16194763670467,0.302381286615674,7.14974018697295,8.69422978141122e-13,8.16541604058891e-11,"Up","COVID19_vs_OtherVirus"
"TESK2",25.8538075723579,-2.05020796765173,0.287583215020608,-7.12909467788242,1.01031224657594e-12,9.43312592329326e-11,"Down","COVID19_vs_OtherVirus"
"SNORA18",17.0034200294521,2.27844198752399,0.319770727359176,7.12523627894424,1.03902292396817e-12,9.64479070004412e-11,"Up","COVID19_vs_OtherVirus"
"SNORD42B",8.64293633361194,2.36290986372622,0.331931264305981,7.11867220060367,1.08971730308903e-12,1.00568939081615e-10,"Up","COVID19_vs_OtherVirus"
"G0S2",270.475701066692,-2.09474355732334,0.294593437228887,-7.11062533173749,1.15518344892114e-12,1.05998039916523e-10,"Down","COVID19_vs_OtherVirus"
"SNORA5A",7.65910766973164,1.78384576356717,0.250997222423886,7.10703388005864,1.18563337878026e-12,1.08170414432032e-10,"Up","COVID19_vs_OtherVirus"
"SNORA32",23.9714851254068,1.71777666647696,0.242331910076447,7.08852856371685,1.35545407262185e-12,1.22961248428866e-10,"Up","COVID19_vs_OtherVirus"
"SNORD42A",16.4999250884598,1.98315292352438,0.280085787362098,7.08051965864492,1.43614888915143e-12,1.29545498102778e-10,"Up","COVID19_vs_OtherVirus"
"SCGB1A1",78.0893537545791,2.14272233505054,0.303206391604261,7.06687719778408,1.58459059562642e-12,1.42132435111076e-10,"Up","COVID19_vs_OtherVirus"
"NCF1",20.8693368620212,-2.16297473662746,0.306151485043801,-7.06504734516643,1.60561240846602e-12,1.42770403597078e-10,"Down","COVID19_vs_OtherVirus"
"SNORD36A",5.85653452505088,1.95803621216864,0.277157573317603,7.06470398311963,1.60958741372128e-12,1.42770403597078e-10,"Up","COVID19_vs_OtherVirus"
"SNORD56",17.8400820224348,1.8142890479468,0.256945546697582,7.06098654467894,1.65324605105117e-12,1.45832742823663e-10,"Up","COVID19_vs_OtherVirus"
"STAR",17.1296164678542,-2.77609779038937,0.393348321056994,-7.05760681253073,1.69394550464328e-12,1.48601834764476e-10,"Down","COVID19_vs_OtherVirus"
"ALDH1A1",289.681557805059,1.29608304537207,0.183705726671658,7.05521307829777,1.72336434627171e-12,1.49539321481381e-10,"Up","COVID19_vs_OtherVirus"
"C1orf21",51.9508006688997,-1.69027765849373,0.239556250491356,-7.05586957145465,1.71524657261133e-12,1.49539321481381e-10,"Down","COVID19_vs_OtherVirus"
"UNC79",10.6407346321007,-3.24780000301262,0.460403629163661,-7.05424500869457,1.73540368407815e-12,1.49770028216172e-10,"Down","COVID19_vs_OtherVirus"
"CXCL11",21.0251941109677,-2.96132406541209,0.420010283892565,-7.05059894716666,1.78149278192708e-12,1.52921041700257e-10,"Down","COVID19_vs_OtherVirus"
"SNORA46",9.73506742490147,1.80801368630264,0.25649082917193,7.04903833068705,1.80158523362095e-12,1.53818769197819e-10,"Up","COVID19_vs_OtherVirus"
"ZNF792",38.2977777563507,-2.40657972478192,0.34159132053395,-7.04520161993616,1.8519315300925e-12,1.57276270263068e-10,"Down","COVID19_vs_OtherVirus"
"CXCL10",59.3182124246492,-2.49650972379062,0.354946708105372,-7.03347760884006,2.01448316098021e-12,1.70175863218042e-10,"Down","COVID19_vs_OtherVirus"
"CYP2F1",30.6696559831323,1.58379745580193,0.225434959219887,7.02551840798176,2.13272890374334e-12,1.79216577248243e-10,"Up","COVID19_vs_OtherVirus"
"RNU2_2P",1769.24601685698,1.81283093056907,0.258757414321052,7.00590912660692,2.45387153764145e-12,2.05123104554887e-10,"Up","COVID19_vs_OtherVirus"
"APOBR",111.977953594089,-1.64096137267442,0.234424956485676,-6.99994316848549,2.56066357431402e-12,2.12935180351551e-10,"Down","COVID19_vs_OtherVirus"
"PRSS23",92.850021980366,1.38797762916664,0.198358161786854,6.99733056942772,2.60885253342949e-12,2.15818339630753e-10,"Up","COVID19_vs_OtherVirus"
"RNU12",283.014230843068,1.51699664650908,0.21691877531323,6.99338563164274,2.68330616616357e-12,2.19700852558808e-10,"Up","COVID19_vs_OtherVirus"
"TMEM117",7.48561323603678,2.18420896498504,0.312318085571266,6.9935398105104,2.68035757488696e-12,2.19700852558808e-10,"Up","COVID19_vs_OtherVirus"
"SNORA5C",8.10100997652929,1.86884872437837,0.267272816532407,6.99228881045511,2.7043743100456e-12,2.20296123643817e-10,"Up","COVID19_vs_OtherVirus"
"MUC3A",21.4213932512122,-1.94447330225791,0.278228045781723,-6.98877532922544,2.77296058380054e-12,2.24736490766292e-10,"Down","COVID19_vs_OtherVirus"
"RNVU1_8",1088.83118809982,2.09942634446946,0.300535493544123,6.98561863596066,2.83603491088647e-12,2.28687542359663e-10,"Up","COVID19_vs_OtherVirus"
"SNORD83B",9.28510537572284,1.95443761134181,0.27986083283252,6.98360535685042,2.87699508593057e-12,2.30824640914409e-10,"Up","COVID19_vs_OtherVirus"
"PXK",46.2552486196074,-1.95774975133901,0.280572874383277,-6.97768718961985,3.00078860789262e-12,2.39552954568068e-10,"Down","COVID19_vs_OtherVirus"
"IFIT2",330.201864296969,-1.75807083031338,0.252121946971183,-6.97309715173002,3.10038360260505e-12,2.46272261687524e-10,"Down","COVID19_vs_OtherVirus"
"SH2D3C",24.3898400237853,-2.36753670244418,0.339683414673784,-6.96983308625137,3.17317235473524e-12,2.50806286216351e-10,"Down","COVID19_vs_OtherVirus"
"LINC00837",42.2992964783754,-3.31607071634346,0.475872342276682,-6.9684039641359,3.20556682225776e-12,2.52118620119051e-10,"Down","COVID19_vs_OtherVirus"
"CRADD",16.080068762047,-2.23067433298048,0.320422508653403,-6.96166552828962,3.36273131328228e-12,2.61899356818853e-10,"Down","COVID19_vs_OtherVirus"
"MIRLET7D",7.91774829911988,2.88871029350422,0.414913776867799,6.96219420649565,3.35013226549756e-12,2.61899356818853e-10,"Up","COVID19_vs_OtherVirus"
"NDRG3",36.3804330177568,-2.19198911276789,0.314992703035948,-6.95885679776442,3.43044986975434e-12,2.65876517575232e-10,"Down","COVID19_vs_OtherVirus"
"HMX3",20.1502966710795,-3.30932191799103,0.475854035897736,-6.95448954582835,3.53840876793729e-12,2.72919006709598e-10,"Down","COVID19_vs_OtherVirus"
"OAT",18.9243673286953,1.45418743319618,0.209244668339822,6.94969886083079,3.66066774112298e-12,2.80991447859469e-10,"Up","COVID19_vs_OtherVirus"
"FANCG",17.0778915238766,-3.0573996187763,0.441018458522161,-6.93258878329389,4.13208048748629e-12,3.15659316091895e-10,"Down","COVID19_vs_OtherVirus"
"SNORA73A",73.6566493216015,1.46503839055669,0.211445506334789,6.92868066080842,4.24783456805693e-12,3.22956793874271e-10,"Up","COVID19_vs_OtherVirus"
"ISG20",73.5433436066171,-1.46305423158058,0.211342893973289,-6.92265637171361,4.43252074841047e-12,3.35401072365505e-10,"Down","COVID19_vs_OtherVirus"
"SNORD116_8",44.8385823096113,2.09120233736962,0.30234247187484,6.91666746124676,4.62391755787701e-12,3.46598440042556e-10,"Up","COVID19_vs_OtherVirus"
"SNORA53",28.5715018519354,1.73748211035068,0.252076651535274,6.89267371558827,5.47533651191192e-12,4.06601036042724e-10,"Up","COVID19_vs_OtherVirus"
"SNORD88C",2.69036759517939,2.25443640212647,0.327076445040136,6.89268957246317,5.47472599695375e-12,4.06601036042724e-10,"Up","COVID19_vs_OtherVirus"
"SPTBN5",35.998290135625,-1.54549497189116,0.224286655894978,-6.89071298390057,5.55134433811765e-12,4.1033686899253e-10,"Down","COVID19_vs_OtherVirus"
"RNU1_13P",17.9838567519168,1.73890140249708,0.252483282015531,6.8871942277355,5.69035079774209e-12,4.1867346007719e-10,"Up","COVID19_vs_OtherVirus"
"ANO7",17.6232297044682,-2.53661678047975,0.368904773587842,-6.87607470027964,6.15242473609189e-12,4.4853704719837e-10,"Down","COVID19_vs_OtherVirus"
"RGS7BP",11.8691542463259,-3.06714964315553,0.446029495917228,-6.87656236018237,6.13141018891578e-12,4.4853704719837e-10,"Down","COVID19_vs_OtherVirus"
"SNORA51",35.0789357935287,1.75244570928953,0.254954307431867,6.87356776569795,6.26157430240522e-12,4.54419524146371e-10,"Up","COVID19_vs_OtherVirus"
"BPIFB1",158.628590637345,1.60092940940922,0.233094635435922,6.86815209803195,6.50388585436875e-12,4.69868966293446e-10,"Up","COVID19_vs_OtherVirus"
"SNORD116_2",21.0800421790716,1.96691064788496,0.286807302380852,6.85795177304481,6.98548314259619e-12,5.00135532980676e-10,"Up","COVID19_vs_OtherVirus"
"TMBIM6",106.630944200538,1.13540474492344,0.16561060559775,6.85586977250247,7.08799255599476e-12,5.05209326558091e-10,"Up","COVID19_vs_OtherVirus"
"MUC5AC",2421.22823311879,1.41350750236271,0.206306446266314,6.85149459914628,7.30823585099406e-12,5.18592415986539e-10,"Up","COVID19_vs_OtherVirus"
"SMC1A",231.532887484428,-1.26364586672673,0.184576907514566,-6.84617530839826,7.58505205116435e-12,5.35853721455265e-10,"Down","COVID19_vs_OtherVirus"
"PRKXP1",14.812449325342,-1.45935939975655,0.213339832055245,-6.84053880467403,7.88958719545934e-12,5.5491255137755e-10,"Down","COVID19_vs_OtherVirus"
"RNU4_2",229.700454082897,1.16838290578189,0.171142077249066,6.82697630274473,8.67230138895125e-12,6.07289315684191e-10,"Up","COVID19_vs_OtherVirus"
"LRRC37A8P",14.0701684272675,-3.27374840181874,0.479819733581782,-6.82287153423371,8.92384537393311e-12,6.22175175721467e-10,"Down","COVID19_vs_OtherVirus"
"SNORD96A",8.9587533759756,1.77691896900419,0.260513653877392,6.82082855373285,9.05169163322184e-12,6.28344820069652e-10,"Up","COVID19_vs_OtherVirus"
"SNORD116_16",23.4783631759063,2.16610822143804,0.318155331996376,6.8083354374294,9.87344404803091e-12,6.82421678228838e-10,"Up","COVID19_vs_OtherVirus"
"SNORD116_24",29.1507245663085,2.23047823782619,0.328130393761925,6.79753622410399,1.06423395816356e-11,7.32394800691352e-10,"Up","COVID19_vs_OtherVirus"
"ADAMTS1",23.1265791340438,-3.52387952211439,0.518543703598889,-6.7957232874632,1.07770457556815e-11,7.38482028048113e-10,"Down","COVID19_vs_OtherVirus"
"CDK10",47.1008644424286,-1.48550248826612,0.218791182052821,-6.78959030399809,1.1245242529971e-11,7.67271548006481e-10,"Down","COVID19_vs_OtherVirus"
"E2F1",17.5709328790469,-2.59390870438052,0.382220588722484,-6.78641805521331,1.14951745659864e-11,7.8098705157676e-10,"Down","COVID19_vs_OtherVirus"
"SPATA31D1",14.8721008012209,-3.5886275135099,0.529123597663578,-6.78221029898497,1.18351023165205e-11,8.0067476095579e-10,"Down","COVID19_vs_OtherVirus"
"IFIT3",334.664603419443,-1.5028122048582,0.222111112189642,-6.76603790797769,1.3235687954107e-11,8.91649763186806e-10,"Down","COVID19_vs_OtherVirus"
"FLNC",25.8292132376784,-1.9256300379117,0.284677507600189,-6.76425072758512,1.34000852573902e-11,8.989317698298e-10,"Down","COVID19_vs_OtherVirus"
"ALG9",10.5892197458275,1.97950319107661,0.293579130228355,6.74265636503823,1.55516727729006e-11,1.0389037970382e-09,"Up","COVID19_vs_OtherVirus"
"CSF1R",21.2238676922769,-2.11178297995034,0.313398449490256,-6.73833257115714,1.6021452899102e-11,1.06582715411276e-09,"Down","COVID19_vs_OtherVirus"
"AMIGO1",12.4251812661273,-3.36034774843741,0.499696950950478,-6.72477136801749,1.75868367563025e-11,1.1555203113215e-09,"Down","COVID19_vs_OtherVirus"
"ROBO3",7.24230013164528,-3.12436516773039,0.464586092629466,-6.72505100195121,1.75530948433072e-11,1.1555203113215e-09,"Down","COVID19_vs_OtherVirus"
"SNORA74B",28.9261546091211,1.47808235055054,0.219758339462658,6.72594429938211,1.74457296306439e-11,1.1555203113215e-09,"Up","COVID19_vs_OtherVirus"
"SNORA13",10.1434140717766,1.78625018535818,0.265650294374096,6.72406627505083,1.76721987376411e-11,1.15637018461139e-09,"Up","COVID19_vs_OtherVirus"
"MSN",136.165904012059,-1.05696841896234,0.157513673405796,-6.71032803761306,1.94187368525671e-11,1.26546756158402e-09,"Down","COVID19_vs_OtherVirus"
"SCARNA21",36.1950310614395,1.76627279297957,0.263445848749633,6.70450037972759,2.02096629322982e-11,1.31165641616697e-09,"Up","COVID19_vs_OtherVirus"
"VTRNA1_1",307.652049262469,1.24574353194139,0.18638964764426,6.68354464792483,2.33230756169562e-11,1.50759605384746e-09,"Up","COVID19_vs_OtherVirus"
"SNORD91B",6.9556577879067,2.31924623976136,0.34754651218292,6.67319670450527,2.50290549916544e-11,1.61134633869659e-09,"Up","COVID19_vs_OtherVirus"
"SNORD18A",11.2989736592101,1.7398762303432,0.261106384573397,6.663476395592,2.67425014696775e-11,1.71474208218823e-09,"Up","COVID19_vs_OtherVirus"
"SNORA6",28.2759766748288,1.65834281943304,0.249213804483858,6.65429759345635,2.84656192808708e-11,1.81792830975353e-09,"Up","COVID19_vs_OtherVirus"
"NKD1",26.8922820685123,-2.0300104106173,0.305653615088997,-6.6415390180359,3.10424549552839e-11,1.97459695544248e-09,"Down","COVID19_vs_OtherVirus"
"RBL2",23.7690989103801,1.40585486472986,0.211735072065852,6.63968822459712,3.14347348937388e-11,1.99161498933902e-09,"Up","COVID19_vs_OtherVirus"
"ACTA2",30.0105600222599,1.75453619500929,0.264535835159861,6.63250857468521,3.30029162207639e-11,2.0827057722558e-09,"Up","COVID19_vs_OtherVirus"
"SEPT10",45.1848787415565,1.49758743690427,0.225916150448431,6.62895252920892,3.38077273935418e-11,2.1250951793909e-09,"Up","COVID19_vs_OtherVirus"
"SCCPDH",49.1425066411096,-1.99840313395815,0.301902807623678,-6.61935922255205,3.6075921583182e-11,2.25877711371405e-09,"Down","COVID19_vs_OtherVirus"
"SNORA81",2.14594865777862,2.49542397116189,0.377265989028043,6.61449492860699,3.72822438446852e-11,2.3251886922822e-09,"Up","COVID19_vs_OtherVirus"
"SNORA77",11.5083920871688,1.78278873580259,0.269567070232921,6.61352565898409,3.75272915473006e-11,2.33136473480234e-09,"Up","COVID19_vs_OtherVirus"
"C1QTNF9",7.25288203980246,-3.77092899453791,0.571507530030715,-6.59821401536958,4.16140265370335e-11,2.5481235123477e-09,"Down","COVID19_vs_OtherVirus"
"CCL8",8.40219743305912,-3.39679788793653,0.514816980844383,-6.5980688561695,4.1654781205233e-11,2.5481235123477e-09,"Down","COVID19_vs_OtherVirus"
"EPHX1",46.0343618470902,1.33722422756189,0.202627026436399,6.59943666488942,4.127230208382e-11,2.5481235123477e-09,"Up","COVID19_vs_OtherVirus"
"SLC39A3",31.4200773802069,-1.90270260950247,0.288357063924255,-6.59842552011236,4.15547146283019e-11,2.5481235123477e-09,"Down","COVID19_vs_OtherVirus"
"SCARNA5",68.1981349228452,1.24329792327783,0.188582662835716,6.59285378932704,4.31451439167701e-11,2.62921896097386e-09,"Up","COVID19_vs_OtherVirus"
"ATAD3A",38.5268157425582,-1.67133583786668,0.253877758107434,-6.58323064740244,4.60334169820291e-11,2.79456097161626e-09,"Down","COVID19_vs_OtherVirus"
"CRMP1",23.9754113929407,-2.37666798843591,0.361352546339889,-6.57714470953363,4.79568000744724e-11,2.90029647723116e-09,"Down","COVID19_vs_OtherVirus"
"PIGQ",240.541858311041,1.98436299383727,0.301755754816852,6.57605683458022,4.83087958585802e-11,2.91055937614374e-09,"Up","COVID19_vs_OtherVirus"
"CCDC88B",62.8464717167312,-1.05569111256087,0.160611521750162,-6.57294757597182,4.93288300800616e-11,2.96084248518144e-09,"Down","COVID19_vs_OtherVirus"
"SCGB1B2P",41.1487257320463,2.14911465283677,0.327103453603168,6.57013745701386,5.02688348378392e-11,3.00596335962899e-09,"Up","COVID19_vs_OtherVirus"
"IDH1",11.6432983226081,1.39991725951419,0.213111100681927,6.5689551367087,5.06695463765277e-11,3.01861931883448e-09,"Up","COVID19_vs_OtherVirus"
"SNORD34",5.98549591448286,1.98656244853567,0.302461841607759,6.5679770974611,5.1003383225702e-11,3.02721195755226e-09,"Up","COVID19_vs_OtherVirus"
"N4BP1",70.1445986886673,-1.42812553580075,0.218145147813538,-6.54667568870912,5.8831929808298e-11,3.46609074287559e-09,"Down","COVID19_vs_OtherVirus"
"SNORD16",3.63964908223214,2.42240579490722,0.370116950244733,6.54497394217002,5.95057603484621e-11,3.49290062398362e-09,"Up","COVID19_vs_OtherVirus"
"SNORD10",99.5512543207446,1.46154200305538,0.223401055599745,6.54223409612685,6.06065331884189e-11,3.54448318273368e-09,"Up","COVID19_vs_OtherVirus"
"IRG1",2.58666306153065,-3.47032283985686,0.530761042782377,-6.5383902738313,6.21844819079265e-11,3.62349429978816e-09,"Down","COVID19_vs_OtherVirus"
"RNF19B",80.0430951796642,-1.23484894500501,0.188974819789333,-6.53446287913704,6.38382252054809e-11,3.70633128592984e-09,"Down","COVID19_vs_OtherVirus"
"GSE1",172.686077146079,-1.47317700657932,0.225773265934328,-6.52502855235233,6.79885814115028e-11,3.9329916333915e-09,"Down","COVID19_vs_OtherVirus"
"SNAP29",50.3500524207168,-1.59458952968647,0.244863520254971,-6.51215635561416,7.40795482371284e-11,4.25594924577224e-09,"Down","COVID19_vs_OtherVirus"
"SNORA8",13.8995985208868,1.47720001506775,0.226839075665876,6.5121056005518,7.41045903998924e-11,4.25594924577224e-09,"Up","COVID19_vs_OtherVirus"
"THEMIS2",49.1675718004644,-1.7132490986604,0.26368312975546,-6.49737850217899,8.17316502552831e-11,4.67715959847975e-09,"Down","COVID19_vs_OtherVirus"
"IFNL1",1.63540399893962,-3.17118771039216,0.488393219087291,-6.49310347985272,8.40858889604213e-11,4.79469751122174e-09,"Down","COVID19_vs_OtherVirus"
"SNORD50B",85.8744096123362,1.75499219931144,0.2706569945789,6.48419303569796,8.92079476030831e-11,5.06866224708479e-09,"Up","COVID19_vs_OtherVirus"
"SCARNA10",236.654446705411,1.28567489149889,0.198487054888943,6.47737401423104,9.33326437376359e-11,5.28421627629466e-09,"Up","COVID19_vs_OtherVirus"
"SNORD116_15",17.4042309087392,2.08463953974204,0.322343834542021,6.46713017701688,9.98816016846226e-11,5.63501643991761e-09,"Up","COVID19_vs_OtherVirus"
"ECH1",9.76146851002558,1.24628399078867,0.192819289772018,6.46348190713817,1.02320774694782e-10,5.75230101682003e-09,"Up","COVID19_vs_OtherVirus"
"FOSL2",190.552457613351,-1.07734284573943,0.167316214830393,-6.43896257652925,1.20292852744193e-10,6.73893223478519e-09,"Down","COVID19_vs_OtherVirus"
"TULP1",14.5200303942829,-2.67795635769988,0.416533152108976,-6.42915538448968,1.2831490985976e-10,7.16320227559763e-09,"Down","COVID19_vs_OtherVirus"
"GCH1",12.9047411654132,-1.32569314644989,0.206474240077574,-6.42062247548078,1.35718226789401e-10,7.55009480459785e-09,"Down","COVID19_vs_OtherVirus"
"BHLHA15",15.0258021851285,-4.76890175681022,0.743061674733303,-6.417908390339,1.38159347906644e-10,7.64211399140089e-09,"Down","COVID19_vs_OtherVirus"
"IRX1",11.537905654277,-2.95469819037479,0.460396809943759,-6.417720815085,1.3832963444287e-10,7.64211399140089e-09,"Down","COVID19_vs_OtherVirus"
"SRI",9.15290003843964,1.45026608598831,0.226508142286847,6.40271061051622,1.52642350074651e-10,8.4037509010065e-09,"Up","COVID19_vs_OtherVirus"
"CCL2",13.8190007988879,-2.50914576490538,0.392075305487056,-6.39965264271973,1.55730825341263e-10,8.54432425222891e-09,"Down","COVID19_vs_OtherVirus"
"TNFSF14",9.73382800287654,-1.94268078293492,0.303637193118904,-6.39803300438944,1.57391272570838e-10,8.60585293789725e-09,"Down","COVID19_vs_OtherVirus"
"LDHB",33.4163391924691,1.24981018099054,0.19544852846759,6.39457452450347,1.60995014049962e-10,8.77285458812863e-09,"Up","COVID19_vs_OtherVirus"
"C1orf194",16.220360324855,1.64929128247745,0.258024415591145,6.39199696935213,1.63733144952786e-10,8.89171221876252e-09,"Up","COVID19_vs_OtherVirus"
"IRS1",14.9182341314594,-1.54807861302623,0.242268329133251,-6.38993391569051,1.65957460283662e-10,8.98195529114898e-09,"Down","COVID19_vs_OtherVirus"
"BBC3",8.41738354977186,-1.52626681172813,0.239046881004826,-6.38480119595167,1.71620278612769e-10,9.25705867679548e-09,"Down","COVID19_vs_OtherVirus"
"GABRG3",34.3998170077917,-2.84078177512939,0.445010896215346,-6.38362296134588,1.7294660376279e-10,9.29719015379363e-09,"Down","COVID19_vs_OtherVirus"
"ALKBH2",41.5036697726381,-2.33616740785279,0.366688239454303,-6.37099082132939,1.87810883386782e-10,1.00623777320583e-08,"Down","COVID19_vs_OtherVirus"
"SRXN1",27.6358605816417,-1.45116759215776,0.228066675332232,-6.36290939938415,1.97967476475717e-10,1.05710659846532e-08,"Down","COVID19_vs_OtherVirus"
"SNORA80B",7.6969696882681,1.48001325643366,0.232676512221744,6.36081932938376,2.00680381789383e-10,1.0680209918831e-08,"Up","COVID19_vs_OtherVirus"
"TMEM136",9.44254998659838,-2.73777504618978,0.430499713450182,-6.35952814985229,2.02374442428182e-10,1.07345858731175e-08,"Down","COVID19_vs_OtherVirus"
"PSMB1",18.8166958946614,1.16907914166977,0.184129688003083,6.34921589423533,2.16415140470544e-10,1.14072200077757e-08,"Up","COVID19_vs_OtherVirus"
"SNORD116_20",12.1153466314042,2.01518463802093,0.317393559267899,6.34916676529027,2.16484257945387e-10,1.14072200077757e-08,"Up","COVID19_vs_OtherVirus"
"IL1B",46.7600422259702,-2.08715502402829,0.32938932830736,-6.33643790086825,2.3513788864982e-10,1.23493800334968e-08,"Down","COVID19_vs_OtherVirus"
"SPRY1",23.3204003860498,-1.98389150510206,0.313769237196175,-6.32277250258822,2.56911404844409e-10,1.34486802942486e-08,"Down","COVID19_vs_OtherVirus"
"GNB1L",7.40260017970569,-2.59121752290981,0.410127549444474,-6.31807720895529,2.64837700008268e-10,1.38182964651373e-08,"Down","COVID19_vs_OtherVirus"
"SBNO2",102.222081476227,-1.05256211800621,0.166681643707043,-6.31480524547849,2.70501908712451e-10,1.40678614804658e-08,"Down","COVID19_vs_OtherVirus"
"NEXN",23.0156030085515,-1.72174388374792,0.273225794787467,-6.30154222842396,2.94698465470076e-10,1.5276479544465e-08,"Down","COVID19_vs_OtherVirus"
"CRYM",12.1893870802112,1.28305197153757,0.203634347780694,6.30076401904145,2.96182034148855e-10,1.5303696948934e-08,"Up","COVID19_vs_OtherVirus"
"ST8SIA1",20.9025547997466,1.82281440686866,0.289472749767989,6.29701555096165,3.03430849894266e-10,1.56276675787479e-08,"Up","COVID19_vs_OtherVirus"
"ZNF572",9.73109561119226,-2.96284525057412,0.470597698178769,-6.29591955515388,3.05582829055162e-10,1.56878953334235e-08,"Down","COVID19_vs_OtherVirus"
"SNORD127",2.4428330650216,2.44357475218205,0.388638240804911,6.28753039618837,3.22555871029701e-10,1.65061764001929e-08,"Up","COVID19_vs_OtherVirus"
"SNORA72",188.449284890374,1.62969970474629,0.259357848778133,6.28359508850034,3.30831698479118e-10,1.6875587533283e-08,"Up","COVID19_vs_OtherVirus"
"XRCC3",23.1869910521081,-2.17728802949579,0.346609249639666,-6.28167895622892,3.3493595702625e-10,1.70305334072647e-08,"Down","COVID19_vs_OtherVirus"
"SNTN",48.9564317640867,1.57547888239385,0.25088834065727,6.27960182711743,3.39441219880026e-10,1.72048206876333e-08,"Up","COVID19_vs_OtherVirus"
"SNORD100",16.0191635902907,1.49413604512031,0.238042453120937,6.27676292833874,3.45694565523205e-10,1.74663273200743e-08,"Up","COVID19_vs_OtherVirus"
"SLC8B1",17.2904818114867,-1.54935557482825,0.247549291159585,-6.25877605050155,3.88010588692104e-10,1.95425143818869e-08,"Down","COVID19_vs_OtherVirus"
"GSTTP2",11.5612255237259,-3.18693401833348,0.509862840800015,-6.25057125820922,4.08954093325032e-10,2.0532581930904e-08,"Down","COVID19_vs_OtherVirus"
"DCLK2",28.0919678012645,2.01103658656548,0.322092245476988,6.243666573181,4.27430651776401e-10,2.13929711168088e-08,"Up","COVID19_vs_OtherVirus"
"DUSP2",31.0035799510955,-1.3516928452186,0.216722930052206,-6.23696276574424,4.46148126832171e-10,2.22600031031327e-08,"Down","COVID19_vs_OtherVirus"
"DYRK4",23.648153643724,-2.04399924380328,0.328574933560136,-6.22080090424544,4.94623486169034e-10,2.46017401251551e-08,"Down","COVID19_vs_OtherVirus"
"KIAA1875",28.5631789398543,-1.56457895486996,0.251696584259717,-6.21613105903545,5.09562483361661e-10,2.52660702153798e-08,"Down","COVID19_vs_OtherVirus"
"SNORD117",3.9378889976718,2.42759526559212,0.391285484020859,6.20415365437554,5.49920372945297e-10,2.718275131407e-08,"Up","COVID19_vs_OtherVirus"
"BCOR",65.1257271946047,-1.56204850513797,0.25184077544429,-6.20252420356572,5.55646358755648e-10,2.73810177897922e-08,"Down","COVID19_vs_OtherVirus"
"RANGAP1",56.1642243490398,-1.05297872439056,0.169884497007616,-6.19820373805713,5.71111833057441e-10,2.80565277741388e-08,"Down","COVID19_vs_OtherVirus"
"MYO1G",15.2768718877167,-1.68993038563086,0.272732668286339,-6.19628882835783,5.78100011441568e-10,2.83127140572886e-08,"Down","COVID19_vs_OtherVirus"
"SNORD44",16.0017883728867,1.8308770654074,0.295509316247053,6.19566614230442,5.80390336546421e-10,2.8337957533028e-08,"Up","COVID19_vs_OtherVirus"
"APBA1",38.9775797567793,-2.59554858030622,0.419294610210833,-6.19027413445908,6.0059670843098e-10,2.92351434353934e-08,"Down","COVID19_vs_OtherVirus"
"AQP9",62.5157137467413,-2.02439814540626,0.327530106356674,-6.18080019551464,6.37774946007407e-10,3.08567114786493e-08,"Down","COVID19_vs_OtherVirus"
"MAP2K6",10.6050410175498,-1.98993230384211,0.321928918753915,-6.18127849944177,6.35845289110132e-10,3.08567114786493e-08,"Down","COVID19_vs_OtherVirus"
"ABCD3",30.2646159008107,1.29680826024009,0.20986751972854,6.17917561477586,6.44371867475741e-10,3.10816955773948e-08,"Up","COVID19_vs_OtherVirus"
"DANT2",5.71344124975015,1.93497189187293,0.313605051302219,6.1700915971797,6.82504431226291e-10,3.2821884786021e-08,"Up","COVID19_vs_OtherVirus"
"RNU6_31P",20.2580003248935,1.71449005229437,0.278098114821015,6.16505456499703,7.04588397572799e-10,3.37821572241661e-08,"Up","COVID19_vs_OtherVirus"
"TUBGCP4",7.67203903387333,1.31975538437498,0.214805348699773,6.14395960046399,8.04893222521998e-10,3.84758239245097e-08,"Up","COVID19_vs_OtherVirus"
"CSMD2",54.4423397238114,-2.69579314491119,0.438974800714484,-6.14111138161795,8.19460964097057e-10,3.90552649336526e-08,"Down","COVID19_vs_OtherVirus"
"SNORA22",19.6502722894776,1.85686222583035,0.303261997312813,6.12296378142958,9.1850579332716e-10,4.36454270722067e-08,"Up","COVID19_vs_OtherVirus"
"SERPINB12",12.3587369180485,-3.54909213737107,0.579822539924883,-6.12099718964162,9.29915447081551e-10,4.39793349316498e-08,"Down","COVID19_vs_OtherVirus"
"SLC16A9",7.18569430871892,1.39148557611691,0.227337046938961,6.12080430731782,9.31041914499413e-10,4.39793349316498e-08,"Up","COVID19_vs_OtherVirus"
"MAGED1",19.2689588345978,1.22794334603656,0.200740762300523,6.11706029191144,9.53173110532209e-10,4.4891922957986e-08,"Up","COVID19_vs_OtherVirus"
"FYB",113.219676995013,-1.26633766776932,0.207141308590061,-6.1133999605817,9.75305203473248e-10,4.57991849372173e-08,"Down","COVID19_vs_OtherVirus"
"KLHL14",16.7915630332556,-3.02136464114518,0.494379607634617,-6.11142651211089,9.87444709608376e-10,4.6233261682133e-08,"Down","COVID19_vs_OtherVirus"
"NDUFB6",2.71867998870004,1.46751613347261,0.240193936080802,6.10971349825806,9.98101532556616e-10,4.64928131820754e-08,"Up","COVID19_vs_OtherVirus"
"NUCB2",136.74911651825,1.2846358545874,0.21028112863156,6.10913524645499,1.00172414722748e-09,4.64928131820754e-08,"Up","COVID19_vs_OtherVirus"
"TSTD1",9.69424720637233,1.37836819762276,0.225613143377643,6.10943217663332,9.99862349341863e-10,4.64928131820754e-08,"Up","COVID19_vs_OtherVirus"
"CTPS2",33.7318656004563,-1.72352582427915,0.282339935428557,-6.10443514362589,1.03164870782419e-09,4.77429080264376e-08,"Down","COVID19_vs_OtherVirus"
"SNORD116_1",20.09466129238,1.88039468014222,0.308432392387663,6.09661866441961,1.0833553707412e-09,4.99909012984222e-08,"Up","COVID19_vs_OtherVirus"
"NRP2",30.2671497156522,-1.54622300682068,0.253640862187344,-6.09611161816114,1.08679542713155e-09,5.00051175492286e-08,"Down","COVID19_vs_OtherVirus"
"KRT17",78.7497566662258,-1.46489825991138,0.240661658661123,-6.08696153787468,1.15073600314467e-09,5.27949742132407e-08,"Down","COVID19_vs_OtherVirus"
"TCEANC",17.449957991988,-2.32506192041628,0.382014995994405,-6.08631060245168,1.15542191700274e-09,5.28580697044864e-08,"Down","COVID19_vs_OtherVirus"
"SLC7A2",24.9940607378394,1.43078385773144,0.235142082483032,6.0847630616467,1.16663707108063e-09,5.32186499339239e-08,"Up","COVID19_vs_OtherVirus"
"PHLPP2",15.9991843684388,-1.7907032396287,0.294611745473149,-6.0781800696806,1.21554211822449e-09,5.52915825059038e-08,"Down","COVID19_vs_OtherVirus"
"SCN5A",56.1978855042113,-2.13304319768231,0.351035460423462,-6.07643226444752,1.22885876356754e-09,5.573851994068e-08,"Down","COVID19_vs_OtherVirus"
"TUBGCP5",11.0129405315344,1.43601912320954,0.236666521200843,6.06769016556797,1.29762929364864e-09,5.85252805152379e-08,"Up","COVID19_vs_OtherVirus"
"SNORD22",1213.9147686261,1.181544451292,0.194825017245662,6.0646444075616,1.32245911369211e-09,5.94771329836853e-08,"Up","COVID19_vs_OtherVirus"
"RNF144A_AS1",9.77447655687629,-2.89365597650631,0.477383887804964,-6.0614864691213,1.34869235900044e-09,6.04865792241602e-08,"Down","COVID19_vs_OtherVirus"
"GZMB",12.6027800996544,-1.96267040506706,0.323853205898398,-6.0603704682263,1.35808382170308e-09,6.07371604966707e-08,"Down","COVID19_vs_OtherVirus"
"SNORA76A",4.27666259702509,1.92427573550893,0.317917889020459,6.05274444114436,1.42398681471024e-09,6.35066298426361e-08,"Up","COVID19_vs_OtherVirus"
"SCARNA3",15.6971976368717,1.48376894465489,0.24527861566617,6.04932044575112,1.45458079229991e-09,6.46903535650706e-08,"Up","COVID19_vs_OtherVirus"
"SNORD24",8.85296870321981,1.55026573304007,0.256719364599469,6.03875650541117,1.55306394444816e-09,6.88783859362757e-08,"Up","COVID19_vs_OtherVirus"
"CHP2",5.47655054494878,1.84225320929601,0.305586849955898,6.02857488652369,1.65411749368073e-09,7.31568972412922e-08,"Up","COVID19_vs_OtherVirus"
"LINGO4",7.98951597951763,1.70568527219182,0.283662562120077,6.01307856575652,1.82032757712959e-09,8.00643253345756e-08,"Up","COVID19_vs_OtherVirus"
"HSF2",198.420015061267,1.41035811335511,0.234593126633035,6.01193280296432,1.83324316203035e-09,8.02823478103745e-08,"Up","COVID19_vs_OtherVirus"
"SSR4P1",465.201065493916,1.48618747432444,0.24721389111186,6.01174742907941,1.83534115938787e-09,8.02823478103745e-08,"Up","COVID19_vs_OtherVirus"
"OPTN",203.136782634692,-1.20234771582539,0.200040467877854,-6.01052241369255,1.84926438793957e-09,8.06703694476591e-08,"Down","COVID19_vs_OtherVirus"
"TNFAIP3",127.455959782476,-1.11104404543428,0.184983888234354,-6.00616656963505,1.89961037285762e-09,8.26408152943999e-08,"Down","COVID19_vs_OtherVirus"
"SCARNA1",4.09189956113192,2.04079257502556,0.339966749641556,6.00291815942961,1.93802318687022e-09,8.40828211999182e-08,"Up","COVID19_vs_OtherVirus"
"HELZ2",165.15925178481,-1.24271278757186,0.20717330854746,-5.99842130380989,1.99245037268286e-09,8.62099258814488e-08,"Down","COVID19_vs_OtherVirus"
"CITED4",15.1263860541975,-1.84340822914441,0.30734538406266,-5.99783931932611,1.99960228565075e-09,8.62855407910806e-08,"Down","COVID19_vs_OtherVirus"
"PRR26",14.7039401979385,-2.18777567846911,0.365188424955819,-5.99081331434256,2.08794207310499e-09,8.98546715342164e-08,"Down","COVID19_vs_OtherVirus"
"CD300E",11.2042403168749,-2.22357438090625,0.371380207187692,-5.98732602834292,2.13318915465405e-09,9.15551022666842e-08,"Down","COVID19_vs_OtherVirus"
"PRRC1",10.7946037972467,1.21827422082057,0.203533264968945,5.98562707185211,2.15557753669521e-09,9.22679650157525e-08,"Up","COVID19_vs_OtherVirus"
"ADCK2",416.074088847503,1.74540804722703,0.291710741604827,5.98335199322723,2.18591669168466e-09,9.3316432886196e-08,"Up","COVID19_vs_OtherVirus"
"SNORD116_22",13.5899664011618,1.99241645533883,0.33325344450146,5.97868225584118,2.24949841071201e-09,9.57746443344744e-08,"Up","COVID19_vs_OtherVirus"
"SNORA21",313.873237354,1.12860759725297,0.188847076415929,5.97630431284652,2.2825644089522e-09,9.69239982801352e-08,"Up","COVID19_vs_OtherVirus"
"SNORA19",5.46950095142494,1.82956134888586,0.306192878318943,5.97519236544786,2.29818835995261e-09,9.73285818435101e-08,"Up","COVID19_vs_OtherVirus"
"FUOM",9.29115218243992,-2.1591149343486,0.361515174717228,-5.97240471589452,2.33781691715715e-09,9.8744933596114e-08,"Down","COVID19_vs_OtherVirus"
"NDUFS1",15.7573124632835,1.14937798329042,0.192606893366803,5.96748103455225,2.40944283566068e-09,1.01501752807806e-07,"Up","COVID19_vs_OtherVirus"
"SPCS1",7.77125337632261,1.30825752304941,0.219898043563709,5.9493822766567,2.69156346996048e-09,1.13088164108918e-07,"Up","COVID19_vs_OtherVirus"
"ILVBL",6.20470423741034,1.16988608133588,0.197140728693777,5.93426882961912,2.95157874575703e-09,1.23687417991488e-07,"Up","COVID19_vs_OtherVirus"
"CLEC4E",13.9565686127814,-1.7185938097125,0.28965126627404,-5.93332054722153,2.96868446952198e-09,1.24078576545518e-07,"Down","COVID19_vs_OtherVirus"
"IL1R2",15.5909042545086,-2.30676583312328,0.389212591846159,-5.92675026823146,3.0898832805553e-09,1.28806988139284e-07,"Down","COVID19_vs_OtherVirus"
"TOM1L2",39.6849549467562,-1.38810957855731,0.234937431238542,-5.90842238820556,3.45399472170674e-09,1.43610624288463e-07,"Down","COVID19_vs_OtherVirus"
"ZKSCAN2",19.0466687565038,-1.77286433822582,0.300171532257941,-5.90617079804351,3.50150954967513e-09,1.45208055766528e-07,"Down","COVID19_vs_OtherVirus"
"SNORA14A",8.4250510604325,1.76888633453538,0.299532968178761,5.90548127403362,3.51618727134121e-09,1.4543897920786e-07,"Up","COVID19_vs_OtherVirus"
"SSTR5_AS1",49.3479217612811,1.64128697182513,0.278377036436845,5.89591366024002,3.72613781578609e-09,1.53724848493129e-07,"Up","COVID19_vs_OtherVirus"
"PARD3B",58.2715288249236,-1.34246092428161,0.227827913747076,-5.89243390856813,3.80548318925201e-09,1.56593671648448e-07,"Down","COVID19_vs_OtherVirus"
"LCP2",101.864745745979,-1.39815146284013,0.237508504951795,-5.88674272158759,3.93881135769714e-09,1.61663398809749e-07,"Down","COVID19_vs_OtherVirus"
"GBX2",5.91686538616982,1.75375144625998,0.298307995804341,5.87899577257814,4.12762911916141e-09,1.68546615131793e-07,"Up","COVID19_vs_OtherVirus"
"MAGEF1",11.5367691940343,1.16025272916668,0.197353633190597,5.87905431690811,4.12616970409443e-09,1.68546615131793e-07,"Up","COVID19_vs_OtherVirus"
"NPAS1",24.7728312808294,-2.11946937128879,0.361128890672952,-5.86901083250146,4.38402796550714e-09,1.78559669635936e-07,"Down","COVID19_vs_OtherVirus"
"SCARNA6",16.2029031865962,1.19734197438279,0.204038148136415,5.86822604164331,4.40482470341503e-09,1.78950206653243e-07,"Up","COVID19_vs_OtherVirus"
"FLNA",91.7001631542533,-1.13854896537418,0.194186119964476,-5.86318407094423,4.54074368475261e-09,1.8400384180396e-07,"Down","COVID19_vs_OtherVirus"
"C11orf80",22.2049167183361,1.30893456128612,0.223483132287942,5.856972505646,4.71381127894152e-09,1.9053344526476e-07,"Up","COVID19_vs_OtherVirus"
"TMEM14B",7.50091658984605,1.35119846797791,0.2310935968879,5.84697493212393,5.00592907975737e-09,2.01321571001023e-07,"Up","COVID19_vs_OtherVirus"
"PLAA",35.8267023855889,-1.57013053704302,0.268647038812366,-5.84458531158299,5.07831735516923e-09,2.03719635408623e-07,"Down","COVID19_vs_OtherVirus"
"SNORA66",107.325741423507,1.10576742069547,0.18921959344248,5.84383150062951,5.1013629734491e-09,2.04102630862888e-07,"Up","COVID19_vs_OtherVirus"
"USP35",25.2713089275784,-1.40795853756554,0.240946943248262,-5.84343805563385,5.11343181417732e-09,2.04102630862888e-07,"Down","COVID19_vs_OtherVirus"
"LINC00700",10.5883166496404,-3.89721274305876,0.667320720598208,-5.84008951432704,5.217278197232e-09,2.07728338396524e-07,"Down","COVID19_vs_OtherVirus"
"RNVU1_17",11.7907476678866,1.64518192692795,0.282019635542169,5.8335722750835,5.42530905385896e-09,2.15473841676398e-07,"Up","COVID19_vs_OtherVirus"
"LMO3",19.6929138764094,-2.74515104718082,0.470776263447261,-5.83111609553006,5.50578598319445e-09,2.17587571801194e-07,"Down","COVID19_vs_OtherVirus"
"MTCH2",10.6574033647863,1.22382761984365,0.209869775847489,5.83136668870794,5.49752236917858e-09,2.17587571801194e-07,"Up","COVID19_vs_OtherVirus"
"PVRL3",17.1481541430737,-1.97708818605501,0.339120274183564,-5.83005009303815,5.54107395275802e-09,2.18441448715394e-07,"Down","COVID19_vs_OtherVirus"
"GFM1",10.4836646536129,1.20329098232275,0.206584900050345,5.82468022604512,5.72220573967401e-09,2.25026445417821e-07,"Up","COVID19_vs_OtherVirus"
"SERPINB11",4.74694320822615,1.96842757359769,0.338583614610435,5.81371185331136,6.11025560968444e-09,2.39696169690963e-07,"Up","COVID19_vs_OtherVirus"
"SNORD90",4.76464617870308,1.94158608428741,0.334618035948125,5.80239519602108,6.53742558845643e-09,2.55824845454155e-07,"Up","COVID19_vs_OtherVirus"
"NFKBIA",126.347639274184,-1.08950519120757,0.187808071809802,-5.8011627546602,6.58566391976617e-09,2.57082420887498e-07,"Down","COVID19_vs_OtherVirus"
"RNY3",76.9911317278197,1.16028355495466,0.2000497843832,5.79997403412395,6.63251889071365e-09,2.58279991729596e-07,"Up","COVID19_vs_OtherVirus"
"C16orf72",78.3129810303154,-1.14220339519122,0.196981689355745,-5.79852573570136,6.69004374414929e-09,2.5988622486396e-07,"Down","COVID19_vs_OtherVirus"
"TUFM",29.3943226078328,1.02739284348287,0.177453207124599,5.78965497513652,7.05311542798393e-09,2.71349496200461e-07,"Up","COVID19_vs_OtherVirus"
"TRIM17",14.1097805005866,-1.42301338867897,0.24608247794144,-5.78266848002727,7.35248708062325e-09,2.81510332684007e-07,"Down","COVID19_vs_OtherVirus"
"TMC1",6.6310153561337,-2.23374273399619,0.386526348221967,-5.77901802625221,7.51378766487441e-09,2.8699792788848e-07,"Down","COVID19_vs_OtherVirus"
"MRTO4",16.3950364656914,1.37448174142586,0.238000232034147,5.77512773697069,7.68947271079047e-09,2.93007449404488e-07,"Up","COVID19_vs_OtherVirus"
"IRX2",8.46749148778686,1.63236839314965,0.282847077777077,5.77120473005624,7.8706777974548e-09,2.99198194557532e-07,"Up","COVID19_vs_OtherVirus"
"FBXL19",20.8840807092802,-1.36622922196924,0.236850415355612,-5.7683209882404,8.00651982383274e-09,3.03639181727586e-07,"Down","COVID19_vs_OtherVirus"
"BATF2",29.0829942892336,-1.56179680294345,0.27111625664052,-5.76061657938233,8.38072219763836e-09,3.17077276321076e-07,"Down","COVID19_vs_OtherVirus"
"PERP",75.3622882048901,1.09461750755086,0.19004695667062,5.75972131691639,8.42529233450068e-09,3.18009970242643e-07,"Up","COVID19_vs_OtherVirus"
"FBXO36",19.9329916212767,1.0844674659792,0.18843833896601,5.75502560641234,8.66286626558331e-09,3.25569049909665e-07,"Up","COVID19_vs_OtherVirus"
"RHBDF2",29.988276898471,-1.07824116247523,0.18735865649846,-5.75495780460025,8.66634386894699e-09,3.25569049909665e-07,"Down","COVID19_vs_OtherVirus"
"SNORA60",61.767012606965,1.26349213818518,0.219635749687665,5.75267068308299,8.78445032093343e-09,3.29231300056392e-07,"Up","COVID19_vs_OtherVirus"
"ATF3",39.7051147579235,-1.12067490292518,0.194872296044434,-5.75081694870396,8.88132351095098e-09,3.32082461770125e-07,"Down","COVID19_vs_OtherVirus"
"MIR1246",195.535951287356,1.472400418014,0.256404302652487,5.74249496900834,9.32916516006292e-09,3.48012735854123e-07,"Up","COVID19_vs_OtherVirus"
"TRAK2",26.4912309078899,1.04068071563644,0.181331697165346,5.7390998479847,9.51810937225327e-09,3.54233413140782e-07,"Up","COVID19_vs_OtherVirus"
"NUDT21",10.6101011678295,1.23283351562579,0.215173650224699,5.72948181312338,1.00737888622029e-08,3.74042123195191e-07,"Up","COVID19_vs_OtherVirus"
"LRRK2",35.5172223679691,-1.51688636816761,0.264857840211609,-5.72717185549688,1.02118707056663e-08,3.78289391384381e-07,"Down","COVID19_vs_OtherVirus"
"JPH3",19.3943824924791,-2.23755998856673,0.39094135481537,-5.72351827455928,1.04340338215838e-08,3.84733912229578e-07,"Down","COVID19_vs_OtherVirus"
"TYMP",252.333291645793,-1.04443360525353,0.18270894764868,-5.71637907554372,1.08817842538006e-08,4.00319279714703e-07,"Down","COVID19_vs_OtherVirus"
"ANKRD42",54.3147882144449,1.00629588027201,0.176364086890394,5.70578680736403,1.15806875710607e-08,4.25051167263344e-07,"Up","COVID19_vs_OtherVirus"
"KIAA0226",35.7333290913879,-1.08076988199789,0.18975790439607,-5.69551969620232,1.22996684552096e-08,4.50404831550175e-07,"Down","COVID19_vs_OtherVirus"
"LOC100505715",7.38261714720908,-2.18341572956236,0.38342032839071,-5.69457477313886,1.23679775134458e-08,4.51869860365389e-07,"Down","COVID19_vs_OtherVirus"
"FGF13",8.88569335273218,-1.22806139893803,0.215784207698469,-5.69115512222325,1.26182806191518e-08,4.59962256541958e-07,"Down","COVID19_vs_OtherVirus"
"SERPINB3",243.800841593156,1.08972357525057,0.191619858491646,5.68690314160773,1.29363777507163e-08,4.70483387626279e-07,"Up","COVID19_vs_OtherVirus"
"NOCT",10.380197503684,-1.84015668823155,0.323747520747168,-5.6839251895573,1.31637878004651e-08,4.77665990959603e-07,"Down","COVID19_vs_OtherVirus"
"FAM216B",64.3083237109257,1.43409705525491,0.252561871498689,5.67820093644798,1.36118761848433e-08,4.92805476569634e-07,"Up","COVID19_vs_OtherVirus"
"ASCL1",7.42617849287381,-2.56075302409299,0.451438169531718,-5.67243356216266,1.4078312601194e-08,5.06248511240233e-07,"Down","COVID19_vs_OtherVirus"
"CRIPT",7.14231598337011,1.16889372761751,0.206060820539574,5.67256659736063,1.40673804905352e-08,5.06248511240233e-07,"Up","COVID19_vs_OtherVirus"
"SNORD70",2.17790294037072,2.05459343897053,0.362171034363497,5.67299216123512,1.40324653154611e-08,5.06248511240233e-07,"Up","COVID19_vs_OtherVirus"
"RUFY4",27.5874385368534,-1.45789020131543,0.257135642836548,-5.66973207305281,1.43021001012198e-08,5.13140067901293e-07,"Down","COVID19_vs_OtherVirus"
"IDO1",47.7221502457572,-1.54801804591356,0.273166558008072,-5.66693835878627,1.45371609793796e-08,5.20404287436713e-07,"Down","COVID19_vs_OtherVirus"
"CYP2J2",9.06125371666098,1.38810987696529,0.245197912464703,5.6611814636273,1.50334350621447e-08,5.35767464737058e-07,"Up","COVID19_vs_OtherVirus"
"PLEKHO2",57.0116149279667,-1.09225169387796,0.193039336013263,-5.65818198733816,1.52984868422353e-08,5.43999200274229e-07,"Down","COVID19_vs_OtherVirus"
"LMF1",18.9320380371035,-1.49635736444673,0.265059711112195,-5.64535952358807,1.6483641700259e-08,5.84839607525188e-07,"Down","COVID19_vs_OtherVirus"
"CLCN3",25.5339846897424,1.0780054851025,0.191050414220253,5.64251843945082,1.67580581838519e-08,5.93257554242526e-07,"Up","COVID19_vs_OtherVirus"
"CHGA",18.5003732261071,-2.15577806173324,0.382266839706185,-5.63945871786891,1.70585541589985e-08,6.0122930618669e-07,"Down","COVID19_vs_OtherVirus"
"COL9A3",8.00586865004392,-2.24658558654281,0.398611423720689,-5.63602910717637,1.74015979514391e-08,6.11968971129244e-07,"Down","COVID19_vs_OtherVirus"
"COL11A2",5.3222896514601,-1.63863855023917,0.290867171536466,-5.63363181064155,1.76453536178144e-08,6.19177397498954e-07,"Down","COVID19_vs_OtherVirus"
"LIMK1",20.994534344801,-1.4575173095057,0.25906994644204,-5.62596059296976,1.84478460857069e-08,6.4591734781666e-07,"Down","COVID19_vs_OtherVirus"
"SNORA2B",3.07107190606831,1.80209439593884,0.320524516519997,5.62232934785943,1.88399643873973e-08,6.58203219713754e-07,"Up","COVID19_vs_OtherVirus"
"MILR1",3.77321845620841,-1.66186795017858,0.295923863099123,-5.61586325879344,1.95583292230065e-08,6.81808481167079e-07,"Down","COVID19_vs_OtherVirus"
"EFEMP1",11.8378934537812,1.30412538927594,0.232383048098774,5.6119643835708,2.00042617803412e-08,6.95834517614221e-07,"Up","COVID19_vs_OtherVirus"
"SNORA58",20.6267339146301,1.32936008097272,0.237119256003503,5.60629323564122,2.06705643381882e-08,7.17448326572854e-07,"Up","COVID19_vs_OtherVirus"
"BEGAIN",8.37433661595577,-2.8863268371484,0.515178850864779,-5.60257245091372,2.11193713029535e-08,7.3143575319513e-07,"Down","COVID19_vs_OtherVirus"
"GSTA1",51.6472279277819,1.39805148917266,0.249645778135223,5.60014072585435,2.1417786280432e-08,7.40165315483499e-07,"Up","COVID19_vs_OtherVirus"
"LONRF3",19.1688560724068,-1.66592143529882,0.297568418588412,-5.59844839449536,2.16278761524486e-08,7.45811383693292e-07,"Down","COVID19_vs_OtherVirus"
"SLC4A3",7.88960078674689,-1.95390927341778,0.349226608486395,-5.59496105375916,2.20671299815693e-08,7.59318528633052e-07,"Down","COVID19_vs_OtherVirus"
"SEMA6A",12.6956423616614,-1.78400009541028,0.319083589721748,-5.59101173760138,2.2575031817068e-08,7.75124640841523e-07,"Down","COVID19_vs_OtherVirus"
"WWC3",33.4990643317781,-1.1400738960565,0.204005176872282,-5.58845571242658,2.29097786572124e-08,7.84930313392819e-07,"Down","COVID19_vs_OtherVirus"
"LRP11",38.4118002035776,1.2174151255843,0.21792903938638,5.58629143234957,2.31969837132555e-08,7.92338002739755e-07,"Up","COVID19_vs_OtherVirus"
"DAPK1",94.7919793027152,-1.34820194663608,0.241663739982003,-5.57883423775729,2.42135844781962e-08,8.24294434496548e-07,"Down","COVID19_vs_OtherVirus"
"ZNF664",36.9625798761013,1.25550777043051,0.225349070546398,5.57139094200085,2.52713536974067e-08,8.566506011312e-07,"Up","COVID19_vs_OtherVirus"
"CHST9",31.2767880043487,1.4005257434023,0.251407357508924,5.57074286639598,2.53655455671275e-08,8.58021823145673e-07,"Up","COVID19_vs_OtherVirus"
"RYR2",10.3110646600158,-2.03167020474395,0.365186968218862,-5.5633699489691,2.64614084706089e-08,8.91314024560636e-07,"Down","COVID19_vs_OtherVirus"
"ALDH9A1",11.5821888921737,1.12322666972052,0.201922054199871,5.56267453880348,2.6567109370196e-08,8.92990459377998e-07,"Up","COVID19_vs_OtherVirus"
"PIFO",18.6087547809767,1.41517430769043,0.254791261075974,5.5542497875092,2.78806559135427e-08,9.33212897936316e-07,"Up","COVID19_vs_OtherVirus"
"SNORD97",44.1135959067907,1.18657912591389,0.213958787121083,5.54583030629346,2.92562465365808e-08,9.77207598751149e-07,"Up","COVID19_vs_OtherVirus"
"DPP10_AS1",23.3157456142545,-2.63391436380623,0.475186589965369,-5.54290550160135,2.97493431198255e-08,9.91603365868756e-07,"Down","COVID19_vs_OtherVirus"
"DDC",19.836934348623,-2.92689919326015,0.528572248905737,-5.53736825820782,3.07050496496155e-08,1.02132671397034e-06,"Down","COVID19_vs_OtherVirus"
"ERI3",6.91497872201808,1.11450949117515,0.201298112022723,5.53661174452218,3.08379117031831e-08,1.02361350988154e-06,"Up","COVID19_vs_OtherVirus"
"ALPK3",18.7290987621464,-1.1501269040855,0.20782051864308,-5.53423170914503,3.12595509087422e-08,1.03387932813586e-06,"Down","COVID19_vs_OtherVirus"
"POLR2H",23.554648542038,1.12059153969756,0.2026491443426,5.52971266339564,3.20755737878106e-08,1.0537419981403e-06,"Up","COVID19_vs_OtherVirus"
"SNORA33",6.13684725784479,1.60286222289708,0.28985600091693,5.52985695595945,3.20492018062525e-08,1.0537419981403e-06,"Up","COVID19_vs_OtherVirus"
"TRIM52_AS1",7.80921991941236,-2.0996430125537,0.379761038776359,-5.52885314227872,3.22331029817138e-08,1.0567427560699e-06,"Down","COVID19_vs_OtherVirus"
"PUM2",34.7269509273346,1.06031287234084,0.191804691773651,5.52808621382485,3.23742955873716e-08,1.05919672817208e-06,"Up","COVID19_vs_OtherVirus"
"PIP5K1C",37.2374908651528,-1.40394735626905,0.254002587770676,-5.52729548384206,3.2520498206641e-08,1.06180424205977e-06,"Down","COVID19_vs_OtherVirus"
"TULP2",5.26303838997239,-1.86887836305054,0.338179689490087,-5.52628800939661,3.27077040688517e-08,1.06573714931283e-06,"Down","COVID19_vs_OtherVirus"
"RBM3",23.334283542415,1.0225782393417,0.185136942169905,5.52336139592959,3.32574668973456e-08,1.0814434144257e-06,"Up","COVID19_vs_OtherVirus"
"RBM12",13.0454245919581,1.02545861327201,0.18590709031577,5.51597365937056,3.46854211260603e-08,1.1233010825531e-06,"Up","COVID19_vs_OtherVirus"
"AASDHPPT",5.46639029896203,1.26934135971748,0.23015375160309,5.51518865487151,3.48406020456512e-08,1.12604261591269e-06,"Up","COVID19_vs_OtherVirus"
"SOD2",160.308574999809,-1.14526256436298,0.207915575254469,-5.50830577729104,3.62303679619248e-08,1.16859405026281e-06,"Down","COVID19_vs_OtherVirus"
"MYOCD",22.8339901364014,-2.53793571246029,0.460879857525647,-5.50671866218206,3.6558379934348e-08,1.17679656054798e-06,"Down","COVID19_vs_OtherVirus"
"API5",12.1285851685344,1.08701925852985,0.197484174388966,5.5043360405622,3.70562141450864e-08,1.19042155943752e-06,"Up","COVID19_vs_OtherVirus"
"ITGA4",23.1082121177468,1.19205483044921,0.216591101000295,5.50371102480145,3.7187892076102e-08,1.19225278089768e-06,"Up","COVID19_vs_OtherVirus"
"BMP3",54.1879599399374,-1.58886663649145,0.288820300016406,-5.5012290908956,3.77152775269799e-08,1.20673771742637e-06,"Down","COVID19_vs_OtherVirus"
"PLCB3",50.6906888453544,-1.33961898154119,0.243690932725748,-5.49720486748192,3.8585833863679e-08,1.232122846935e-06,"Down","COVID19_vs_OtherVirus"
"ACAN",17.033736044622,-3.49086541292204,0.6357241024747,-5.49116416906809,3.99292980021884e-08,1.26994257351183e-06,"Down","COVID19_vs_OtherVirus"
"ANGPT1",8.23193841498365,-1.81551764728885,0.330608430463644,-5.49144389555578,3.98660969083345e-08,1.26994257351183e-06,"Down","COVID19_vs_OtherVirus"
"CAPSL",32.1509561947545,1.31315672939545,0.239277861895819,5.48799926157481,4.06511764477728e-08,1.29033137806191e-06,"Up","COVID19_vs_OtherVirus"
"COX8A",9.64343832089826,1.20244441682339,0.219127436118781,5.48742064490541,4.07845134197677e-08,1.29199512154764e-06,"Up","COVID19_vs_OtherVirus"
"POLR1D",43.8006311381131,-1.32955043638947,0.242409775523715,-5.48472285623399,4.14118129264407e-08,1.30926931719515e-06,"Down","COVID19_vs_OtherVirus"
"ATP5G2",12.3131459021608,1.08861883933153,0.198500487412758,5.48421242446563,4.15315482708798e-08,1.31045988081594e-06,"Up","COVID19_vs_OtherVirus"
"SOX3",17.4648703493633,-2.71983316242141,0.496126205701404,-5.48213968777605,4.20212221723826e-08,1.32329552900249e-06,"Down","COVID19_vs_OtherVirus"
"ATP5A1",32.4834033428247,1.05190187866032,0.191915023791501,5.48108145927708,4.22733774005027e-08,1.32861563696147e-06,"Up","COVID19_vs_OtherVirus"
"DCAF7",18.9636868075974,1.01631361857076,0.18564394140114,5.47453157318346,4.386704272589e-08,1.37599450719364e-06,"Up","COVID19_vs_OtherVirus"
"LINC01144",6.23218544046141,-2.05311704857367,0.375322614908857,-5.47027268546622,4.49343688555085e-08,1.40671006499421e-06,"Down","COVID19_vs_OtherVirus"
"STX11",23.6390904806435,-1.30385130029221,0.238377792893133,-5.46968442180661,4.5083759131244e-08,1.40862484988149e-06,"Down","COVID19_vs_OtherVirus"
"SNORD49A",1.46772872212684,2.11273562975639,0.386348536917111,5.46847063694115,4.53935245240294e-08,1.415533227638e-06,"Up","COVID19_vs_OtherVirus"
"LOC100289580",11.4261376519509,-2.40869374851925,0.440498929084286,-5.46810352871112,4.54876185225422e-08,1.41570237296473e-06,"Down","COVID19_vs_OtherVirus"
"EGR1",109.728205245373,-1.20916784613151,0.221231268961666,-5.46562812665071,4.61270463149622e-08,1.43281015849161e-06,"Down","COVID19_vs_OtherVirus"
"DAD1",7.81882234983809,1.23040776981922,0.225172696021533,5.46428493133801,4.6477648799669e-08,1.43936258347776e-06,"Up","COVID19_vs_OtherVirus"
"KIF21B",60.6119522074482,-1.13839880080545,0.208353270566983,-5.46379136601779,4.66071277425094e-08,1.43936258347776e-06,"Down","COVID19_vs_OtherVirus"
"VPS11",19.8949673576652,1.21408023065892,0.222204924158781,5.46378634611794,4.66084464272832e-08,1.43936258347776e-06,"Up","COVID19_vs_OtherVirus"
"PCDH10",49.4617055503874,-1.9312625386827,0.353518270609255,-5.46297801059717,4.68212617580911e-08,1.44314336916927e-06,"Down","COVID19_vs_OtherVirus"
"MGST3",3.72360814995191,1.27804524880228,0.234692381561332,5.44561881514798,5.16255885303434e-08,1.58815827837276e-06,"Up","COVID19_vs_OtherVirus"
"TJP1",144.637855358376,-1.18503161298315,0.218031652441653,-5.4351356773773,5.4754752601962e-08,1.68118150008255e-06,"Down","COVID19_vs_OtherVirus"
"CASP5",2.70511052125816,-2.02445878217094,0.372782287998906,-5.4306732034889,5.61418603639789e-08,1.72046246174911e-06,"Down","COVID19_vs_OtherVirus"
"ALDH2",29.3991783689776,1.12819206759781,0.207793271951864,5.42939651991794,5.65449273935408e-08,1.72949484820933e-06,"Up","COVID19_vs_OtherVirus"
"TTN",101.036069445965,-1.31520338139619,0.242298400748008,-5.42803162272628,5.69789460708904e-08,1.73943757737636e-06,"Down","COVID19_vs_OtherVirus"
"COL27A1",44.6308980437298,-1.82671436080839,0.336650713336728,-5.42614136385702,5.75853574535884e-08,1.75459507080915e-06,"Down","COVID19_vs_OtherVirus"
"SCARNA4",118.287245176207,1.13800516786521,0.209814478573527,5.42386386107483,5.83243098687381e-08,1.77372558355099e-06,"Up","COVID19_vs_OtherVirus"
"KDELC2",3.94977172376394,1.37321224409001,0.253247804551267,5.42240532557911,5.8802359922053e-08,1.784864027596e-06,"Up","COVID19_vs_OtherVirus"
"COX6C",36.4744275105783,1.17383142779049,0.216902399713694,5.41179548654104,6.23959277261492e-08,1.89034797357817e-06,"Up","COVID19_vs_OtherVirus"
"CBR1",14.827264534832,1.13833184805395,0.210511824807919,5.40744848462842,6.39289219583091e-08,1.9331234242166e-06,"Up","COVID19_vs_OtherVirus"
"PLEKHS1",82.7379447729631,1.18104556449205,0.218437137494634,5.40679839535555,6.41612934739138e-08,1.93648244159642e-06,"Up","COVID19_vs_OtherVirus"
"CARD16",28.0197826542478,-1.37011494916184,0.253532055498269,-5.40410934021397,6.51312071865423e-08,1.95467077808334e-06,"Down","COVID19_vs_OtherVirus"
"SYDE2",28.3491495346491,-1.79227399890417,0.331638223259711,-5.40430467057655,6.50602777973532e-08,1.95467077808334e-06,"Down","COVID19_vs_OtherVirus"
"HEY1",11.1674188358661,1.2541946971262,0.232255191075892,5.40007175433327,6.66142473820583e-08,1.99542790563216e-06,"Up","COVID19_vs_OtherVirus"
"SLPI",151.280011662717,1.20388442847556,0.222966859703261,5.39938729045996,6.68688785664677e-08,1.99930433556596e-06,"Up","COVID19_vs_OtherVirus"
"PRR23C",14.0964298218534,-2.741959855537,0.508055238789894,-5.39697191602217,6.77749916659749e-08,2.01883491966223e-06,"Down","COVID19_vs_OtherVirus"
"SLC12A2",22.6887787022371,1.11681617531878,0.206924079813304,5.39722673323674,6.76788401533332e-08,2.01883491966223e-06,"Up","COVID19_vs_OtherVirus"
"AIF1",16.1638364248228,-1.15239435080853,0.213864560074296,-5.38843065166192,7.10755777124083e-08,2.11320795857786e-06,"Down","COVID19_vs_OtherVirus"
"ADCK1",14.09257878798,1.57488761718037,0.293272613223479,5.37004666023922,7.87162726897057e-08,2.33169575095332e-06,"Up","COVID19_vs_OtherVirus"
"KCNMA1",20.6327818913143,-2.15451705778499,0.401273364802638,-5.36920026786394,7.90865584437971e-08,2.3383259113216e-06,"Down","COVID19_vs_OtherVirus"
"C9orf116",11.0027660681447,1.40242215593745,0.26125649137431,5.36798970452437,7.96190973410467e-08,2.34538470137851e-06,"Up","COVID19_vs_OtherVirus"
"ORC1",11.0661142393513,-1.85641072334422,0.345820734990315,-5.36813017703004,7.95571244378203e-08,2.34538470137851e-06,"Down","COVID19_vs_OtherVirus"
"WLS",16.367696739021,1.07970983177386,0.201232407929579,5.36548681637652,8.07311771993164e-08,2.37376422682189e-06,"Up","COVID19_vs_OtherVirus"
"TRPV5",7.85810448567309,-2.83223377008492,0.528004398751909,-5.36403442240202,8.13833841276154e-08,2.38854248342189e-06,"Down","COVID19_vs_OtherVirus"
"NCAPH",14.9079837818442,-1.82502892965215,0.340365320354468,-5.36197086046104,8.23188216247529e-08,2.40714708069744e-06,"Down","COVID19_vs_OtherVirus"
"QPCTL",9.27947700203282,-1.32518400193979,0.247134962931112,-5.36218747126111,8.22201423478205e-08,2.40714708069744e-06,"Down","COVID19_vs_OtherVirus"
"BBS2",11.7043679315198,1.15479038916445,0.215441942791342,5.36010014671508,8.31758300368773e-08,2.42333084373865e-06,"Up","COVID19_vs_OtherVirus"
"SNORA7B",46.3172010283213,1.16205069008742,0.216788949550093,5.36028562571594,8.30904743540976e-08,2.42333084373865e-06,"Up","COVID19_vs_OtherVirus"
"MBOAT1",24.9659594583688,-1.55451684485807,0.290159621934886,-5.35745406094757,8.4402818479226e-08,2.45459999970733e-06,"Down","COVID19_vs_OtherVirus"
"FAM196A",7.17808856217718,-1.95773650799385,0.365520225567938,-5.35602785031104,8.50714017959912e-08,2.46954545649963e-06,"Down","COVID19_vs_OtherVirus"
"STATH",22.5499322238322,-1.72420238730161,0.321949353710622,-5.3555081488108,8.531630148475e-08,2.47215983576319e-06,"Down","COVID19_vs_OtherVirus"
"ADGRL1",24.7074139541598,-1.48040468401528,0.276523308241934,-5.35363435880803,8.62049706251322e-08,2.49338507427692e-06,"Down","COVID19_vs_OtherVirus"
"NR1D2",13.280808741643,1.02192127338819,0.190958346277704,5.35154023538746,8.72087416395054e-08,2.51785672516518e-06,"Up","COVID19_vs_OtherVirus"
"EFCAB10",12.6218198085643,1.22482965382653,0.228958615076037,5.34956788334764,8.81644868400705e-08,2.54085595106239e-06,"Up","COVID19_vs_OtherVirus"
"MIR7641_2",701.545412684537,1.05262404447328,0.196835815900841,5.34772617298245,8.90660774577074e-08,2.56221440124281e-06,"Up","COVID19_vs_OtherVirus"
"HSD17B14",1.9791162100067,-1.75916886286593,0.329188597385174,-5.34395442867536,9.09404404543592e-08,2.60674160196463e-06,"Down","COVID19_vs_OtherVirus"
"DDX58",64.1708003266906,-1.22129731951049,0.228590436867304,-5.34273146439389,9.15563480404672e-08,2.61969292619014e-06,"Down","COVID19_vs_OtherVirus"
"SLIT2",24.2986591761435,-1.78833988452549,0.334882482883601,-5.34020134205433,9.28434106015768e-08,2.64703195297281e-06,"Down","COVID19_vs_OtherVirus"
"CYP2B6",9.49426176556796,1.49563405373216,0.280237474395745,5.33702374015853,9.4484672891451e-08,2.68902368517809e-06,"Up","COVID19_vs_OtherVirus"
"MNDA",54.5338944152661,-1.51911850696309,0.285046976373481,-5.32936193988137,9.85584083172564e-08,2.79997072454327e-06,"Down","COVID19_vs_OtherVirus"
"MSMB",40.8671540827204,1.37098661642741,0.25729021807345,5.32856097947736,9.89939612488212e-08,2.8023716051395e-06,"Up","COVID19_vs_OtherVirus"
"SLC7A9",5.84326800253201,-2.81126460212392,0.527582526892316,-5.32857791686819,9.89847316399003e-08,2.8023716051395e-06,"Down","COVID19_vs_OtherVirus"
"SERPINB9",12.7104270661662,-1.39600578636177,0.262264410863836,-5.32289448562105,1.02128990273451e-07,2.88090363728962e-06,"Down","COVID19_vs_OtherVirus"
"PHF13",22.6632795479857,-1.40111435288008,0.263288085758392,-5.32160180679738,1.02857521431383e-07,2.89633719078211e-06,"Down","COVID19_vs_OtherVirus"
"MAN2C1",54.3115208204336,-1.37970415057834,0.259723731182813,-5.31219902122538,1.08310219997522e-07,3.03915812386719e-06,"Down","COVID19_vs_OtherVirus"
"SNORA4",124.896065157566,1.19436718198298,0.225593266311579,5.2943387961473,1.19447803723625e-07,3.34579584956384e-06,"Up","COVID19_vs_OtherVirus"
"TMPRSS11F",8.41938852840905,-3.85028710761753,0.727358576404477,-5.29351991235258,1.19984170463627e-07,3.35493391527542e-06,"Down","COVID19_vs_OtherVirus"
"CAT",11.387698573591,1.25907330363979,0.237968019756688,5.29093491187235,1.21692672403382e-07,3.39675735593075e-06,"Up","COVID19_vs_OtherVirus"
"SNORA68",48.8152013774772,1.04113079618509,0.197036177076953,5.28395755353328,1.26422555270319e-07,3.51648522203122e-06,"Up","COVID19_vs_OtherVirus"
"GFM2",16.5697882991364,1.11811581832545,0.211672311616799,5.28229606312249,1.27574812586062e-07,3.54236427434621e-06,"Up","COVID19_vs_OtherVirus"
"SNORA57",76.3004704562824,1.15817844726097,0.21954805137342,5.27528456761873,1.32550241872527e-07,3.67412701690411e-06,"Up","COVID19_vs_OtherVirus"
"RNU6_36P",162.155059124477,1.65913308069552,0.314687325583895,5.27232254307363,1.34708065296382e-07,3.72746788651999e-06,"Up","COVID19_vs_OtherVirus"
"ACO2",18.6850674893878,1.01345046383188,0.192457033731859,5.26585307993406,1.39539849613084e-07,3.85448657253027e-06,"Up","COVID19_vs_OtherVirus"
"RBX1",5.24770530246716,1.13386351537641,0.215416612681748,5.2635843691942,1.41273631396837e-07,3.89563868546095e-06,"Up","COVID19_vs_OtherVirus"
"NLRP3",8.95643401823475,-1.50698195632566,0.286432102397997,-5.26121877998058,1.4310363400663e-07,3.93929762163769e-06,"Down","COVID19_vs_OtherVirus"
"OASL",50.1234676151251,-1.27017793369025,0.241484625022118,-5.2598708243803,1.44156635331448e-07,3.96145411308418e-06,"Down","COVID19_vs_OtherVirus"
"GPR34",12.7413533837564,-2.25887806246153,0.429654330840168,-5.25743114946474,1.46081557458307e-07,4.00745385975829e-06,"Down","COVID19_vs_OtherVirus"
"HTR1F",54.0410595295766,-2.47770878868264,0.471523711202045,-5.25468545869362,1.48277663500859e-07,4.0537691360526e-06,"Down","COVID19_vs_OtherVirus"
"MRPS18B",7.52622743996851,1.11524611335393,0.212280294034116,5.25364880630276,1.49115092274846e-07,4.06969497993194e-06,"Up","COVID19_vs_OtherVirus"
"PLEKHG6",32.6769433122388,-1.27862337972481,0.243403319642171,-5.25310575716272,1.49555602172027e-07,4.07475212334228e-06,"Down","COVID19_vs_OtherVirus"
"BUB1",42.2078949243517,1.31341713172501,0.250719775585031,5.23858610139656,1.61811480477016e-07,4.40116200561505e-06,"Up","COVID19_vs_OtherVirus"
"GAPVD1",56.3959370808668,1.08860928849502,0.207921436844845,5.23567605637203,1.64382046494485e-07,4.45589771533268e-06,"Up","COVID19_vs_OtherVirus"
"SNORA71B",7.97079318163642,1.2661471701915,0.241847208414046,5.23531852401554,1.64700580511741e-07,4.45696520076349e-06,"Up","COVID19_vs_OtherVirus"
"PPP1R18",63.1024940068373,-1.01326109545726,0.193605904064178,-5.23362704435592,1.66215668283469e-07,4.4836175287282e-06,"Down","COVID19_vs_OtherVirus"
"SEPP1",2.17263302233289,1.42477594111528,0.272463792890498,5.22923037222745,1.70217151907903e-07,4.58294611696726e-06,"Up","COVID19_vs_OtherVirus"
"MYH3",7.59356664001199,-1.16973243143935,0.223903413248781,-5.22427244170526,1.74841194980895e-07,4.69206707721277e-06,"Down","COVID19_vs_OtherVirus"
"MTX2",4.10943188295813,1.23962990942387,0.23746396130323,5.22028649156121,1.78646556115536e-07,4.78568945459839e-06,"Up","COVID19_vs_OtherVirus"
"HSPA14",10.0450975662817,1.04605375780516,0.200410787621363,5.21954816015932,1.79360171496418e-07,4.79426003899388e-06,"Up","COVID19_vs_OtherVirus"
"SNORA28",2.67927004526325,1.72399601598906,0.330309537920454,5.21933464847218,1.79567048936386e-07,4.79426003899388e-06,"Up","COVID19_vs_OtherVirus"
"PRKCDBP",13.3661055430055,1.34213805738282,0.257570640178876,5.21075715947572,1.88071492795176e-07,5.00458242327964e-06,"Up","COVID19_vs_OtherVirus"
"AGPS",38.4113018041895,-1.5378411043061,0.295297820538229,-5.20776313723932,1.91130685422123e-07,5.06909057051432e-06,"Down","COVID19_vs_OtherVirus"
"WNT2B",8.08493258655312,-2.0052607899619,0.385044710319582,-5.20786479133178,1.91026034331244e-07,5.06909057051432e-06,"Down","COVID19_vs_OtherVirus"
"ADAM23",20.9467870552395,-2.47065711739061,0.47547634172471,-5.19617255493452,2.03433440624755e-07,5.38643169654202e-06,"Down","COVID19_vs_OtherVirus"
"ITGAM",21.6601945564687,-1.74645542851613,0.33623513553851,-5.19414910556278,2.0565826788755e-07,5.4273386861035e-06,"Down","COVID19_vs_OtherVirus"
"PTCH2",34.9465550456548,1.12928000541389,0.217445599720425,5.19339093026407,2.0649793956199e-07,5.43154217964864e-06,"Up","COVID19_vs_OtherVirus"
"TSPAN13",14.1724758077452,1.08069218855261,0.208084096395004,5.19353572558061,2.06337324642778e-07,5.43154217964864e-06,"Up","COVID19_vs_OtherVirus"
"SCRIB",72.7173494159967,-1.02230811280424,0.196863309814543,-5.19298448129981,2.06949440965879e-07,5.43446508957438e-06,"Down","COVID19_vs_OtherVirus"
"SNORD116_21",5.39399468360466,1.85092062111506,0.356735518526789,5.1884954678996,2.11999920476993e-07,5.54883726284535e-06,"Up","COVID19_vs_OtherVirus"
"NCOA7",63.4388933063071,-1.12526207104395,0.217006774018179,-5.18537762765731,2.15577601581184e-07,5.63324384099049e-06,"Down","COVID19_vs_OtherVirus"
"PIK3AP1",36.3665674759234,-1.18268621826018,0.228242056781573,-5.18171907025888,2.19850172804557e-07,5.72614658890303e-06,"Down","COVID19_vs_OtherVirus"
"NOX4",113.774582159747,-2.89886738496659,0.559504595327009,-5.18113239672735,2.20542876098961e-07,5.73483315927688e-06,"Down","COVID19_vs_OtherVirus"
"FAM92B",24.3268558995646,1.22249848127221,0.23603070362479,5.17940446940991,2.22595367777156e-07,5.77879291370742e-06,"Up","COVID19_vs_OtherVirus"
"TREML4",10.743339176803,-1.91104413196139,0.369173414780085,-5.1765486230903,2.26028165712854e-07,5.85838586651207e-06,"Down","COVID19_vs_OtherVirus"
"DNAH17",19.1598958509917,-1.50231601345382,0.290328246390566,-5.17454306334635,2.28469413593736e-07,5.91206265386968e-06,"Down","COVID19_vs_OtherVirus"
"FXYD3",38.3101496082636,1.05588848940699,0.204098589104184,5.17342375584968,2.29842936050852e-07,5.93798109544969e-06,"Up","COVID19_vs_OtherVirus"
"SNORD65",1.47847369580115,1.94070990782174,0.375161550824531,5.17299788199628,2.30367625989538e-07,5.94192167455405e-06,"Up","COVID19_vs_OtherVirus"
"LOC101929172",25.3578008496479,-5.87894502661811,1.13750818914054,-5.16826611249279,2.36275729134895e-07,6.0649168671507e-06,"Down","COVID19_vs_OtherVirus"
"CDC20B",33.8606568672407,1.3119589672497,0.254031801257046,5.16454617397359,2.41022976468127e-07,6.17684244348334e-06,"Up","COVID19_vs_OtherVirus"
"ITGB2",42.0542564955914,-1.33132009622078,0.257979673363934,-5.16056198870629,2.46209619595754e-07,6.28957245834529e-06,"Down","COVID19_vs_OtherVirus"
"RGS19",24.6366777340995,-1.52431513473261,0.295580093276526,-5.15702907403361,2.50898857497866e-07,6.38891731867772e-06,"Down","COVID19_vs_OtherVirus"
"SNORD15A",9.69308609336293,1.39396500737278,0.270324809570504,5.15662994302125,2.51434016444857e-07,6.39234953273661e-06,"Up","COVID19_vs_OtherVirus"
"FAM3D",9.50876721196169,1.17409474999265,0.228031113222801,5.14883575929168,2.62108260485978e-07,6.65313272960116e-06,"Up","COVID19_vs_OtherVirus"
"CHST2",10.8175945713426,-1.63751174081646,0.318058192804332,-5.14846584009816,2.62625601059943e-07,6.65568308971913e-06,"Down","COVID19_vs_OtherVirus"
"ZNF536",22.8948501613052,-2.33907632653882,0.454563383332125,-5.14576495227682,2.66432858297268e-07,6.74146912135369e-06,"Down","COVID19_vs_OtherVirus"
"LEPROT",5.86083665902627,1.1793573344042,0.22921961574716,5.14509777254441,2.67381515200957e-07,6.75476783496596e-06,"Up","COVID19_vs_OtherVirus"
"SCARNA9",6.658984463025,1.47652687004339,0.287051022325024,5.14377847563119,2.69267024932654e-07,6.79165453408333e-06,"Up","COVID19_vs_OtherVirus"
"S100A9",251.796179429882,-1.2710486396549,0.247190025679877,-5.1419899980146,2.71843592788534e-07,6.8350469330106e-06,"Down","COVID19_vs_OtherVirus"
"USP18",85.2610801094869,-1.04013270612385,0.202608324514368,-5.13371160151959,2.84083302932217e-07,7.09808140002469e-06,"Down","COVID19_vs_OtherVirus"
"KLF15",350.376190550125,1.3124027307805,0.255726640990544,5.13205321783048,2.86598433306406e-07,7.13858125767562e-06,"Up","COVID19_vs_OtherVirus"
"SPSB1",28.1330566700238,1.10968451149333,0.216217241509132,5.13226652855277,2.8627372194655e-07,7.13858125767562e-06,"Up","COVID19_vs_OtherVirus"
"TGM5",11.5962341520595,-2.5566282047459,0.498585587721197,-5.12776194841704,2.93206858067503e-07,7.28046764526556e-06,"Down","COVID19_vs_OtherVirus"
"RSAD2",167.859202600919,-1.17481997113069,0.229271965369751,-5.12413268336593,2.98910445189956e-07,7.41056547811e-06,"Down","COVID19_vs_OtherVirus"
"GPC6",16.1368211677249,-3.51592426172311,0.687113195024276,-5.11695057988064,3.10514938916177e-07,7.67442958937411e-06,"Down","COVID19_vs_OtherVirus"
"TMEM159",16.3294493911065,-1.34078189770302,0.262123959907957,-5.11506806998423,3.13627833892564e-07,7.73938484687584e-06,"Down","COVID19_vs_OtherVirus"
"MLF2",91.631466581804,-1.28685617952179,0.251779122085418,-5.11105197628427,3.2036981905708e-07,7.89355637510084e-06,"Down","COVID19_vs_OtherVirus"
"SMTNL1",7.11768916027311,-1.65474636519517,0.323882389506934,-5.10909644613371,3.23703094103613e-07,7.96339537820998e-06,"Down","COVID19_vs_OtherVirus"
"NDUFB8",19.5352693192014,1.04312391850376,0.20448110012613,5.10132192100069,3.37289290428298e-07,8.25944909659234e-06,"Up","COVID19_vs_OtherVirus"
"TIMM13",7.03163682079574,1.07254547151172,0.210301778812196,5.10003043041079,3.39598878689129e-07,8.30327059287999e-06,"Up","COVID19_vs_OtherVirus"
"CXXC5",20.6140172775305,-1.37685463083774,0.270118225642972,-5.09722965771882,3.44660103707988e-07,8.40128735236906e-06,"Down","COVID19_vs_OtherVirus"
"HIST1H4C",9.62841691223938,1.25925899168228,0.247111991741397,5.09590401828856,3.47080954871553e-07,8.43454265674158e-06,"Up","COVID19_vs_OtherVirus"
"ME1",11.7395433869295,1.0432182450278,0.204979192014088,5.08938607269026,3.59224597567217e-07,8.71638286437415e-06,"Up","COVID19_vs_OtherVirus"
"GBP4",94.0222890216184,-1.19522465186345,0.235068368901105,-5.08458308300208,3.68434466740923e-07,8.92628937175353e-06,"Down","COVID19_vs_OtherVirus"
"SNORA78",12.512602957066,1.39668085030435,0.274717859169161,5.08405552710836,3.69459851212045e-07,8.93756967341138e-06,"Up","COVID19_vs_OtherVirus"
"HMCN2",22.5606916747242,-1.26118798936215,0.248154144317563,-5.08227655367387,3.7293789657712e-07,9.00805817965249e-06,"Down","COVID19_vs_OtherVirus"
"LSM7",13.2483278580072,1.00232562470758,0.197287140411162,5.08054211044194,3.76359291618152e-07,9.07696744709277e-06,"Up","COVID19_vs_OtherVirus"
"SNORA80E",95.6995651638104,1.02963933732838,0.202692635012285,5.07980636428146,3.77819770690274e-07,9.09844714757302e-06,"Up","COVID19_vs_OtherVirus"
"CYB5A",34.6386771088256,1.06790848235998,0.210256319272723,5.07907912615361,3.79268735162789e-07,9.11958527953177e-06,"Up","COVID19_vs_OtherVirus"
"KCNH4",7.49220994090424,-2.85378117670543,0.56200215573391,-5.077882971781,3.8166364964205e-07,9.1496123576351e-06,"Down","COVID19_vs_OtherVirus"
"SNORD104",22.6107697588019,1.17490812923003,0.231543185584543,5.0742505173016,3.89026260520562e-07,9.31213384628381e-06,"Up","COVID19_vs_OtherVirus"
"GGCX",36.1468522787412,-1.45527386334283,0.286897986207071,-5.07244363260352,3.92739488227616e-07,9.38694411533251e-06,"Down","COVID19_vs_OtherVirus"
"EVC2",34.6427200083731,-1.41740559202122,0.279467896980795,-5.07180111681531,3.94068111203233e-07,9.40462102163052e-06,"Down","COVID19_vs_OtherVirus"
"RP1",38.7509575665615,1.2866950052081,0.254027395358699,5.06518205798717,4.08010224296329e-07,9.72282274793312e-06,"Up","COVID19_vs_OtherVirus"
"TUBG2",19.300350200795,-1.57731558248056,0.311812058941432,-5.05854580427508,4.22465779192015e-07,1.00522930411024e-05,"Down","COVID19_vs_OtherVirus"
"SNORA11",130.895913155001,1.01093681772615,0.199991491455871,5.05489913779266,4.30618283872493e-07,1.02310290480777e-05,"Up","COVID19_vs_OtherVirus"
"GPR132",8.8184748629311,-1.17219523690294,0.232064629966246,-5.05115853748776,4.39138395128951e-07,1.04024979475205e-05,"Down","COVID19_vs_OtherVirus"
"NME5",9.13707673860706,1.33150122519931,0.26381180952824,5.0471630803047,4.48418576324311e-07,1.06065940586577e-05,"Up","COVID19_vs_OtherVirus"
"CACNA1E",13.4077583768435,-1.84469202908968,0.365607190745544,-5.04555729696672,4.52201351658965e-07,1.06802467168447e-05,"Down","COVID19_vs_OtherVirus"
"DAB2IP",61.2662240035591,-1.10200390802762,0.218443111974277,-5.04480959856217,4.53973205168778e-07,1.07062573023999e-05,"Down","COVID19_vs_OtherVirus"
"SNORD45B",1.42173929522571,2.37806679067238,0.471556122915715,5.04301964306683,4.58242189228079e-07,1.07909952702294e-05,"Up","COVID19_vs_OtherVirus"
"ALDH3A1",184.342034975646,1.03934037281063,0.206147429232737,5.04173336858466,4.61333794673625e-07,1.08318461261163e-05,"Up","COVID19_vs_OtherVirus"
"SPEG",22.9792307479394,-2.06632626942013,0.409873417274247,-5.04137663564933,4.62194772143444e-07,1.08361258913983e-05,"Down","COVID19_vs_OtherVirus"
"ARL3",26.388651231381,1.02938630072827,0.204287998399284,5.03889757985839,4.68220945328674e-07,1.0961313215715e-05,"Up","COVID19_vs_OtherVirus"
"PLCE1",20.9177927074619,1.08205420327356,0.214768156809189,5.03824318907254,4.69824260241897e-07,1.09827439809987e-05,"Up","COVID19_vs_OtherVirus"
"CYP4B1",102.738992420197,1.07716473166002,0.213857598732506,5.03683169568992,4.73300592425436e-07,1.10478322495095e-05,"Up","COVID19_vs_OtherVirus"
"CST8",16.9503429568117,-5.7479220634943,1.14196802246024,-5.03334765111115,4.81987885280178e-07,1.12178113358357e-05,"Down","COVID19_vs_OtherVirus"
"MDH2",20.5957677594972,1.00135292030457,0.199278571677852,5.02489009166184,5.03720930953242e-07,1.17065624215422e-05,"Up","COVID19_vs_OtherVirus"
"CEP120",12.1113404873785,1.09018474661524,0.217003172068616,5.0238194042183,5.06538715514327e-07,1.17378768242406e-05,"Up","COVID19_vs_OtherVirus"
"SEMA3C",24.3494998555384,1.12302172379694,0.223612875187324,5.02216933106453,5.10911086265864e-07,1.18220382656823e-05,"Up","COVID19_vs_OtherVirus"
"STAM",5.61798661280844,1.03555392561275,0.20623795305104,5.02116080136069,5.13601389044811e-07,1.18670908502018e-05,"Up","COVID19_vs_OtherVirus"
"HAPLN3",5.06598274292952,-1.61523202502891,0.321720523499403,-5.02060610700175,5.15086881242953e-07,1.18842155287933e-05,"Down","COVID19_vs_OtherVirus"
"MB21D1",5.03767269893869,-1.32973825322239,0.264891318039444,-5.01993898125562,5.16878957234366e-07,1.18911951458269e-05,"Down","COVID19_vs_OtherVirus"
"SNX10",8.0005251879747,-1.39077518516121,0.277039000611753,-5.02014222578815,5.1633235286658e-07,1.18911951458269e-05,"Down","COVID19_vs_OtherVirus"
"OPA3",17.8927343972376,-1.07796241543591,0.214756115797719,-5.01947249060537,5.18135644728001e-07,1.19029549693917e-05,"Down","COVID19_vs_OtherVirus"
"NCAPH2",26.622774172877,-1.21116023272333,0.241355811848272,-5.01815234300106,5.21708001277976e-07,1.19506312028754e-05,"Down","COVID19_vs_OtherVirus"
"SLC25A47",2.07522712918829,-1.81486578654405,0.361659153009855,-5.01816633545728,5.21670013063313e-07,1.19506312028754e-05,"Down","COVID19_vs_OtherVirus"
"PEBP1",14.4153640540297,1.07461572340675,0.214282532251403,5.01494784533336,5.30478533274792e-07,1.21341264502369e-05,"Up","COVID19_vs_OtherVirus"
"IL1RN",74.0740684827872,-1.27337640900083,0.254518876578064,-5.00307256625136,5.64236889646736e-07,1.28327723363245e-05,"Down","COVID19_vs_OtherVirus"
"LOC344967",15.2302705247147,-2.21242886051208,0.44237484311989,-5.00125378945313,5.69586739381585e-07,1.29360197453291e-05,"Down","COVID19_vs_OtherVirus"
"TRPM3",11.9476884955311,-2.81677086123289,0.563703769929946,-4.9968991010703,5.82595311869912e-07,1.31939244671135e-05,"Down","COVID19_vs_OtherVirus"
"SNORA2A",6.46342719977493,1.25087339768124,0.250562940169434,4.99225223345232,5.9679245936601e-07,1.3458175715025e-05,"Up","COVID19_vs_OtherVirus"
"SOCS3",64.9498390181366,-1.22724345499955,0.246099303410102,-4.98678150646554,6.13934281519203e-07,1.38252111970883e-05,"Down","COVID19_vs_OtherVirus"
"WDR5B",3.52425609870502,1.21427578872856,0.243639484517636,4.98390394780476,6.23140218768407e-07,1.40127559617696e-05,"Up","COVID19_vs_OtherVirus"
"OLA1",8.45202588446523,1.08246254962053,0.217449256041271,4.97800070382894,6.42444227245373e-07,1.44062704103927e-05,"Up","COVID19_vs_OtherVirus"
"LRP2",26.9221542500574,-1.85123428397687,0.372095085549062,-4.97516456377057,6.51922326622394e-07,1.45778597574974e-05,"Down","COVID19_vs_OtherVirus"
"ABCD1",35.5882662028421,-1.21676629364233,0.244693361941556,-4.97261668231504,6.60551889684386e-07,1.47501698890922e-05,"Down","COVID19_vs_OtherVirus"
"UFL1",20.9467594670847,1.00003648257409,0.20115633044641,4.97143927986153,6.64576790041506e-07,1.48193198740261e-05,"Up","COVID19_vs_OtherVirus"
"EMP3",32.4929169297997,-1.13839672042459,0.229032640412972,-4.97045625624333,6.67955308106929e-07,1.48738834717367e-05,"Down","COVID19_vs_OtherVirus"
"SDC2",3.35595192329032,1.08943114629908,0.219327809773226,4.96713639472123,6.79487987522377e-07,1.51096172824266e-05,"Up","COVID19_vs_OtherVirus"
"FGR",23.3470594026229,-1.51117247486018,0.304265323614743,-4.96662733993839,6.81273243980703e-07,1.51282456375464e-05,"Down","COVID19_vs_OtherVirus"
"RPS29",7.09433261704023,1.04625964454214,0.210692746466734,4.96580761363484,6.84157529119882e-07,1.51711932082334e-05,"Up","COVID19_vs_OtherVirus"
"PLVAP",8.10758421282335,-1.43685577901464,0.289534916454944,-4.96263385641862,6.95436065714347e-07,1.53999059988839e-05,"Down","COVID19_vs_OtherVirus"
"FAM98B",6.83738332840379,1.04660033866975,0.210938084474519,4.96164711686368,6.98978988064667e-07,1.54569231626599e-05,"Up","COVID19_vs_OtherVirus"
"PLEKHN1",11.5232530071177,-1.00065935459432,0.201944361318469,-4.95512401565038,7.22841703524364e-07,1.59184698461655e-05,"Down","COVID19_vs_OtherVirus"
"EXPH5",41.3970688615628,1.02970963349453,0.207935187512127,4.95207014173335,7.34281260557954e-07,1.61481192921051e-05,"Up","COVID19_vs_OtherVirus"
"KRT6A",58.6761358058725,-1.3126596079082,0.26509741171731,-4.95161231263912,7.36011213695294e-07,1.6163899639421e-05,"Down","COVID19_vs_OtherVirus"
"LINC01239",3.49016908643277,-1.91310059185916,0.386564048850768,-4.94898736068885,7.46005907258571e-07,1.6360893290234e-05,"Down","COVID19_vs_OtherVirus"
"SNORD38A",27.1814431295732,1.18267521400006,0.239009796772368,4.94822902647138,7.48917578339513e-07,1.64022195552382e-05,"Up","COVID19_vs_OtherVirus"
"GBP7",2.33668280177078,-1.6145265029752,0.326505260261502,-4.94487133739317,7.61941708999362e-07,1.66646045560052e-05,"Down","COVID19_vs_OtherVirus"
"RNVU1_3",7.26309164008741,1.57023336287049,0.317606664578478,4.94395596186396,7.65530035618916e-07,1.67201813251595e-05,"Up","COVID19_vs_OtherVirus"
"PADI6",16.6931456913091,-2.52579236994339,0.511060279334486,-4.9422592051813,7.72224522408332e-07,1.68433561813817e-05,"Down","COVID19_vs_OtherVirus"
"SNORD67",10.49000802145,1.10195938611524,0.223192372455159,4.93726274779675,7.9226699061686e-07,1.72334261201482e-05,"Up","COVID19_vs_OtherVirus"
"ARL5A",23.4858038680514,1.30514197113036,0.264538901706673,4.93364855871949,8.07076036091309e-07,1.75316680166447e-05,"Up","COVID19_vs_OtherVirus"
"PAQR7",2.677033827381,1.22201586019425,0.247844094029953,4.93058293350563,8.19846014845869e-07,1.77848661318331e-05,"Up","COVID19_vs_OtherVirus"
"C7orf57",11.42773710829,1.21174964290505,0.245814849437476,4.92952173425661,8.24311652103758e-07,1.78332789125862e-05,"Up","COVID19_vs_OtherVirus"
"LINC01488",104.267560893727,1.32514024121403,0.268813436823918,4.92959078560513,8.24020365650248e-07,1.78332789125862e-05,"Up","COVID19_vs_OtherVirus"
"CNN1",21.9899090171899,-3.16042906193862,0.641223990374546,-4.92874426000901,8.27598204077192e-07,1.78801528096028e-05,"Down","COVID19_vs_OtherVirus"
"MARVELD1",16.2202862532138,-1.96080161879376,0.39803308479994,-4.92622772747471,8.38322890372908e-07,1.80861550308308e-05,"Down","COVID19_vs_OtherVirus"
"PTGR1",14.1220564057137,1.0217521284032,0.207421214383728,4.92597698571449,8.39398777267044e-07,1.80861550308308e-05,"Up","COVID19_vs_OtherVirus"
"CSF2RB",57.5483133960213,-1.40091137395027,0.284435036616194,-4.92524194844747,8.4256035548903e-07,1.81298094821265e-05,"Down","COVID19_vs_OtherVirus"
"SNORD5",1.68980547326039,1.71511151137894,0.348261458199995,4.92478128427871,8.44547629219145e-07,1.81481123123996e-05,"Up","COVID19_vs_OtherVirus"
"ZBP1",20.6105888291081,-1.34226941460801,0.272765657310096,-4.92096192697029,8.61198842266019e-07,1.8456242571301e-05,"Down","COVID19_vs_OtherVirus"
"UGT2A1",7.46157078032785,1.56839518589222,0.318944376074044,4.91745678415131,8.76758040748578e-07,1.87143300515933e-05,"Up","COVID19_vs_OtherVirus"
"ERC2",5.18522679077899,-1.6085609830016,0.327314587319559,-4.91441886588194,8.9046191061618e-07,1.89814617688891e-05,"Down","COVID19_vs_OtherVirus"
"C2orf40",17.2231408066623,1.19770975727413,0.243869556188428,4.91127214070422,9.04873973656733e-07,1.92629571512045e-05,"Up","COVID19_vs_OtherVirus"
"SF3B5",7.27866852714083,1.11080638750945,0.22624085291048,4.90983999228901,9.11507366700412e-07,1.93525619903441e-05,"Up","COVID19_vs_OtherVirus"
"HEPACAM2",1.22435581289205,1.91703374148997,0.390553964984747,4.90849898698338,9.1776103336434e-07,1.94581128151423e-05,"Up","COVID19_vs_OtherVirus"
"VDAC3",16.3403066876802,1.02466244918828,0.208974646940135,4.90328594493003,9.42466349641864e-07,1.9877698465498e-05,"Up","COVID19_vs_OtherVirus"
"GABRP",35.4464480967945,1.01366969947488,0.206946430785418,4.89822267350891,9.67074069101936e-07,2.03429572954961e-05,"Up","COVID19_vs_OtherVirus"
"LDOC1",3.65443493051756,1.23127441375746,0.251363149467671,4.89838871117349,9.66257399538764e-07,2.03429572954961e-05,"Up","COVID19_vs_OtherVirus"
"ASB8",3.58779649849684,1.06650463466285,0.217751181143527,4.89781331638283,9.69090364550659e-07,2.03585483689682e-05,"Up","COVID19_vs_OtherVirus"
"CYP21A1P",3.8901970857025,-2.0530653554908,0.419417284466276,-4.89504231592031,9.82845776035519e-07,2.05933276380356e-05,"Down","COVID19_vs_OtherVirus"
"SH2B2",10.2373852325338,-1.69204194993423,0.345758517163018,-4.89371010674618,9.89525657557777e-07,2.070611618423e-05,"Down","COVID19_vs_OtherVirus"
"AIM2",5.89430520561669,-1.37804964769268,0.281695285250188,-4.8919869087222,9.98230858569368e-07,2.08443185312116e-05,"Down","COVID19_vs_OtherVirus"
"LMNB1",39.2675616923841,-1.0428088712034,0.213171117238852,-4.89188631513791,9.98741305046777e-07,2.08443185312116e-05,"Down","COVID19_vs_OtherVirus"
"WTIP",34.9602469741699,1.27429863754892,0.260512663406824,4.89150362552218,1.00068550096649e-06,2.08576301676645e-05,"Up","COVID19_vs_OtherVirus"
"VTRNA1_2",25.1218744132898,1.16932318871821,0.239123487786267,4.8900390318971,1.00815984958316e-06,2.09586981229749e-05,"Up","COVID19_vs_OtherVirus"
"SNORA23",94.3310027623413,1.15093101359061,0.235450640113156,4.88820507363019,1.01759499706438e-06,2.11273364410012e-05,"Up","COVID19_vs_OtherVirus"
"VTRNA2_1",3.93081516096405,1.28387872623598,0.262947174572262,4.8826488754803,1.04670157941143e-06,2.1703425216731e-05,"Up","COVID19_vs_OtherVirus"
"PROK2",30.4704767660726,-1.95765093554956,0.401502985272604,-4.87580667481313,1.08364698384551e-06,2.24112794612401e-05,"Down","COVID19_vs_OtherVirus"
"BCL2A1",47.3019247662588,-1.41773536838147,0.290963629872214,-4.87255183406981,1.10165939261275e-06,2.26979979409918e-05,"Down","COVID19_vs_OtherVirus"
"FAM87B",21.5577304056425,-2.29332961721845,0.470664960746756,-4.87253101140111,1.10177554830694e-06,2.26979979409918e-05,"Down","COVID19_vs_OtherVirus"
"CAB39L",6.31892130593808,1.04354854614877,0.214222137427435,4.87133850254977,1.10844745567068e-06,2.27941040688918e-05,"Up","COVID19_vs_OtherVirus"
"KCNC4",7.89820521177397,-1.73130178161492,0.355416792482538,-4.87118734464405,1.10929593270255e-06,2.27941040688918e-05,"Down","COVID19_vs_OtherVirus"
"LRRC61",7.07445513431392,1.41161549916765,0.290723703401556,4.85552255509722,1.20069685805164e-06,2.46088909315179e-05,"Up","COVID19_vs_OtherVirus"
"SLC11A1",22.8022269495676,-1.49092368452865,0.307473760721233,-4.8489460727687,1.2411915504934e-06,2.53412586894854e-05,"Down","COVID19_vs_OtherVirus"
"TNF",7.25684989513428,-1.57902254668122,0.325636456839892,-4.84903490845188,1.24063589236367e-06,2.53412586894854e-05,"Down","COVID19_vs_OtherVirus"
"SMIM15",7.20677350683682,1.04637887872144,0.215846228582458,4.84779783086042,1.24839526752623e-06,2.54557839608223e-05,"Up","COVID19_vs_OtherVirus"
"AOC1",5.67748427959994,-2.82803666200372,0.583700973147087,-4.84500933201473,1.26605727843785e-06,2.57829980963504e-05,"Down","COVID19_vs_OtherVirus"
"ADAM19",23.8935768855017,-1.15517005464098,0.238453088814229,-4.84443317713087,1.2697364173739e-06,2.58249829806263e-05,"Down","COVID19_vs_OtherVirus"
"TMEM254",5.99519325512513,1.22709929031212,0.253326922213059,4.84393557381193,1.27292222630294e-06,2.5856840032001e-05,"Up","COVID19_vs_OtherVirus"
"SNORA9",5.33076038030261,1.33871602412534,0.276424221130554,4.84297656207583,1.27908381567123e-06,2.59489862782807e-05,"Up","COVID19_vs_OtherVirus"
"POLE",52.6073595440771,-1.06564820113919,0.220104580632837,-4.84155394710676,1.28827689915361e-06,2.60692382406674e-05,"Down","COVID19_vs_OtherVirus"
"GBP1P1",5.37776828275035,-1.32931298011252,0.274684290488111,-4.83942120516009,1.30217805400932e-06,2.63171833041935e-05,"Down","COVID19_vs_OtherVirus"
"PLA2G16",11.543174661501,1.06348331295237,0.219770947026502,4.83905323857079,1.30459099842776e-06,2.63326167900097e-05,"Up","COVID19_vs_OtherVirus"
"APOO",4.86928458239564,1.15723637594013,0.239274160005101,4.83644525558237,1.32181654912036e-06,2.66130176838028e-05,"Up","COVID19_vs_OtherVirus"
"SP140",26.8759679688062,-1.1085821443829,0.229390827742306,-4.83272219422942,1.34678663402464e-06,2.70475413821854e-05,"Down","COVID19_vs_OtherVirus"
"SLC25A4",10.1000629178731,1.01635219533649,0.210348310283667,4.83175830585891,1.35332486976216e-06,2.71181238926145e-05,"Up","COVID19_vs_OtherVirus"
"SNORA69",4.67777226038761,1.36834016947837,0.283200365031288,4.83170341015343,1.35369815498019e-06,2.71181238926145e-05,"Up","COVID19_vs_OtherVirus"
"FAM26F",3.40823330815638,-1.62790995248018,0.336971399544552,-4.83100332752407,1.35846733823729e-06,2.7129620671644e-05,"Down","COVID19_vs_OtherVirus"
"SLC25A46",6.71265134995814,1.07589383168925,0.222692065296449,4.83130743907292,1.35639365282898e-06,2.7129620671644e-05,"Up","COVID19_vs_OtherVirus"
"MB",3.44713224272521,1.26691455224525,0.262473740243476,4.8268240132138,1.38727608426717e-06,2.76519974549433e-05,"Up","COVID19_vs_OtherVirus"
"CACNA2D3",9.47169058333527,-1.74131453016941,0.360914589231902,-4.82472746218231,1.40194838160019e-06,2.78748541228252e-05,"Down","COVID19_vs_OtherVirus"
"CLU",111.271165107787,1.00506803276808,0.208362791142047,4.82364450610042,1.40958556983881e-06,2.79462095672692e-05,"Up","COVID19_vs_OtherVirus"
"SNORD74",3.79911170021427,1.44440867149362,0.299426649024199,4.82391489268173,1.40767501934412e-06,2.79462095672692e-05,"Up","COVID19_vs_OtherVirus"
"TFF3",6.19167718435423,1.40488258974608,0.291259463445696,4.82347448259998,1.41078823194407e-06,2.79462095672692e-05,"Up","COVID19_vs_OtherVirus"
"ITGA10",6.66849469130027,-1.63670604133709,0.339392839223204,-4.82245307556621,1.41803395584018e-06,2.80232502944414e-05,"Down","COVID19_vs_OtherVirus"
"TRMT44",20.4630395054058,-1.24652855439621,0.25865172100899,-4.8193321487812,1.4403957849285e-06,2.84268962943986e-05,"Down","COVID19_vs_OtherVirus"
"MCM10",2.73341201025386,-1.77624464238681,0.368802870258478,-4.81624408492785,1.46285567760849e-06,2.87989565335353e-05,"Down","COVID19_vs_OtherVirus"
"APBB1IP",27.5983808223103,-1.25034811993932,0.259626711959715,-4.81594559551073,1.46504439067973e-06,2.88065255438333e-05,"Down","COVID19_vs_OtherVirus"
"CUL5",11.8365628953202,1.06908193996398,0.222133634241449,4.81278732783862,1.48839655993126e-06,2.91937831398802e-05,"Up","COVID19_vs_OtherVirus"
"SNORD31",41.4583915870151,1.13507195121073,0.235895244354035,4.81176275646829,1.49604880427961e-06,2.92829977603957e-05,"Up","COVID19_vs_OtherVirus"
"TCEAL8",6.73436057313532,1.07892593537573,0.224230264350201,4.81168738975695,1.4966131888064e-06,2.92829977603957e-05,"Up","COVID19_vs_OtherVirus"
"LRIG1",35.7520555804239,1.16496975958199,0.242277939277375,4.80840213127394,1.52141481431717e-06,2.96486932985106e-05,"Up","COVID19_vs_OtherVirus"
"NAE1",5.8107581966398,1.12141268168212,0.233215224091665,4.80848832253487,1.52075910652348e-06,2.96486932985106e-05,"Up","COVID19_vs_OtherVirus"
"PMAIP1",14.8808840117122,-1.11149626737366,0.231166166713866,-4.80821343007971,1.52285132478059e-06,2.96486932985106e-05,"Down","COVID19_vs_OtherVirus"
"SNORD116_14",4.11957455473813,1.81451448493917,0.377367190850644,4.80835252489485,1.52179232255072e-06,2.96486932985106e-05,"Up","COVID19_vs_OtherVirus"
"SNORD116_25",2.84470787702248,1.95683533144942,0.40701753614256,4.80774206928527,1.5264453145043e-06,2.96486932985106e-05,"Up","COVID19_vs_OtherVirus"
"TSPAN8",2.72984620470557,1.58894224889626,0.330617230145959,4.8059874199381,1.5398958206826e-06,2.98736047059762e-05,"Up","COVID19_vs_OtherVirus"
"TNFRSF11B",5.2795552799606,-2.82179235606702,0.587330002425313,-4.80444102023521,1.55184435969688e-06,3.00688677753889e-05,"Down","COVID19_vs_OtherVirus"
"NDUFA2",5.74598729395318,1.1145893237762,0.232007904898011,4.80410063728721,1.55448633335686e-06,3.00835500586371e-05,"Up","COVID19_vs_OtherVirus"
"STOML3",11.56656804165,1.31919088693121,0.27468078581413,4.80263256500175,1.56593079604166e-06,3.02683427234881e-05,"Up","COVID19_vs_OtherVirus"
"CHN2",6.44819643704401,1.15044835833464,0.239718997677834,4.79915388216649,1.59337338578964e-06,3.0724395504248e-05,"Up","COVID19_vs_OtherVirus"
"ITM2C",5.84302682374434,1.00728840569796,0.209885242941293,4.79923405562965,1.592735741612e-06,3.0724395504248e-05,"Up","COVID19_vs_OtherVirus"
"LOC100287015",7.84464647718452,-1.98608213071728,0.414338346436815,-4.7933823837378,1.63992620120706e-06,3.15839104082894e-05,"Down","COVID19_vs_OtherVirus"
"SHMT1",11.1332814325579,1.47813113878929,0.308392646433422,4.79301681114632,1.6429185173774e-06,3.16034181306597e-05,"Up","COVID19_vs_OtherVirus"
"TMED9",90.9819486332811,-1.07444986317623,0.22421050891266,-4.79214764904164,1.65005394406538e-06,3.17024804704546e-05,"Down","COVID19_vs_OtherVirus"
"ACRBP",4.48581305501273,-1.22362616346171,0.255372094619486,-4.79154218194813,1.65504214659444e-06,3.17067681062023e-05,"Down","COVID19_vs_OtherVirus"
"NRGN",63.5569378706419,1.1872246694252,0.247794968613911,4.79115728647022,1.65822067948634e-06,3.17067681062023e-05,"Up","COVID19_vs_OtherVirus"
"GATA5",21.5592851669371,1.5398123770358,0.32153066792085,4.78900624625595,1.67609264508748e-06,3.20101616883573e-05,"Up","COVID19_vs_OtherVirus"
"CANT1",32.1800335825716,-1.01154966865867,0.211287465484428,-4.78755171935757,1.68828237786355e-06,3.2204440197096e-05,"Down","COVID19_vs_OtherVirus"
"ANKRD66",9.2066771912329,1.20401178644992,0.251536948528524,4.78661999158899,1.69613548999788e-06,3.23156315433248e-05,"Up","COVID19_vs_OtherVirus"
"ZNF689",8.7561928138327,-1.83302572363702,0.383290091850046,-4.78234570267514,1.73261371710286e-06,3.29320364372194e-05,"Down","COVID19_vs_OtherVirus"
"COX6A1",10.4018903222931,1.079286286694,0.225805921648394,4.77970763040739,1.75550293577604e-06,3.32878383285038e-05,"Up","COVID19_vs_OtherVirus"
"SLCO4C1",7.06474556638354,1.27977344079809,0.267930358190564,4.77651524612923,1.78359036386558e-06,3.37803128700805e-05,"Up","COVID19_vs_OtherVirus"
"IPO11",4.48972458098683,1.13937473697432,0.23857394461047,4.77577188420397,1.79019237150464e-06,3.38651793879657e-05,"Up","COVID19_vs_OtherVirus"
"DCDC2B",10.8612032342398,1.0353853998215,0.216883644854201,4.77392106038026,1.8067322401816e-06,3.40972658944911e-05,"Up","COVID19_vs_OtherVirus"
"ATP8B2",8.41842355128099,1.11891797833276,0.234458768780276,4.77234434077132,1.82093832050744e-06,3.42843174825729e-05,"Up","COVID19_vs_OtherVirus"
"SPN",23.2858316373652,-1.08516420688557,0.227520713514742,-4.7695183006503,1.84666967055738e-06,3.47278303417187e-05,"Down","COVID19_vs_OtherVirus"
"TUBB4A",2.36823948617744,1.92211306637743,0.403143411259463,4.7678146602286,1.86234987760809e-06,3.49815037010479e-05,"Up","COVID19_vs_OtherVirus"
"GLO1",4.48881034103376,1.1613436031266,0.243623705459632,4.76695648699518,1.87029682574008e-06,3.5007220538999e-05,"Up","COVID19_vs_OtherVirus"
"LOC731424",11.4874390573396,-1.62285995864195,0.340439039225701,-4.76696198630158,1.87024579689831e-06,3.5007220538999e-05,"Down","COVID19_vs_OtherVirus"
"KLHDC3",4.84274204661761,1.0418315860924,0.218618146468663,4.76553114606951,1.88356796922808e-06,3.51852303812011e-05,"Up","COVID19_vs_OtherVirus"
"TMEM67",19.5753086954892,1.21697141470915,0.255373231796896,4.76546193250603,1.88421470474301e-06,3.51852303812011e-05,"Up","COVID19_vs_OtherVirus"
"ST3GAL2",7.51433755043875,-1.25886121974523,0.264304444281418,-4.76292111987665,1.90810443225362e-06,3.55897142118706e-05,"Down","COVID19_vs_OtherVirus"
"SNORD116_26",2.95146022613686,1.78597191824288,0.375322022956611,4.75850552060289,1.95031559504788e-06,3.63345843530157e-05,"Up","COVID19_vs_OtherVirus"
"KRBA1",11.3511238958537,1.06912119475207,0.224692911395769,4.75814385113799,1.95381246353677e-06,3.63573074508486e-05,"Up","COVID19_vs_OtherVirus"
"TRAPPC13",3.01283407710664,1.09822642774671,0.230990393951058,4.75442467092117,1.99012325394362e-06,3.69898811088053e-05,"Up","COVID19_vs_OtherVirus"
"SNORD43",13.113704194507,1.24262570745508,0.261565008733525,4.75073372188337,2.02679881296422e-06,3.75669328592184e-05,"Up","COVID19_vs_OtherVirus"
"TTC8",6.65538343323604,1.110582120501,0.233777668227302,4.75059114466477,2.02822849333874e-06,3.75669328592184e-05,"Up","COVID19_vs_OtherVirus"
"IPO5",16.3512299587396,1.0302000753779,0.216870420927013,4.75030237399045,2.03112708403866e-06,3.75770278374985e-05,"Up","COVID19_vs_OtherVirus"
"RASD1",3.2528758317045,-1.41701385594986,0.298320436132972,-4.74997246021135,2.03444352639294e-06,3.75948209981361e-05,"Down","COVID19_vs_OtherVirus"
"CAPN7",10.9856874288906,1.02735013943329,0.216461186266121,4.74611710835884,2.07358686219195e-06,3.82738587765973e-05,"Up","COVID19_vs_OtherVirus"
"LRRC70",5.17922347910605,-2.72330412402026,0.573853453616865,-4.74564386927691,2.07844120650916e-06,3.8319159703378e-05,"Down","COVID19_vs_OtherVirus"
"AGR3",5.71065749917466,1.34929889620154,0.284679881567436,4.73970583650785,2.14028713678407e-06,3.93231581425713e-05,"Up","COVID19_vs_OtherVirus"
"SNORA27",10.2655124725039,1.59639852060795,0.336837660035781,4.73937065243349,2.14383034466559e-06,3.93429830838286e-05,"Up","COVID19_vs_OtherVirus"
"C1orf159",13.1316318761401,-1.36111638961438,0.287409744250944,-4.73580460245621,2.18187729143444e-06,3.99952386165813e-05,"Down","COVID19_vs_OtherVirus"
"SLC9A2",6.96857625126691,1.25993830432772,0.266352909332937,4.73033430527623,2.24150411939703e-06,4.10411178558407e-05,"Up","COVID19_vs_OtherVirus"
"LOC283214",4.21207802915432,-2.63993157373016,0.558260705944484,-4.72885077817511,2.25794253135091e-06,4.1294742789861e-05,"Down","COVID19_vs_OtherVirus"
"FBXL13",38.8916543696814,-1.39442078469655,0.295352683753318,-4.72120573605887,2.34450639695402e-06,4.27798732957347e-05,"Down","COVID19_vs_OtherVirus"
"CCT2",15.9642571952259,1.03680007613645,0.219805665963832,4.71689422376877,2.39472110862401e-06,4.35661943954828e-05,"Up","COVID19_vs_OtherVirus"
"PTGFR",4.2257988451173,1.51685359338634,0.321585055904275,4.71680373679382,2.39578596262269e-06,4.35661943954828e-05,"Up","COVID19_vs_OtherVirus"
"EDN1",1.57238360489582,-1.50983643092523,0.320320132211426,-4.71352337582288,2.43469780020737e-06,4.42234187464287e-05,"Down","COVID19_vs_OtherVirus"
"AMER1",21.0642284455734,-1.18491766633152,0.251545339162563,-4.7105530568617,2.47045473624059e-06,4.48219094532014e-05,"Down","COVID19_vs_OtherVirus"
"COG7",9.67242004157064,1.03104392483411,0.218906507581803,4.70997384328022,2.47748584651724e-06,4.48984551935235e-05,"Up","COVID19_vs_OtherVirus"
"IRAK2",13.5966246118763,-1.05560780938357,0.224155695364475,-4.70926160349019,2.48615810683356e-06,4.49027153096206e-05,"Down","COVID19_vs_OtherVirus"
"MARCH8",27.887884975947,-1.2167743314398,0.258374743426741,-4.70933929261858,2.48521074681775e-06,4.49027153096206e-05,"Down","COVID19_vs_OtherVirus"
"PACS2",73.8030062470936,-1.05022553479913,0.222998608281826,-4.70956093802995,2.48250985334496e-06,4.49027153096206e-05,"Down","COVID19_vs_OtherVirus"
"THYN1",6.13516852649502,1.11921072086567,0.237732162432372,4.70786413337766,2.50325851486049e-06,4.51095095352852e-05,"Up","COVID19_vs_OtherVirus"
"PSMD5_AS1",3.78432047509344,1.09855695197622,0.233448596568922,4.70577663829256,2.52901300013282e-06,4.54709702253611e-05,"Up","COVID19_vs_OtherVirus"
"MFSD12",14.1396714767876,-1.20031713203899,0.255204450130314,-4.70335502153695,2.55920841064172e-06,4.59474908309229e-05,"Down","COVID19_vs_OtherVirus"
"SPRED3",26.5092249294393,-2.3077920897612,0.490686497019654,-4.70319053770246,2.56127188021554e-06,4.59474908309229e-05,"Down","COVID19_vs_OtherVirus"
"AGO4",40.4028832209454,-1.13637010589515,0.241801506544412,-4.69959894847235,2.60672898228837e-06,4.67104769149451e-05,"Down","COVID19_vs_OtherVirus"
"KLHDC8B",2.88821279384264,1.06057054255315,0.226134726265243,4.6899941467157,2.73212864357292e-06,4.87387328751791e-05,"Up","COVID19_vs_OtherVirus"
"MRPL23_AS1",2.33793217545699,1.38247936257187,0.29475979898222,4.69018966407716,2.72951921280717e-06,4.87387328751791e-05,"Up","COVID19_vs_OtherVirus"
"CBR4",3.7382776248744,1.25458681496742,0.267631267322048,4.68774380333425,2.76233523982172e-06,4.92225942399481e-05,"Up","COVID19_vs_OtherVirus"
"NHLRC2",9.27210555458369,1.07716781695256,0.230227478396172,4.67871091868098,2.88684111188644e-06,5.12125613248655e-05,"Up","COVID19_vs_OtherVirus"
"HK3",7.96246842564015,-1.6252453017042,0.347409893250253,-4.67817794852916,2.89435316217757e-06,5.12319762608947e-05,"Down","COVID19_vs_OtherVirus"
"AKR1C3",4.75538768548369,1.14017490169817,0.243736645444531,4.67789691459278,2.89832179763298e-06,5.1245410654494e-05,"Up","COVID19_vs_OtherVirus"
"SNORD7",1.2502864368327,1.52569263916811,0.32645308708693,4.67354330382497,2.96047249096994e-06,5.2170975486563e-05,"Up","COVID19_vs_OtherVirus"
"LZTFL1",18.3149403203192,1.09567895408085,0.234481997843954,4.67276364136923,2.9717368519019e-06,5.22358094176398e-05,"Up","COVID19_vs_OtherVirus"
"MRPL21",4.18056732320663,1.07692937297187,0.23048820441366,4.67238388928176,2.97723829199876e-06,5.22358094176398e-05,"Up","COVID19_vs_OtherVirus"
"PRICKLE1",6.38709536850048,-2.0060425490025,0.429289771225846,-4.67293349029539,2.96927942097876e-06,5.22358094176398e-05,"Down","COVID19_vs_OtherVirus"
"MAPK10",18.7788401103677,1.02796000219435,0.220067298442982,4.67111656055838,2.99566879077934e-06,5.24439121859462e-05,"Up","COVID19_vs_OtherVirus"
"TMEM106B",16.2703760300652,1.0965065522569,0.234860839129021,4.6687500407615,3.03037803239332e-06,5.29934454164204e-05,"Up","COVID19_vs_OtherVirus"
"VTRNA1_3",9.79534471044339,1.06374550576065,0.22793872462821,4.66680467522891,3.05919889858363e-06,5.33837193043296e-05,"Up","COVID19_vs_OtherVirus"
"BOC",19.1420431099875,-1.28912376990553,0.276481284463854,-4.66260771467902,3.12227570185854e-06,5.44216745151457e-05,"Down","COVID19_vs_OtherVirus"
"BRE",4.13176793017595,1.06268134515309,0.227944101723615,4.66202607182003,3.13111512330375e-06,5.45162312526365e-05,"Up","COVID19_vs_OtherVirus"
"GIMAP4",24.4949525660609,-1.02324725590424,0.219519793811345,-4.6612983646642,3.1422081398913e-06,5.46497768643839e-05,"Down","COVID19_vs_OtherVirus"
"HIST4H4",3.45459294115223,1.06236067965964,0.228091341908153,4.6576107219687,3.19900380688604e-06,5.55166247616766e-05,"Up","COVID19_vs_OtherVirus"
"SLMO1",20.6874126532462,-3.06368637467789,0.657908675901663,-4.65670462618405,3.2131091103169e-06,5.57008686811287e-05,"Down","COVID19_vs_OtherVirus"
"LINC00936",32.3781773014793,-1.34245379964391,0.288319013681057,-4.65614037209823,3.22192304197218e-06,5.57326362818287e-05,"Down","COVID19_vs_OtherVirus"
"PLK4",3.71562734177987,1.43163293486969,0.307466373946303,4.65622603374417,3.22058347271837e-06,5.57326362818287e-05,"Up","COVID19_vs_OtherVirus"
"MT1X",6.58106030820505,1.31472778765727,0.282379611787885,4.65588779350279,3.22587595538938e-06,5.57406228395529e-05,"Up","COVID19_vs_OtherVirus"
"MMP10",11.1950382709424,1.42010878298665,0.305440314724193,4.64938226726549,3.32930659684673e-06,5.74035735693897e-05,"Up","COVID19_vs_OtherVirus"
"LOC100130899",14.4759641228016,-1.45669933322125,0.313949992058636,-4.63990880735295,3.48562957599152e-06,5.98403890433124e-05,"Down","COVID19_vs_OtherVirus"
"S100A12",3.77440791281177,-1.97140430840473,0.424871201963318,-4.64000454560095,3.48401514456212e-06,5.98403890433124e-05,"Down","COVID19_vs_OtherVirus"
"SAXO2",41.5433723237063,1.05725227050614,0.227857568970257,4.63996993948506,3.48459862377553e-06,5.98403890433124e-05,"Up","COVID19_vs_OtherVirus"
"DTHD1",67.1895512470118,1.11609747227402,0.241174337716818,4.62776215264047,3.69638181656305e-06,6.32544824043362e-05,"Up","COVID19_vs_OtherVirus"
"HBEGF",14.8607168640465,-1.33955473614897,0.289829130677146,-4.62187749388506,3.80282572645305e-06,6.48526197857896e-05,"Down","COVID19_vs_OtherVirus"
"LOC101927311",2.58387134374907,1.57227231513982,0.340292702601498,4.62035272317031,3.83088201512049e-06,6.52066761763473e-05,"Up","COVID19_vs_OtherVirus"
"RNVU1_1",135.910095477701,1.23852556121306,0.268156352148448,4.61866948625339,3.86208453506913e-06,6.56677760244023e-05,"Up","COVID19_vs_OtherVirus"
"FFAR2",56.6869220036881,-1.59169098867512,0.345188635494934,-4.61107587274113,4.00590282303119e-06,6.79683788230776e-05,"Down","COVID19_vs_OtherVirus"
"SLC7A4",25.7657873875494,-1.52240886116279,0.330393802723524,-4.60786143266965,4.06831625282974e-06,6.8880951529883e-05,"Down","COVID19_vs_OtherVirus"
"C14orf1",2.8217726647022,1.06112819986656,0.230315480124565,4.6072812791075,4.07967968097444e-06,6.89271595623681e-05,"Up","COVID19_vs_OtherVirus"
"SNORD84",4.22292970685289,1.44899868579818,0.314744146774596,4.60373513104877,4.14980183943682e-06,6.99638185516878e-05,"Up","COVID19_vs_OtherVirus"
"ANXA6",15.3652400944922,-1.38482580828099,0.301614973544486,-4.59136955969706,4.40346818989177e-06,7.40060769682231e-05,"Down","COVID19_vs_OtherVirus"
"HEATR9",1.84010872726216,-1.72564477539528,0.375867134216799,-4.59110312741506,4.40909396375631e-06,7.40227068615492e-05,"Down","COVID19_vs_OtherVirus"
"EMB",16.4065754258636,1.07060120432191,0.233254060944297,4.58985022591986,4.43564170096044e-06,7.43901842411076e-05,"Up","COVID19_vs_OtherVirus"
"EFHC1",38.0371017073497,1.1039631894107,0.240683708342171,4.5867798739466,4.501348459338e-06,7.54129375674612e-05,"Up","COVID19_vs_OtherVirus"
"NRL",13.4071838074196,-3.14600442488186,0.686262263905452,-4.58425967789377,4.55597748761186e-06,7.6022136019901e-05,"Down","COVID19_vs_OtherVirus"
"SNORD98",1.18519006906108,2.01947922885132,0.440831081152594,4.58107269471835,4.6259699627637e-06,7.70158878263662e-05,"Up","COVID19_vs_OtherVirus"
"C22orf15",5.55616486740642,1.21669926756369,0.265795312851557,4.57757984710286,4.70386265572815e-06,7.81497098453233e-05,"Up","COVID19_vs_OtherVirus"
"CCL4L2",1.5653723115989,-1.73277919619525,0.378792117238449,-4.57448589170211,4.77390773923963e-06,7.91487133589823e-05,"Down","COVID19_vs_OtherVirus"
"MRPL19",8.99592590263799,1.01220933021801,0.221308929794187,4.57373921223758,4.79096110460057e-06,7.92668238301065e-05,"Up","COVID19_vs_OtherVirus"
"SEMA3A",11.0664567812362,1.06336177932871,0.232490392249182,4.57378805653614,4.78984377148948e-06,7.92668238301065e-05,"Up","COVID19_vs_OtherVirus"
"USP32P1",2.30123570793782,1.52829158109878,0.334168176169712,4.57342048131662,4.79825833546184e-06,7.93053753457389e-05,"Up","COVID19_vs_OtherVirus"
"CXXC4",4.59555832835982,1.25804092901519,0.275210457540371,4.57119595039604,4.84948540890626e-06,7.99864504530964e-05,"Up","COVID19_vs_OtherVirus"
"RMDN1",5.53618795999417,1.15623379249624,0.252938033285223,4.57121365845531,4.84907556253479e-06,7.99864504530964e-05,"Up","COVID19_vs_OtherVirus"
"SLC7A5P1",1.78806700132127,-1.31464385489973,0.287752836770966,-4.56865645410165,4.90860589823465e-06,8.087802040373e-05,"Down","COVID19_vs_OtherVirus"
"SRGN",33.150498039467,-1.25729232757873,0.275285816425585,-4.56722523486275,4.94222874560501e-06,8.1264288519392e-05,"Down","COVID19_vs_OtherVirus"
"CEP76",9.03152678891006,1.16363569918047,0.254874893362451,4.56551715953325,4.98264434611161e-06,8.16456178872382e-05,"Up","COVID19_vs_OtherVirus"
"SPA17",8.32012669027567,1.15145302260046,0.252213992916746,4.5653812038119,4.98587482400459e-06,8.16456178872382e-05,"Up","COVID19_vs_OtherVirus"
"RBBP9",10.7763306161109,1.06649896556593,0.233670647170084,4.56411183211063,5.01613362866107e-06,8.20569564704945e-05,"Up","COVID19_vs_OtherVirus"
"SNORA80A",78.9656657233368,1.12677813237738,0.24729732435195,4.5563700914684,5.20452025551428e-06,8.50515561919561e-05,"Up","COVID19_vs_OtherVirus"
"ELP2",6.71317870997869,1.02809268567261,0.225730547602559,4.55451287648832,5.25071086549032e-06,8.56311028380169e-05,"Up","COVID19_vs_OtherVirus"
"NUPR1",167.695758752194,-1.08180538626822,0.237614225155459,-4.55278039671428,5.29415286073286e-06,8.62514740555723e-05,"Down","COVID19_vs_OtherVirus"
"APOBEC3A",7.43036470034124,-1.60966659042807,0.353738607132474,-4.55044079999233,5.35336477381746e-06,8.69499714941705e-05,"Down","COVID19_vs_OtherVirus"
"PNOC",10.4626064896814,-2.53459561491397,0.556999283251891,-4.55044681586736,5.35321171051237e-06,8.69499714941705e-05,"Down","COVID19_vs_OtherVirus"
"TMEM261",4.59397582281554,1.08976228874879,0.239520965407741,4.5497574164068,5.37077956099449e-06,8.71441732427215e-05,"Up","COVID19_vs_OtherVirus"
"ADAMTSL4_AS1",5.60973282548834,-1.29445346549437,0.284858552404321,-4.54419730272677,5.51449878297626e-06,8.89980850255702e-05,"Down","COVID19_vs_OtherVirus"
"GCM2",17.4759386178505,-2.50207850909218,0.550616003001169,-4.54414418660998,5.51588933450285e-06,8.89980850255702e-05,"Down","COVID19_vs_OtherVirus"
"CLDN12",19.3356507304618,-1.57055508140968,0.345932679383316,-4.54005988740198,5.62382523679342e-06,9.03319856445108e-05,"Down","COVID19_vs_OtherVirus"
"GJB3",16.2120381119061,-1.42336504009389,0.313499765104197,-4.54024276420371,5.61894941026396e-06,9.03319856445108e-05,"Down","COVID19_vs_OtherVirus"
"GOLGA6L3",12.7640601245316,-1.40962121678736,0.310475758091413,-4.54019735857228,5.62015962881352e-06,9.03319856445108e-05,"Down","COVID19_vs_OtherVirus"
"EMC10",27.894981057033,-1.0801599755242,0.237929236932217,-4.53983709379911,5.62977079019939e-06,9.03366034535914e-05,"Down","COVID19_vs_OtherVirus"
"ADGRE1",3.41352352132449,-1.69387454568339,0.373433651042593,-4.53594511623216,5.73460929649617e-06,9.16504224503082e-05,"Down","COVID19_vs_OtherVirus"
"CD69",5.44908845231132,-1.49226045257158,0.329027905898181,-4.5353613654684,5.75049410418144e-06,9.17206681991616e-05,"Down","COVID19_vs_OtherVirus"
"FMO3",39.1152158318842,1.03445282816387,0.228333243256456,4.53045212957453,5.88575904107923e-06,9.34248298507519e-05,"Up","COVID19_vs_OtherVirus"
"HACD3",9.33464170841879,1.15130617072934,0.254255349983552,4.52814924367893,5.950255107495e-06,9.43413833627261e-05,"Up","COVID19_vs_OtherVirus"
"CLDN5",17.0981888425396,-3.3552569191526,0.741651083166912,-4.52403697008757,6.06711194678743e-06,9.60034780400477e-05,"Down","COVID19_vs_OtherVirus"
"WDR54",9.05862516047424,1.13190398621955,0.250195600120177,4.5240763054021,6.06598383821484e-06,9.60034780400477e-05,"Up","COVID19_vs_OtherVirus"
"DFNB31",53.163076282218,-1.00078401690745,0.221510478763586,-4.51799852762528,6.24269182832654e-06,9.85863676865099e-05,"Down","COVID19_vs_OtherVirus"
"SNORD6",4.65963553218131,1.46384528446158,0.324117235965127,4.51640678750909,6.28977846129344e-06,9.90360975473482e-05,"Up","COVID19_vs_OtherVirus"
"COL6A2",10.0051148282244,-1.94399845421897,0.430725033221781,-4.51331662726462,6.38216319524077e-06,0.000100292930684266,"Down","COVID19_vs_OtherVirus"
"SMIM4",4.05231415185511,1.14540679746409,0.253940310389171,4.51053554951051,6.46641630367783e-06,0.000101317765166359,"Up","COVID19_vs_OtherVirus"
"DMRT3",5.39821675806572,1.10926119882533,0.245980034862626,4.5095578567782,6.49628764406952e-06,0.000101686008358053,"Up","COVID19_vs_OtherVirus"
"PHF5A",3.92552013366259,1.29562029325496,0.287624965578999,4.5045474082781,6.65145482518668e-06,0.000103708132557549,"Up","COVID19_vs_OtherVirus"
"HSPA4L",7.2808858059296,1.15437526471159,0.256534578662624,4.49988173418812,6.79912791589406e-06,0.000105818747383972,"Up","COVID19_vs_OtherVirus"
"POLR1B",9.93142847439216,1.02302811628987,0.227347055948659,4.49985205227772,6.80007734034545e-06,0.000105818747383972,"Up","COVID19_vs_OtherVirus"
"ANKRD22",4.09551502114585,-1.43659696156972,0.319278773374123,-4.49950664238598,6.81113516964997e-06,0.000105887618421258,"Down","COVID19_vs_OtherVirus"
"SNORD111",1.85208288651064,1.76907023025587,0.393278274417685,4.49826584719249,6.85099958885963e-06,0.000106197145083236,"Up","COVID19_vs_OtherVirus"
"FAM155B",18.2724062677291,-1.9950429775806,0.443608467666105,-4.49730589697001,6.88199400986379e-06,0.000106574118682333,"Down","COVID19_vs_OtherVirus"
"CSF1",11.9999503100017,-1.09417696627106,0.243307353461201,-4.49709780944023,6.88873030785289e-06,0.000106575065983701,"Down","COVID19_vs_OtherVirus"
"IL5RA",18.8029698392266,1.11531944691354,0.248309622489116,4.49164811147191,7.06741254171315e-06,0.000109233599846072,"Up","COVID19_vs_OtherVirus"
"SNORD82",1.99302158467813,1.68785270406067,0.376169712738632,4.48694471379044,7.22518137456485e-06,0.000111514835911047,"Up","COVID19_vs_OtherVirus"
"MINA",5.43692956960753,1.00525254871724,0.22405880339992,4.48655680322893,7.23834256872277e-06,0.000111551522637286,"Up","COVID19_vs_OtherVirus"
"IL4I1",6.59836316886139,-1.27860441270141,0.285181593560958,-4.48347453542128,7.34373698121451e-06,0.000113066638999104,"Down","COVID19_vs_OtherVirus"
"PPA2",8.80277476952168,1.00572109484315,0.224328241604287,4.48325671190893,7.35124045034919e-06,0.000113073126233406,"Up","COVID19_vs_OtherVirus"
"EFHB",28.7732392719364,1.08269138331711,0.241548145033316,4.48230054992877,7.38426462507924e-06,0.000113471769974991,"Up","COVID19_vs_OtherVirus"
"FAM71F1",1.59557757435474,-1.28219536251665,0.286150203235348,-4.48084728935903,7.43472953223227e-06,0.00011370008784638,"Down","COVID19_vs_OtherVirus"
"YBEY",13.8549116631986,1.0557192090506,0.235844567682963,4.47633464456032,7.59354298534815e-06,0.000116017710338822,"Up","COVID19_vs_OtherVirus"
"FBXO7",34.1188803278675,-1.16361908682628,0.260157788511811,-4.47274361256901,7.72223458519468e-06,0.000117534029921085,"Down","COVID19_vs_OtherVirus"
"CXCL9",21.0404980159354,-1.51462356677011,0.33866325925654,-4.47235867892825,7.73615251782247e-06,0.000117633724856718,"Down","COVID19_vs_OtherVirus"
"MIR34C",2.12979553069951,1.73580887689262,0.388206645361716,4.4713528159088,7.77263451796485e-06,0.000118076006388037,"Up","COVID19_vs_OtherVirus"
"MRPS30",3.49121044795093,1.10510679803406,0.247179110842528,4.47087455840109,7.79003824902711e-06,0.00011811562268183,"Up","COVID19_vs_OtherVirus"
"DPM3",2.68901069832472,1.16638830947039,0.260946289081899,4.46984056977457,7.82779240086604e-06,0.000118350883969912,"Up","COVID19_vs_OtherVirus"
"DYSF",61.1279710258585,-1.35962575744672,0.304175693983318,-4.46986982964287,7.82672163080977e-06,0.000118350883969912,"Down","COVID19_vs_OtherVirus"
"P2RX1",7.46869411276765,-1.99989292720589,0.447405345239532,-4.46997995997384,7.82269264717323e-06,0.000118350883969912,"Down","COVID19_vs_OtherVirus"
"SPOCK2",49.3117178950319,-1.02092229024877,0.228539699928391,-4.46715511820775,7.92666551068354e-06,0.000119619226411695,"Down","COVID19_vs_OtherVirus"
"ICAM4",3.07811609081191,-1.81484767073591,0.406312084281474,-4.46663473951384,7.94596243635287e-06,0.000119797201377535,"Down","COVID19_vs_OtherVirus"
"SNORD83A",2.42322615192267,1.53597242104776,0.343953925108987,4.4656342286574,7.98319009907865e-06,0.000120244918039519,"Up","COVID19_vs_OtherVirus"
"SNORD30",2.89100724297179,1.28406819575909,0.287742131942932,4.46256579489638,8.09840503928909e-06,0.00012186534859311,"Up","COVID19_vs_OtherVirus"
"IL13RA1",25.572282820443,-1.13207186800774,0.25384263724618,-4.459738837766,8.20595832640799e-06,0.000123135649097209,"Down","COVID19_vs_OtherVirus"
"PIK3R5",16.5501618012188,-1.15289714683979,0.258724128787544,-4.45608669064845,8.34692899343638e-06,0.000124781899165923,"Down","COVID19_vs_OtherVirus"
"ZFP36",163.065995599106,-1.07649137729328,0.241708690794554,-4.45367261621661,8.4413783115024e-06,0.000126075814893777,"Down","COVID19_vs_OtherVirus"
"TRIM32",5.06744839074851,1.06342300633553,0.23901240553208,4.44923770365886,8.61756003875952e-06,0.000128346980950405,"Up","COVID19_vs_OtherVirus"
"KLHL35",24.0197821948714,1.15266469004837,0.259177810721706,4.44738956177868,8.69201210684023e-06,0.000129094572370057,"Up","COVID19_vs_OtherVirus"
"SNORD35B",1.66570638300819,1.51705331315999,0.341099538272111,4.44753845415576,8.68599130987953e-06,0.000129094572370057,"Up","COVID19_vs_OtherVirus"
"NKPD1",7.450467130623,-1.7183027392833,0.386509919640288,-4.44568858900819,8.7610784058977e-06,0.000129637977598297,"Down","COVID19_vs_OtherVirus"
"SNORD38B",6.7923210918117,1.33802218280455,0.301251644502023,4.44154316573553,8.93160248183993e-06,0.000131551628436399,"Up","COVID19_vs_OtherVirus"
"NISCH",74.9723251438625,-1.04781031235998,0.235992451299551,-4.4400162233578,8.99520964969709e-06,0.00013212283097246,"Down","COVID19_vs_OtherVirus"
"LAIR1",5.71988723216518,-1.28973725463937,0.290519250651,-4.43942097382295,9.02012276264289e-06,0.000132366985320181,"Down","COVID19_vs_OtherVirus"
"TNFAIP6",4.53727720949301,-1.65798197437048,0.373772153990689,-4.4358092401174,9.17270494539889e-06,0.000134384006898243,"Down","COVID19_vs_OtherVirus"
"NR4A3",26.138275085692,-1.10278239509828,0.248660645732422,-4.43488913112916,9.21196845247313e-06,0.000134810530075331,"Down","COVID19_vs_OtherVirus"
"SNORD36C",2.31984062469161,1.58282405094562,0.357066707531861,4.43285251063175,9.2994483493695e-06,0.00013571754327791,"Up","COVID19_vs_OtherVirus"
"SNORD23",14.5363334794619,1.09061068667167,0.246232292238707,4.42919438695877,9.45857422371937e-06,0.000137205983768526,"Up","COVID19_vs_OtherVirus"
"CFAP69",22.3697165841855,1.0038444995951,0.226696115257339,4.42815042708413,9.50446074686919e-06,0.000137577715579795,"Up","COVID19_vs_OtherVirus"
"GAS1",11.7746164274656,-2.21118596718179,0.499437827860694,-4.42734979978037,9.53979576332494e-06,0.000137964111555477,"Down","COVID19_vs_OtherVirus"
"IL10RA",11.056754618929,-1.03998996683232,0.234978140175911,-4.42590092020372,9.60406013259035e-06,0.000138642336416761,"Down","COVID19_vs_OtherVirus"
"TRABD",44.5511431914832,-1.03248521849338,0.233550140695751,-4.42082892957198,9.83229925151513e-06,0.000141553191929387,"Down","COVID19_vs_OtherVirus"
"DZIP3",39.8392771044245,1.06278591376409,0.240654553233278,4.416230233275,1.0043710767356e-05,0.000143947833134297,"Up","COVID19_vs_OtherVirus"
"SLC5A5",5.4164503300462,-1.54041702834326,0.348913443940677,-4.41489731936258,1.01057946427998e-05,0.00014470772849053,"Down","COVID19_vs_OtherVirus"
"C5orf15",14.2722389099904,1.03466872984809,0.234691257590744,4.40863771607699,1.04022865264117e-05,0.000148553583793102,"Up","COVID19_vs_OtherVirus"
"CBLC",16.3249782582376,-1.37662070615279,0.312375710151557,-4.40693902059441,1.04841688275596e-05,0.000149189161765434,"Down","COVID19_vs_OtherVirus"
"SNORA10",8.51238748876355,1.03309269020795,0.234467056257648,4.40613153377387,1.05233076386552e-05,0.000149533908932393,"Up","COVID19_vs_OtherVirus"
"VIL1",9.01425425546221,-2.76708021193418,0.628017930099305,-4.40605288370769,1.05271272479024e-05,0.000149533908932393,"Down","COVID19_vs_OtherVirus"
"SNORD14E",4.17776052330451,1.22709926945826,0.278751400378269,4.40212773027533,1.07194414954523e-05,0.000151995206852923,"Up","COVID19_vs_OtherVirus"
"UBE2S",13.8194727156629,-1.10911395703433,0.25198561859757,-4.40149705053457,1.0750652984385e-05,0.000152302507141696,"Down","COVID19_vs_OtherVirus"
"IFT46",17.2250332208092,1.07064606789151,0.243330338653704,4.39996949749534,1.08266095332144e-05,0.000152836116540496,"Up","COVID19_vs_OtherVirus"
"COA4",4.00693192997488,1.05344076746097,0.239614755074906,4.39639356571199,1.10064291766144e-05,0.00015496353459773,"Up","COVID19_vs_OtherVirus"
"CYP4Z2P",7.64576797553551,1.31282092162947,0.298890842513741,4.3923089465985,1.12153173256323e-05,0.000157453182806855,"Up","COVID19_vs_OtherVirus"
"PROM1",87.4142556317389,1.0245192257036,0.233285582689066,4.391695422812,1.12470181172632e-05,0.000157517448473881,"Up","COVID19_vs_OtherVirus"
"TCTEX1D2",14.4829709121491,1.32171208009293,0.30141939716292,4.38496026643745,1.16006951306667e-05,0.000162055194202079,"Up","COVID19_vs_OtherVirus"
"CECR6",5.01046725883912,-1.55548258194781,0.354953357602048,-4.38221684239349,1.17477796527791e-05,0.0001638122706867,"Down","COVID19_vs_OtherVirus"
"CCDC81",37.7563093319736,1.0286414494655,0.234856749525374,4.37986752156071,1.18751481411135e-05,0.000165299577350495,"Up","COVID19_vs_OtherVirus"
"SERPINA1",55.3599019246772,-1.07864184363783,0.246313176600026,-4.37914795516351,1.19144223918995e-05,0.000165301607437946,"Down","COVID19_vs_OtherVirus"
"SNORD69",7.61596916092174,1.31015060700935,0.299166499718445,4.37933594918674,1.19041496488029e-05,0.000165301607437946,"Up","COVID19_vs_OtherVirus"
"TIMM21",3.95459181236334,1.03978665835129,0.237414176830198,4.37963171464256,1.18880049550285e-05,0.000165301607437946,"Up","COVID19_vs_OtherVirus"
"LSM11",16.4015679473068,-1.95614037097938,0.446723347026459,-4.37886307935349,1.19300052685171e-05,0.000165342416768354,"Down","COVID19_vs_OtherVirus"
"TEF",10.1913916285535,1.07150831846039,0.244743271030561,4.37809102554078,1.19723349267834e-05,0.000165785168639223,"Up","COVID19_vs_OtherVirus"
"PGRMC1",9.51061550809026,1.01719546421952,0.232374349224401,4.37739994803483,1.20103464173229e-05,0.000166167409791141,"Up","COVID19_vs_OtherVirus"
"PEX11G",28.3608052309115,-1.51578232828184,0.346522983814313,-4.3742620232489,1.21843959499007e-05,0.000168283793889373,"Down","COVID19_vs_OtherVirus"
"SNORA26",8.38391763913893,1.17791196736408,0.269377133452916,4.37272441155427,1.22705580058631e-05,0.000169181113231096,"Up","COVID19_vs_OtherVirus"
"NDUFAB1",7.35129475981676,1.08425168602276,0.248145509517025,4.3694189273587,1.24577578338394e-05,0.000171466001357828,"Up","COVID19_vs_OtherVirus"
"TRAPPC4",4.43428355034259,1.05219673690352,0.240942657172602,4.36700063513357,1.25964361340315e-05,0.000173225408540867,"Up","COVID19_vs_OtherVirus"
"MUC15",16.0754229400057,1.09210160478593,0.250141655544975,4.36593258490516,1.26581519050034e-05,0.000173924314384927,"Up","COVID19_vs_OtherVirus"
"MROH9",3.57339052866959,1.39303700498755,0.319499698444163,4.36005733893048,1.30028367661841e-05,0.000178200250479738,"Up","COVID19_vs_OtherVirus"
"E2F7",3.99155081151963,1.16664555158321,0.268308813826697,4.34814471781295,1.37294003076053e-05,0.000187033792927668,"Up","COVID19_vs_OtherVirus"
"LINC01446",11.9564064524485,-4.35146552924517,1.00177214700662,-4.34376773425746,1.4005959679835e-05,0.000190314172126167,"Down","COVID19_vs_OtherVirus"
"RELB",23.4700048460226,-1.10382134978404,0.25416304676476,-4.34296552482581,1.40572200158776e-05,0.000190686129799067,"Down","COVID19_vs_OtherVirus"
"MTMR9LP",51.6801072809482,1.28222238119931,0.295621454925751,4.33737930665877,1.44191665920683e-05,0.000194603900092107,"Up","COVID19_vs_OtherVirus"
"COL18A1",67.052296721194,-1.01768359871447,0.23482668070844,-4.33376478194154,1.4658078951946e-05,0.000196995697429941,"Down","COVID19_vs_OtherVirus"
"USP13",9.39250574690241,1.43591198786775,0.331303814911503,4.33412452027246,1.46341329156413e-05,0.000196995697429941,"Up","COVID19_vs_OtherVirus"
"SLC25A32",4.83625416578116,1.04910435743717,0.242212849854815,4.33133237177967,1.48209758710882e-05,0.000198850168704029,"Up","COVID19_vs_OtherVirus"
"ENPP5",16.5931891899453,1.32622143679838,0.306231035983212,4.33078715402016,1.48577248369328e-05,0.000199175847813997,"Up","COVID19_vs_OtherVirus"
"MDGA1",7.30817550658094,-1.34369050374436,0.310355812974784,-4.32951614749853,1.49437313360135e-05,0.000199825472789608,"Down","COVID19_vs_OtherVirus"
"SLC39A5",153.275782141467,1.11917808912532,0.258490335738437,4.32967091759204,1.49332330226352e-05,0.000199825472789608,"Up","COVID19_vs_OtherVirus"
"PIH1D2",8.28014547728367,1.16123595050303,0.26831085196843,4.32794999525275,1.50503627148435e-05,0.000201082921426938,"Up","COVID19_vs_OtherVirus"
"ALDH5A1",7.28382918406894,1.01587488633212,0.23474959212518,4.32748307307137,1.50822932094192e-05,0.000201341047977916,"Up","COVID19_vs_OtherVirus"
"GS1_279B7.1",22.3952829196115,-3.56964715450228,0.825298026179027,-4.32528255402363,1.52336472782509e-05,0.000203191656177572,"Down","COVID19_vs_OtherVirus"
"IFITM2",82.3460427924175,-1.06923241073031,0.247296776134074,-4.32368115527156,1.53447024264476e-05,0.000204331542068943,"Down","COVID19_vs_OtherVirus"
"POLDIP2",21.5719910513888,-1.17897760460212,0.272705554987517,-4.32326215230962,1.53738869476864e-05,0.000204549565838967,"Down","COVID19_vs_OtherVirus"
"SMC2",6.60468557531237,1.03733241396081,0.240092216708849,4.32055827623408,1.55634946034817e-05,0.000206899879133379,"Up","COVID19_vs_OtherVirus"
"PMPCB",15.2696256766864,1.01990048896117,0.236135958860261,4.31912400755839,1.5664974636403e-05,0.000208037090587641,"Up","COVID19_vs_OtherVirus"
"BRE_AS1",13.7351037996788,-1.50098263495665,0.347593193355113,-4.31821641979968,1.57295155014731e-05,0.000208412817009559,"Down","COVID19_vs_OtherVirus"
"TMEM88",3.7750155160389,-1.39648670131572,0.32364412764154,-4.31488348480844,1.59687104529002e-05,0.000211056648254143,"Down","COVID19_vs_OtherVirus"
"LRFN3",6.6196520974496,-2.06248599516355,0.478260753821734,-4.31247176081756,1.61439507216359e-05,0.000213196292160164,"Down","COVID19_vs_OtherVirus"
"GUF1",6.25814915929079,1.02839640290521,0.238581752700734,4.31045707085228,1.62917455172682e-05,0.000214792740651283,"Up","COVID19_vs_OtherVirus"
"ABCB11",5.31686180695385,1.12228079159816,0.260518612891499,4.30787182206272,1.64832855301717e-05,0.000217138726711816,"Up","COVID19_vs_OtherVirus"
"TLR8_AS1",1.42726807200785,-1.99783225101381,0.463857519781604,-4.30699550145147,1.65486974257405e-05,0.00021782069505307,"Down","COVID19_vs_OtherVirus"
"MORN2",16.516039421733,1.07077269626242,0.248789466307566,4.3039309989864,1.67793942492977e-05,0.000220131313545018,"Up","COVID19_vs_OtherVirus"
"FAM131C",15.6135783918208,-2.24233372572866,0.521207506176822,-4.30219000907469,1.6911818452849e-05,0.000221504588530096,"Down","COVID19_vs_OtherVirus"
"GRTP1",27.866120661371,1.21749874055836,0.283072733592827,4.30101029196834,1.70021162406877e-05,0.000222322512611645,"Up","COVID19_vs_OtherVirus"
"UGGT2",5.8863081862338,1.05371123412994,0.245018287280539,4.30054117929355,1.70381505350811e-05,0.00022261138415966,"Up","COVID19_vs_OtherVirus"
"HIBADH",8.21596297056153,1.01784867994316,0.236797448206631,4.29839378613142,1.72040309059633e-05,0.000224411403141022,"Up","COVID19_vs_OtherVirus"
"SNORD52",1.81920098684515,1.42063530067407,0.330535597479904,4.2979797380536,1.72361914843023e-05,0.00022464737407214,"Up","COVID19_vs_OtherVirus"
"HCG26",10.1755419676818,-1.39810250076335,0.325312333626563,-4.29772362202623,1.725611359123e-05,0.000224723580422168,"Down","COVID19_vs_OtherVirus"
"ESAM",4.72521676158637,1.23765087647788,0.288029151881312,4.29696393019229,1.73153357307717e-05,0.000225204166488104,"Up","COVID19_vs_OtherVirus"
"MCM5",5.71187680567189,1.01941522366565,0.237300482974746,4.29588347603212,1.73998967341731e-05,0.000225859147364072,"Up","COVID19_vs_OtherVirus"
"IRF7",75.6983909650151,-1.00354207067503,0.233642841672625,-4.29519716286095,1.74538147675067e-05,0.000226374985034941,"Down","COVID19_vs_OtherVirus"
"PRSS16",6.62257965732084,-1.61085256711618,0.375328153463063,-4.29185115012882,1.77189717148541e-05,0.000229627518181299,"Down","COVID19_vs_OtherVirus"
"SLC25A36",16.9175695251912,1.02026908622992,0.237884573345619,4.28892496844502,1.79540007263564e-05,0.000232484651741287,"Up","COVID19_vs_OtherVirus"
"RGS6",5.5129196221953,-2.23959125317171,0.522921676837712,-4.28284263661681,1.84520674945242e-05,0.000237969070773484,"Down","COVID19_vs_OtherVirus"
"DDX47",38.4873821027515,-1.00401902439351,0.234713325831404,-4.27763963054534,1.88885477805866e-05,0.000242813650454787,"Down","COVID19_vs_OtherVirus"
"LILRB4",4.4860239113283,-1.42859112986939,0.333955890084746,-4.27778389986434,1.88763135624388e-05,0.000242813650454787,"Down","COVID19_vs_OtherVirus"
"ORM1",0.606220958118469,-2.11495085300629,0.494756151347959,-4.27473382037621,1.91365781188941e-05,0.000245665666166583,"Down","COVID19_vs_OtherVirus"
"PID1",10.501566119271,-1.48222126070255,0.346791808606451,-4.27409536187926,1.91914889624533e-05,0.000245915981359975,"Down","COVID19_vs_OtherVirus"
"SNED1",51.2365267213572,-1.21561246598333,0.284435802999735,-4.27376741311451,1.92197526157211e-05,0.000246080649769529,"Down","COVID19_vs_OtherVirus"
"ZNF493",4.78072410992671,1.00376602846774,0.234956989322212,4.27212670439527,1.93617503571369e-05,0.000247303764961639,"Up","COVID19_vs_OtherVirus"
"DCHS1",3.30587772235598,-1.62401571877174,0.380542503033022,-4.26763293410832,1.97558047394537e-05,0.000251933848618305,"Down","COVID19_vs_OtherVirus"
"MGST1",6.16473349452952,1.05439373297571,0.247133932495248,4.26648709195766,1.98574978378832e-05,0.000252826802615345,"Up","COVID19_vs_OtherVirus"
"MPO",2.14029697603931,-1.57521524510958,0.36920107870804,-4.26655103669197,1.98518096561056e-05,0.000252826802615345,"Down","COVID19_vs_OtherVirus"
"AMBP",17.547218090668,1.39632111935446,0.327437737675888,4.26438665642323,2.00452065246801e-05,0.000254405220487315,"Up","COVID19_vs_OtherVirus"
"FOXN4",4.79294069491317,1.21728712402133,0.285434829670349,4.26467619746051,2.00192312040701e-05,0.000254405220487315,"Up","COVID19_vs_OtherVirus"
"HSD17B10",3.88492779215894,1.04045289422974,0.244261349627483,4.25958873893273,2.04803379309955e-05,0.000258898713702513,"Up","COVID19_vs_OtherVirus"
"DENND1A",33.9778822403265,-1.03960848147603,0.244131066903706,-4.25840305644543,2.0589247263963e-05,0.000259863969815362,"Down","COVID19_vs_OtherVirus"
"FBXL2",6.36359884713227,1.12859984727644,0.265110340911803,4.25709477568778,2.07100575446916e-05,0.000260783091182385,"Up","COVID19_vs_OtherVirus"
"EGR2",11.927105352949,-1.18914478914272,0.279417500208687,-4.25579925471594,2.08303544279869e-05,0.000261871999052944,"Down","COVID19_vs_OtherVirus"
"TUSC3",9.83487662027691,1.02085614153973,0.239898603384515,4.2553650881555,2.0870818015344e-05,0.000261912990593446,"Up","COVID19_vs_OtherVirus"
"ANO2",1.97602648872591,-1.53371365930053,0.360458547864545,-4.25489607164727,2.09146136402202e-05,0.000262029385613027,"Down","COVID19_vs_OtherVirus"
"SNORD2",2.76053978307327,1.38822497905598,0.326570569093221,4.25091882257065,2.12895326333265e-05,0.000265774165676523,"Up","COVID19_vs_OtherVirus"
"IMPACT",12.4748804513845,1.10330101983648,0.260025551123765,4.24304848145996,2.20503775210179e-05,0.00027459832746184,"Up","COVID19_vs_OtherVirus"
"WDR35",15.6926080264895,1.04478624240715,0.246244175880305,4.24288712076991,2.20662441521697e-05,0.00027459832746184,"Up","COVID19_vs_OtherVirus"
"ZFAND1",4.6406914538594,1.1217046118107,0.264559348108456,4.23989785214792,2.2362152321723e-05,0.000277706669761575,"Up","COVID19_vs_OtherVirus"
"TRG_AS1",7.09443885102211,-2.37257468816752,0.559795740506288,-4.23828642572687,2.25232304832887e-05,0.000278818049716007,"Down","COVID19_vs_OtherVirus"
"ZNF680",4.65528249393581,1.10096957392719,0.259780940404788,4.238069090872,2.2545039595601e-05,0.000278818049716007,"Up","COVID19_vs_OtherVirus"
"ARHGAP42",5.44597162347996,1.02465325015614,0.241818102959699,4.23728925839313,2.26234597596206e-05,0.000279355110999306,"Up","COVID19_vs_OtherVirus"
"SLC5A11",10.2542902010482,-3.19276707337559,0.753486952983643,-4.23732230628936,2.26201311932543e-05,0.000279355110999306,"Down","COVID19_vs_OtherVirus"
"HLTF",6.47711272862874,1.0430280991353,0.246567467606237,4.23019350144359,2.33490378243299e-05,0.00028632161129282,"Up","COVID19_vs_OtherVirus"
"KLHL26",5.84839802977111,-1.43862620132189,0.340208630784655,-4.22865874391207,2.35088614084761e-05,0.000287839326110222,"Down","COVID19_vs_OtherVirus"
"SIGMAR1",2.6494680376441,1.07664948560374,0.254732261145258,4.22659258298577,2.37256678740364e-05,0.00028982709508559,"Up","COVID19_vs_OtherVirus"
"SLC27A2",21.6618550914737,1.05740784497472,0.250562278700707,4.22013980100244,2.44150865701201e-05,0.000297565856624838,"Up","COVID19_vs_OtherVirus"
"CALB1",8.2627135556133,-1.62110896036217,0.384933759605393,-4.21139720772744,2.53796035514159e-05,0.000307677107290742,"Down","COVID19_vs_OtherVirus"
"FARSB",4.92365984682017,1.1000377374832,0.261315183591406,4.20962043752968,2.55800057526775e-05,0.000309636369861447,"Up","COVID19_vs_OtherVirus"
"EHHADH",4.33279538119125,1.05126163080953,0.249792979881188,4.2085315260243,2.57035671651403e-05,0.000310517089069476,"Up","COVID19_vs_OtherVirus"
"CXCL8",167.724074900468,-1.14289244561628,0.271755860863607,-4.20558527048618,2.60407381303993e-05,0.000314260336349172,"Down","COVID19_vs_OtherVirus"
"ACSS3",9.94556990404662,1.26789741833975,0.301517508476304,4.20505404394912,2.61019778484373e-05,0.000314523908172189,"Up","COVID19_vs_OtherVirus"
"IFNG",0.986801291781645,-2.00861547239426,0.477728430666509,-4.20451315738508,2.61644718854252e-05,0.000315039184104599,"Down","COVID19_vs_OtherVirus"
"PAX9",8.73164032485283,1.0287140136621,0.244835441293291,4.20165482672008,2.64970933589996e-05,0.000318323997418952,"Up","COVID19_vs_OtherVirus"
"CSF3",2.49512512688322,-1.57152931261478,0.37433382151812,-4.19820284002498,2.69041597451879e-05,0.00032272863598172,"Down","COVID19_vs_OtherVirus"
"SNORD116_23",4.23519101788065,1.40773410252604,0.335694356250349,4.19349946257722,2.74683727935606e-05,0.000327528035864069,"Up","COVID19_vs_OtherVirus"
"GPR65",13.5942152390532,-1.24496833376895,0.296971483074814,-4.19221509378164,2.76243892755329e-05,0.000329142536696387,"Down","COVID19_vs_OtherVirus"
"SERPINE1",7.81919098927727,-1.31247751992178,0.313181013175827,-4.19079530592399,2.77978359397339e-05,0.000330715535479726,"Down","COVID19_vs_OtherVirus"
"SCARF1",8.26294943295777,-1.05251386780305,0.251352860369931,-4.18739562483595,2.82173715439274e-05,0.000335207257492816,"Down","COVID19_vs_OtherVirus"
"TREM1",25.1113026250135,-1.30954904778139,0.313034857449901,-4.18339688573174,2.87185380486595e-05,0.000339142143849776,"Down","COVID19_vs_OtherVirus"
"ALDH3B2",29.9731080440644,-1.29219255469774,0.309041311916509,-4.18129390754993,2.89854904199473e-05,0.000341284911537521,"Down","COVID19_vs_OtherVirus"
"CASD1",3.88803234475132,1.06229102940423,0.254053263698793,4.18137131536197,2.89756225853903e-05,0.000341284911537521,"Up","COVID19_vs_OtherVirus"
"COLGALT2",13.2029268515479,-1.40655688756993,0.33696592246906,-4.17418140464657,2.99059399147814e-05,0.00035057139256931,"Down","COVID19_vs_OtherVirus"
"DMXL1",40.0383050423482,-1.0988780133994,0.263304287373513,-4.17341481356349,3.00067887305396e-05,0.000351169061227694,"Down","COVID19_vs_OtherVirus"
"GABPA",3.63370451322213,1.0561974498794,0.253282466920014,4.17003775556619,3.04549180358794e-05,0.000355700966613643,"Up","COVID19_vs_OtherVirus"
"ITGAX",86.5977661864219,-1.13177354151665,0.271464425413921,-4.16914127805494,3.05749429469328e-05,0.000356841768341176,"Down","COVID19_vs_OtherVirus"
"PEX1",11.1321676861129,1.00084245575213,0.240285202721188,4.16522717344958,3.11042687149713e-05,0.000361697563221581,"Up","COVID19_vs_OtherVirus"
"MORN5",10.8633219074831,1.11196054430486,0.267096956504564,4.1631344619453,3.13908384304069e-05,0.000364047026028894,"Up","COVID19_vs_OtherVirus"
"MYO7B",5.65237792642157,-1.62425952608559,0.390343547751216,-4.16110253504385,3.16714836677153e-05,0.000366957117734937,"Down","COVID19_vs_OtherVirus"
"ACADSB",5.46274999104244,1.11663019000478,0.268406537741107,4.16021978973492,3.17941478654901e-05,0.000367312130839663,"Up","COVID19_vs_OtherVirus"
"SLC5A10",5.99444936504159,-1.60163804940234,0.384974947870041,-4.16036954680754,3.17733062330988e-05,0.000367312130839663,"Down","COVID19_vs_OtherVirus"
"VWF",10.4170360013425,-1.07819832567273,0.259399606275903,-4.15651488894681,3.23139122173023e-05,0.000371879635998305,"Down","COVID19_vs_OtherVirus"
"ERICH3_AS1",2.58480042707014,1.32880414234437,0.320027316176752,4.15215850390243,3.2935401062948e-05,0.000378306916094265,"Up","COVID19_vs_OtherVirus"
"SMARCB1",36.1010707643099,-1.09338603975263,0.263356090916468,-4.1517400867688,3.29956871550182e-05,0.000378726916690884,"Down","COVID19_vs_OtherVirus"
"TRDMT1",3.41780748701825,1.03884022126136,0.250400780106731,4.14871000329377,3.34354042783021e-05,0.000382948109546177,"Up","COVID19_vs_OtherVirus"
"LINC01016",30.1821058956155,-1.26266500234534,0.304444707242604,-4.14743620863526,3.36219106532196e-05,0.000384532539748785,"Down","COVID19_vs_OtherVirus"
"TMEM213",7.02028558973241,1.24171052142581,0.299384062336819,4.14755051332304,3.36051341225073e-05,0.000384532539748785,"Up","COVID19_vs_OtherVirus"
"SNORD25",1.42467930984419,1.36118958925524,0.328347058283994,4.14558180106464,3.38951965089802e-05,0.000387103510345049,"Up","COVID19_vs_OtherVirus"
"CYP4A11",9.92749181042239,1.16933197613831,0.282143914409759,4.14445223312555,3.40626946469116e-05,0.000388460701951851,"Up","COVID19_vs_OtherVirus"
"ZBTB32",2.83574785080959,-1.18387859122192,0.286185846512194,-4.13674752140992,3.52263337351218e-05,0.000399165113140493,"Down","COVID19_vs_OtherVirus"
"TMEM132D",46.4001125430039,1.18556699512121,0.286649432572412,4.13594746894088,3.53493056957938e-05,0.00039999079712193,"Up","COVID19_vs_OtherVirus"
"CSPG5",2.5495600870167,-1.19617937781008,0.289281632551585,-4.13499940269029,3.54955558652251e-05,0.000401217361703464,"Down","COVID19_vs_OtherVirus"
"TIGAR",13.465755696074,-1.29451366867823,0.313125327879007,-4.13417106002501,3.56238074427727e-05,0.000401957391965589,"Down","COVID19_vs_OtherVirus"
"TRIB3",5.04054527624899,-1.35012264846158,0.327211181147815,-4.12615071320461,3.6888557041085e-05,0.000413597402891828,"Down","COVID19_vs_OtherVirus"
"CCT6B",2.96307723584718,1.07776393045386,0.261379058963843,4.1233752035313,3.73360782856018e-05,0.000417968962255077,"Up","COVID19_vs_OtherVirus"
"TG",12.1334967088808,-1.48181383963568,0.359414663453706,-4.1228530449942,3.74208447773262e-05,0.000418390201480945,"Down","COVID19_vs_OtherVirus"
"FMO2",19.0560931659918,1.10792990609836,0.268748816130873,4.12254804337009,3.74704428116007e-05,0.000418651567480767,"Up","COVID19_vs_OtherVirus"
"SLC22A7",55.3284242743537,1.03032586460076,0.250165679935347,4.11857399810814,3.81224155122904e-05,0.000424747024472595,"Up","COVID19_vs_OtherVirus"
"MYBPC3",10.8327673828379,-1.41659036444237,0.344049573049428,-4.11740189614725,3.83167549748916e-05,0.000426099651549326,"Down","COVID19_vs_OtherVirus"
"MIR4442",1.51924636689631,1.07008955927856,0.260262084064748,4.11158453266031,3.92952949217462e-05,0.000434780789134165,"Up","COVID19_vs_OtherVirus"
"TENM2",7.5034814268365,-1.88245514646188,0.457998907618592,-4.11017387847033,3.95361294670106e-05,0.000437142550602695,"Down","COVID19_vs_OtherVirus"
"SH2B3",43.0803521245035,-1.28013819436667,0.3116781408793,-4.10724406516019,4.00408065990173e-05,0.000441499667237507,"Down","COVID19_vs_OtherVirus"
"ITIH6",6.83764144539412,-1.76392758825283,0.42971846868453,-4.10484472229604,4.04586545535262e-05,0.000444878015565839,"Down","COVID19_vs_OtherVirus"
"NIFK",4.67132510179997,1.0057017311394,0.245071478951636,4.10370776494096,4.06580986590629e-05,0.000446456123239751,"Up","COVID19_vs_OtherVirus"
"MLF1",15.2549126174507,1.03808451675217,0.253028986774561,4.10263080916127,4.08478774641218e-05,0.000448231760544446,"Up","COVID19_vs_OtherVirus"
"OLR1",4.58287833726644,-1.40654246336257,0.342889507606579,-4.10202829821318,4.09544169971634e-05,0.000448783954548189,"Down","COVID19_vs_OtherVirus"
"RNASEH2C",438.324944529946,1.00821022682282,0.245847447197763,4.10095869741449,4.11441999369187e-05,0.000450554386963541,"Up","COVID19_vs_OtherVirus"
"PDZK1IP1",11.3842481542832,-1.31374953418254,0.320381072067456,-4.10058411286524,4.12108608322015e-05,0.000450765546533735,"Down","COVID19_vs_OtherVirus"
"FBXO41",12.8280651477487,-1.12182640018362,0.273854572474209,-4.09643114609405,4.19568201963324e-05,0.000456634349866832,"Down","COVID19_vs_OtherVirus"
"PCDH17",15.9121578124682,-1.31802868024164,0.321861633999832,-4.09501643256534,4.22138445647076e-05,0.000459118693678556,"Down","COVID19_vs_OtherVirus"
"ATAD2",26.2781807391618,-1.11209249687023,0.271703998670437,-4.09302955536973,4.25773425730948e-05,0.000462713914189901,"Down","COVID19_vs_OtherVirus"
"GPC4",5.57491936305462,1.07692012582644,0.26316061350401,4.09225419977231,4.27199973139568e-05,0.000463046488197307,"Up","COVID19_vs_OtherVirus"
"PRR7_AS1",2.9699840975561,-1.06101495689841,0.259293568430669,-4.09194475327724,4.27770577009544e-05,0.000463350409262848,"Down","COVID19_vs_OtherVirus"
"SPRR1B",22.0995005411254,-1.51203362218323,0.369814120580488,-4.08863139084529,4.33925741432185e-05,0.000469698873742797,"Down","COVID19_vs_OtherVirus"
"ZNF826P",1.31850881416965,-1.73606268729087,0.425017067277711,-4.0846893476786,4.41358238323607e-05,0.000476130110342885,"Down","COVID19_vs_OtherVirus"
"SNORD66",130.609982968902,1.15573534843586,0.283150321320133,4.08170240827369,4.47070184540831e-05,0.000480992086683215,"Up","COVID19_vs_OtherVirus"
"GRAMD1A",29.3267737926064,-1.03451420901704,0.253483030005097,-4.08119710813084,4.48043380750859e-05,0.000481714519667893,"Down","COVID19_vs_OtherVirus"
"DHFR",1.31434803774883,1.35023203008232,0.33089574530429,4.08053608800757,4.49319523706418e-05,0.000482761474797892,"Up","COVID19_vs_OtherVirus"
"PTPRZ1",10.7865194762089,1.04299907987572,0.255737958535051,4.07838979340556,4.53486897258517e-05,0.000486584126453595,"Up","COVID19_vs_OtherVirus"
"NUSAP1",9.5990320944038,-1.38335372867047,0.339246859611714,-4.07772007161332,4.54794754895465e-05,0.000487659708304969,"Down","COVID19_vs_OtherVirus"
"TREM2",2.14720683182718,1.22353261784269,0.300420484820837,4.07273365054441,4.64645495454409e-05,0.000496554884901278,"Up","COVID19_vs_OtherVirus"
"LOC103091866",1.96574741193579,-1.24490924220464,0.306151162485163,-4.06632211388378,4.77609103506936e-05,0.000508706267284306,"Down","COVID19_vs_OtherVirus"
"FMO5",6.55984075143704,1.03642212754773,0.254939581356844,4.06536373062066,4.79576090180507e-05,0.000510213314579608,"Up","COVID19_vs_OtherVirus"
"MAST1",3.42867291097839,-1.45807837126044,0.358677985160501,-4.06514598493681,4.80024061098259e-05,0.000510213314579608,"Down","COVID19_vs_OtherVirus"
"TTC21B",14.7026597204457,1.00792183270863,0.247960051067279,4.06485572321144,4.80621837108687e-05,0.000510213314579608,"Up","COVID19_vs_OtherVirus"
"ANXA2R",1.04579833392969,-1.48188583525249,0.36460261889239,-4.06438615211883,4.81590384280407e-05,0.00051056255480883,"Down","COVID19_vs_OtherVirus"
"KRT16",32.2252230075841,-1.46562590654041,0.360646098753007,-4.06388953494311,4.8261673051794e-05,0.000510972063623968,"Down","COVID19_vs_OtherVirus"
"LILRB3",14.4369430887691,-1.211093719067,0.298194384926396,-4.06142362260087,4.87743755507129e-05,0.000515332152096996,"Down","COVID19_vs_OtherVirus"
"USH2A",2.7448126090195,-1.61583994533389,0.397896945350397,-4.06095086734316,4.88732569337143e-05,0.000515737224192784,"Down","COVID19_vs_OtherVirus"
"PMEPA1",10.677862876603,-1.42951771294262,0.35222939244782,-4.05848502025391,4.93921011262952e-05,0.000520734371808371,"Down","COVID19_vs_OtherVirus"
"PRF1",11.7036781805304,-1.2290178661897,0.302833792203749,-4.0583907669155,4.9412036407972e-05,0.000520734371808371,"Down","COVID19_vs_OtherVirus"
"LINC01588",9.20906315331012,-1.29673240683562,0.319572266502597,-4.05771258259384,4.9555702476367e-05,0.000521559885127011,"Down","COVID19_vs_OtherVirus"
"CYP2A13",14.5826801471861,1.11749989107598,0.275462620185533,4.05681137543566,4.97472263022157e-05,0.00052288625091585,"Up","COVID19_vs_OtherVirus"
"SGPP1",23.1597171825272,-1.97289218071205,0.486630343501071,-4.05419063373245,5.03081791195373e-05,0.000528434465672719,"Down","COVID19_vs_OtherVirus"
"RNU6_30P",2.27735823536461,1.16061018734639,0.286483800618297,4.05122448404247,5.09502959665539e-05,0.000534475969383705,"Up","COVID19_vs_OtherVirus"
"DGKI",22.0032144753814,-1.48463788998719,0.366812881006535,-4.04739846079924,5.17900364049349e-05,0.000540797724814383,"Down","COVID19_vs_OtherVirus"
"SLC6A1",26.2553943866335,-1.68692169256287,0.417341650464597,-4.04206407552406,5.29827490839856e-05,0.00055108962337128,"Down","COVID19_vs_OtherVirus"
"EMILIN2",9.43323106710463,-1.09887493631634,0.272129535210912,-4.03805832933449,5.38954534903711e-05,0.00055811203521614,"Down","COVID19_vs_OtherVirus"
"CDC20",1.38043809820189,1.2985956769685,0.321606279730156,4.03784303608152,5.39449272373073e-05,0.000558188404582533,"Up","COVID19_vs_OtherVirus"
"B9D2",2.4623521933806,1.01855722159474,0.252279415972452,4.0374170745106,5.40429387495272e-05,0.000558478679660163,"Up","COVID19_vs_OtherVirus"
"BPIFA1",177.248271700609,1.07300192680713,0.265796238868892,4.03693419957082,5.41542497632977e-05,0.000559266980414496,"Up","COVID19_vs_OtherVirus"
"RNASEH2A",25.0987282390396,1.13385764666272,0.280984543095305,4.03530256209905,5.45319795929962e-05,0.0005620772021832,"Up","COVID19_vs_OtherVirus"
"LHFP",19.6927628969431,1.00633663683315,0.249574175966803,4.03221460287224,5.52536954778616e-05,0.000568781754996478,"Up","COVID19_vs_OtherVirus"
"MACROD1",88.5138737757749,1.06657184277647,0.264886288386211,4.02652719125038,5.66066960780973e-05,0.000579719377538744,"Up","COVID19_vs_OtherVirus"
"NCF1C",5.2428646642345,-1.47548473125989,0.366955657127281,-4.02088018702518,5.79810910299515e-05,0.000591896482982228,"Down","COVID19_vs_OtherVirus"
"LOC100268168",3.7779973377857,-1.68001595757198,0.418146932986689,-4.01776463017956,5.87528381420962e-05,0.000598244779194329,"Down","COVID19_vs_OtherVirus"
"GHSR",1.44944383269637,-1.58937398922674,0.395864021059758,-4.01494933783541,5.94585652282701e-05,0.000604274635540777,"Down","COVID19_vs_OtherVirus"
"ACVR2A",15.8168728276747,-1.21939806709184,0.303942319650484,-4.01193906953818,6.02220452301222e-05,0.000610867327918761,"Down","COVID19_vs_OtherVirus"
"SPATA6L",15.1721492592184,1.00129551083848,0.249613512783461,4.0113834370301,6.03639786727705e-05,0.00061153000221412,"Up","COVID19_vs_OtherVirus"
"MED7",2.83647773465323,1.08698155850888,0.271160380891735,4.00862970812421,6.10720915930796e-05,0.000617528191497852,"Up","COVID19_vs_OtherVirus"
"HSPA1L",4.96659439808051,-1.00549362632496,0.25087549690365,-4.00793875342527,6.12509987959362e-05,0.000618275009196773,"Down","COVID19_vs_OtherVirus"
"TAF4B",17.1643225199029,-1.41384164097119,0.352764067041921,-4.00789585182771,6.1262123546868e-05,0.000618275009196773,"Down","COVID19_vs_OtherVirus"
"MPP3",3.55571288243056,-1.35990865901473,0.339361580788084,-4.00725578852113,6.14283247787068e-05,0.000619169591803556,"Down","COVID19_vs_OtherVirus"
"MEFV",24.2767844402284,-1.20171886001511,0.299976815563167,-4.00603912592058,6.17454255923579e-05,0.000621580999374266,"Down","COVID19_vs_OtherVirus"
"SNORD88A",3.22679184875651,1.24247562913199,0.310171840866617,4.00576540301185,6.18169796925587e-05,0.000621909198343663,"Up","COVID19_vs_OtherVirus"
"STEAP2",8.35941338743539,1.03178022167557,0.25779477625142,4.00233176435391,6.27212647066364e-05,0.000630212531344341,"Up","COVID19_vs_OtherVirus"
"RNASE7",15.4863692213103,-2.53343562223897,0.633075049084013,-4.0017935091654,6.28641502922101e-05,0.000630983453683405,"Down","COVID19_vs_OtherVirus"
"ATF7IP2",7.27235210135102,1.00716266949857,0.251861807403844,3.99887017360931,6.36455778153794e-05,0.000635898182353159,"Up","COVID19_vs_OtherVirus"
"SOCS1",3427.26791157441,1.1396257642268,0.285120621388514,3.99699523197207,6.41515926489095e-05,0.000640553050802057,"Up","COVID19_vs_OtherVirus"
"CNGB1",7.73836841976464,-1.23780038689614,0.309710679115374,-3.99663450557037,6.42493823475768e-05,0.000641128524100882,"Down","COVID19_vs_OtherVirus"
"CCDC15",2.36637254373327,1.05179258616762,0.263585955198905,3.99032105247763,6.5983916945763e-05,0.00065536352328148,"Up","COVID19_vs_OtherVirus"
"SLED1",2.72386094678921,-1.68400969574168,0.422067009276825,-3.98991074575357,6.60981632377839e-05,0.00065536352328148,"Down","COVID19_vs_OtherVirus"
"VCAN",25.9417954263633,-1.165610334072,0.292502601929694,-3.98495714698692,6.74923046597186e-05,0.000666820628834819,"Down","COVID19_vs_OtherVirus"
"ADAM11",6.46631267631037,-1.65042832142354,0.414752517413728,-3.97930874950467,6.91159342673366e-05,0.000679916824714908,"Down","COVID19_vs_OtherVirus"
"ACVR2B_AS1",1.3418524756726,-1.57546516579439,0.396431922872151,-3.97411276665142,7.06420902789333e-05,0.000693221643142869,"Down","COVID19_vs_OtherVirus"
"GSTA3",2.54060925339568,1.23051716681365,0.309739196142684,3.97275250319562,7.10468587761196e-05,0.00069676544669504,"Up","COVID19_vs_OtherVirus"
"TMEM150C",4.07249260535374,1.37763928016233,0.346803071859177,3.97239641730087,7.11531796955846e-05,0.000697017510780005,"Up","COVID19_vs_OtherVirus"
"SNORD78",1.34206633365436,1.43749789024296,0.362349528058889,3.96715816891955,7.27347244878827e-05,0.000709396830283161,"Up","COVID19_vs_OtherVirus"
"TMEM229A",6.06372476071567,1.62325571016238,0.409231270678689,3.96659743882792,7.29059778369598e-05,0.000710632992762454,"Up","COVID19_vs_OtherVirus"
"BMP4",1.5324619252077,-1.68997329589949,0.42657236414422,-3.96175054445891,7.44022529702647e-05,0.000722790211672206,"Down","COVID19_vs_OtherVirus"
"APOL4",8.49194753226164,-1.09347615164963,0.27659511839354,-3.95334580740442,7.70659333843976e-05,0.00074391456615193,"Down","COVID19_vs_OtherVirus"
"PHLDA1",28.1119096052539,-1.00738861994806,0.2548106191099,-3.95347973905897,7.7022788783369e-05,0.00074391456615193,"Down","COVID19_vs_OtherVirus"
"C9orf139",1.86943573117452,-1.63984071064917,0.415630093013077,-3.94543306227246,7.96558827404522e-05,0.000765214093762972,"Down","COVID19_vs_OtherVirus"
"SLITRK6",3.42679797609623,1.14105071904853,0.289369791385774,3.94322680879754,8.03925590932832e-05,0.000770899458548564,"Up","COVID19_vs_OtherVirus"
"NT5M",9.63385117812443,-1.78278979532561,0.452507832430448,-3.93979875607927,8.1549988961223e-05,0.000779656960332267,"Down","COVID19_vs_OtherVirus"
"TIMP4",15.1574526444741,-1.31403508295832,0.333520035274315,-3.93989848878958,8.15160944171688e-05,0.000779656960332267,"Down","COVID19_vs_OtherVirus"
"LANCL1",5.49256922403659,1.04602248774805,0.265547767151727,3.93911234490018,8.17836300265404e-05,0.000781422763018399,"Up","COVID19_vs_OtherVirus"
"RTP4",15.602623651848,-1.15213379981551,0.292615740984309,-3.93736097702718,8.23826315761825e-05,0.000786675296498403,"Down","COVID19_vs_OtherVirus"
"SPHK1",9.02123686350495,-1.02363622880998,0.260135521720334,-3.93501134347375,8.31927667998385e-05,0.000793462195176954,"Down","COVID19_vs_OtherVirus"
"LAMB2P1",25.1483059768289,1.6228882805063,0.412879435955044,3.93065902338378,8.47133411293834e-05,0.000803644209430621,"Up","COVID19_vs_OtherVirus"
"HES4",26.0061366016846,-1.03719941994918,0.264033875308311,-3.92828162196252,8.555498936046e-05,0.000809704185020216,"Down","COVID19_vs_OtherVirus"
"SNORD36B",1.19691007327149,1.46937556692372,0.37414493465674,3.92728975008521,8.59084627703959e-05,0.000812086747538272,"Up","COVID19_vs_OtherVirus"
"TMEM14C",5.45800947548948,1.01110549183253,0.257502779612253,3.92658088334058,8.61619266428717e-05,0.00081400078152668,"Up","COVID19_vs_OtherVirus"
"SNORD116_29",1.63049643735081,1.49724595889874,0.381335483491492,3.92632215913929,8.62546124936741e-05,0.000814394525768185,"Up","COVID19_vs_OtherVirus"
"GRIN1",15.2790413990434,1.00744573717234,0.256604815184435,3.92605936271399,8.63488536232863e-05,0.000814802480466542,"Up","COVID19_vs_OtherVirus"
"FAH",12.3429647644125,1.01473727141714,0.258529117907108,3.92504055106763,8.67151290168984e-05,0.000816810471907846,"Up","COVID19_vs_OtherVirus"
"CXorf21",3.41230126743848,-1.22289374092587,0.311607774769902,-3.92446479176871,8.69227703121536e-05,0.000817801385270385,"Down","COVID19_vs_OtherVirus"
"SNAI1",2.29601507773744,-1.55934362937296,0.397643493341717,-3.92146144846618,8.80135313101112e-05,0.000825631046355603,"Down","COVID19_vs_OtherVirus"
"CCRL2",3.06751350596632,-1.39790787240545,0.356713419682426,-3.91885417052708,8.89709218454346e-05,0.000832167392023555,"Down","COVID19_vs_OtherVirus"
"SAA2",16.8211478685925,-1.0483564017844,0.267596994597605,-3.91766881896732,8.94094275760781e-05,0.000834907004755335,"Down","COVID19_vs_OtherVirus"
"LINC01209",0.758557051421048,-1.8403033013779,0.4697691642918,-3.91746296109546,8.94857898432144e-05,0.000835026370915699,"Down","COVID19_vs_OtherVirus"
"CETP",1.11966569889467,-1.50082512770545,0.383412503081185,-3.91438754773122,9.0633964694693e-05,0.000843276154029994,"Down","COVID19_vs_OtherVirus"
"HSD17B13",18.6562793916383,1.16468617985802,0.298070620778756,3.90741689608691,9.32881121294855e-05,0.000860946819803101,"Up","COVID19_vs_OtherVirus"
"C10orf107",8.08049463142024,1.0723926233497,0.274494833525739,3.9067861845536,9.35318495595567e-05,0.00086219948618238,"Up","COVID19_vs_OtherVirus"
"PLA2G12A",5.20383308464557,1.02845163356715,0.263491082866533,3.90317434039351,9.49392646262725e-05,0.000873660114710701,"Up","COVID19_vs_OtherVirus"
"HMX1",9.36747101044259,1.57845485050529,0.404554143446797,3.90171470512419,9.55136901377276e-05,0.000875914785397975,"Up","COVID19_vs_OtherVirus"
"SNORD85",1.05878447370727,1.49730189419035,0.383985810770368,3.89936776878916,9.6444190334302e-05,0.000883071060605777,"Up","COVID19_vs_OtherVirus"
"SNORD111B",2.13185552460869,1.50623898195952,0.386612713457575,3.89598926659408,9.77987199351494e-05,0.000892861420392582,"Up","COVID19_vs_OtherVirus"
"ENTPD1_AS1",28.6868556277152,-2.33964153072732,0.600899302040697,-3.89356673036852,9.87810131564822e-05,0.000899166280533862,"Down","COVID19_vs_OtherVirus"
"SMG8",13.7655051590373,1.0599135329723,0.272288864239973,3.89260697800031,9.91727448475789e-05,0.000901703897628955,"Up","COVID19_vs_OtherVirus"
"B9D1",5.45503396740837,1.0210050546841,0.262668789290593,3.8870436698688,0.000101472504326056,0.000917179258439119,"Up","COVID19_vs_OtherVirus"
"MGC57346",5.31851742313391,-1.69556002487627,0.436485469596751,-3.88457381282983,0.000102509546909942,0.00092519357035847,"Down","COVID19_vs_OtherVirus"
"LOC100507053",4.97146849741348,1.06206699386459,0.273693314360327,3.88050031966194,0.000104241807968031,0.000937119766901791,"Up","COVID19_vs_OtherVirus"
"NT5E",4.58581194156286,1.04811798476949,0.27009670522477,3.88052858289131,0.000104229694361011,0.000937119766901791,"Up","COVID19_vs_OtherVirus"
"POMGNT1",17.3870281962603,-1.1902346724402,0.306711384739847,-3.88063414551682,0.000104184462014834,0.000937119766901791,"Down","COVID19_vs_OtherVirus"
"RNF182",4.9125942957633,-1.55986826832196,0.401960369609966,-3.88065189072134,0.000104176860221986,0.000937119766901791,"Down","COVID19_vs_OtherVirus"
"SLC6A2",7.18881740396027,-2.13510468683201,0.55095061078137,-3.87531049979954,0.00010648882480281,0.000954632552948715,"Down","COVID19_vs_OtherVirus"
"LOC730102",3.28924074743813,1.11823470435227,0.288571703793253,3.87506706185381,0.000106595339394236,0.000955051172148358,"Up","COVID19_vs_OtherVirus"
"SNORA52",4.29035475349384,1.11701827284011,0.288350433701974,3.87382206608578,0.00010714165230123,0.00095890252046648,"Up","COVID19_vs_OtherVirus"
"BTD",1.63026455374454,1.13212531209354,0.292370766958771,3.87222472297714,0.000107846447511221,0.000963018110158922,"Up","COVID19_vs_OtherVirus"
"NEIL3",2.93028875690727,-1.54892863586093,0.400346353769941,-3.8689715074838,0.000109295411914765,0.000969619330114775,"Down","COVID19_vs_OtherVirus"
"MIPOL1",5.86767931867618,1.01462666591975,0.262548239791149,3.8645342536932,0.000111301370656309,0.000982331500220359,"Up","COVID19_vs_OtherVirus"
"ANKRD33B",9.88814049549612,-1.27246923106602,0.32942261634091,-3.86272577517621,0.000112128853647435,0.000987996289919949,"Down","COVID19_vs_OtherVirus"
"TESC",1.23525104867637,-1.43927479702704,0.372830072532978,-3.8604042513221,0.000113199592234156,0.000994138993185112,"Down","COVID19_vs_OtherVirus"
"CRTAP",21.984170004734,-1.18718023126306,0.307601340395014,-3.85947678166327,0.000113630052107529,0.000997370759729964,"Down","COVID19_vs_OtherVirus"
"SNORD11",1.22541922865601,1.48614183042662,0.385088668617417,3.85921984088057,0.00011374957703068,0.000997871289490019,"Up","COVID19_vs_OtherVirus"
"NFKBID",14.6516236142927,-1.03120933201602,0.267295554636175,-3.85793670762552,0.000114348247882611,0.00100190809818356,"Down","COVID19_vs_OtherVirus"
"LOC100132111",1.09692919494278,1.1487642377119,0.29801948198106,3.85466154788132,0.000115889839328596,0.00101255614862266,"Up","COVID19_vs_OtherVirus"
"POT1",3.19491974067092,1.09326576396695,0.283962800554705,3.85003163030975,0.000118102571949746,0.00102647014901995,"Up","COVID19_vs_OtherVirus"
"LOC730668",17.8539785181946,-1.52292363679,0.395927326199927,-3.84647266306895,0.000119830493592659,0.00103753452315639,"Down","COVID19_vs_OtherVirus"
"NAPSB",7.08419010833891,-1.42258473547693,0.370255462195337,-3.8421708272501,0.000121950908068075,0.00105155277819409,"Down","COVID19_vs_OtherVirus"
"ITGA7",5.74874580252351,-1.49401731948518,0.388894251905538,-3.84170584205002,0.000122182210143939,0.00105219048929781,"Down","COVID19_vs_OtherVirus"
"ONECUT1",5.15477087263515,1.09635421028185,0.285414562912737,3.84126934201689,0.000122399718882466,0.00105292775413656,"Up","COVID19_vs_OtherVirus"
"SERPINB9P1",4.3076645606518,-1.23920898333832,0.322630871681752,-3.84094980396264,0.000122559176629995,0.00105373172540361,"Down","COVID19_vs_OtherVirus"
"RBKS",2.60450738911169,1.03700842114532,0.270085398857341,3.83955750859775,0.000123256256482532,0.00105858493329753,"Up","COVID19_vs_OtherVirus"
"A2M",5.75422929114717,1.08381770457369,0.282377706741436,3.8381843845984,0.000123947397339164,0.00106300585385965,"Up","COVID19_vs_OtherVirus"
"FOCAD",23.1896810487325,-1.02167368993633,0.266302076264768,-3.83652168344544,0.000124789182739646,0.00106809432971044,"Down","COVID19_vs_OtherVirus"
"FAM69A",10.4606249983342,-1.35981937297778,0.354869208694703,-3.83188887528318,0.000127163178037896,0.00108281989362829,"Down","COVID19_vs_OtherVirus"
"ETNK2",2.1046162409209,1.06151571040345,0.277396357308085,3.82671106680933,0.000129866798934756,0.00110348765928276,"Up","COVID19_vs_OtherVirus"
"LNP1",6.58984389285565,1.01655827846504,0.265719649672645,3.82567973319774,0.000130411745052688,0.0011075286816549,"Up","COVID19_vs_OtherVirus"
"MIR3609",21.4949567718669,1.13754024539848,0.298082895587336,3.81618758485653,0.000135529485046413,0.00114490145939208,"Up","COVID19_vs_OtherVirus"
"TXNDC8",3.99292082989925,1.12082795342223,0.294683879410062,3.80349259574718,0.000142670259792785,0.00119260385751393,"Up","COVID19_vs_OtherVirus"
"RASL10B",8.31845158011245,-1.09387769802908,0.287613390485269,-3.80329196837277,0.000142785903832744,0.00119294596577373,"Down","COVID19_vs_OtherVirus"
"PAG1",22.8453011033483,-1.0222156533344,0.268923375678687,-3.80114094118672,0.000144031341521242,0.00119958497586236,"Down","COVID19_vs_OtherVirus"
"COL5A1",459.110322354358,1.08964257483439,0.286845325763617,3.79871128083968,0.000145450408332114,0.00120825245547894,"Up","COVID19_vs_OtherVirus"
"CSF3R",93.4553240033204,-1.12387837514706,0.295953725404097,-3.79748007433429,0.000146174522631894,0.00121363620818555,"Down","COVID19_vs_OtherVirus"
"BCO1",5.81208724462269,-1.07735143130133,0.283809627777161,-3.79603553177286,0.0001470284346534,0.00121882450035108,"Down","COVID19_vs_OtherVirus"
"LOC171391",6.70736014753431,-1.67254843157804,0.440619842863683,-3.79589902421957,0.000147109370764977,0.00121886259140302,"Down","COVID19_vs_OtherVirus"
"IL2RA",9.52618429581428,-1.67445229618745,0.441142642147596,-3.79571625185855,0.000147217803234902,0.00121912834359359,"Down","COVID19_vs_OtherVirus"
"CD53",28.9687662675696,-1.09574535662534,0.288701747151312,-3.79542336489929,0.000147391719790576,0.00121916871465926,"Down","COVID19_vs_OtherVirus"
"KIF26A",22.1336827872007,1.06808305477845,0.281561956998011,3.79342105079199,0.000148585887880739,0.00122664027192548,"Up","COVID19_vs_OtherVirus"
"SPRY4",5.12533662549987,-1.28629291421456,0.339182492744002,-3.79233286425956,0.000149238690383344,0.00122948654832842,"Down","COVID19_vs_OtherVirus"
"LOC105747689",11.9317243618036,-1.23389239115898,0.325713611328467,-3.78827395676337,0.000151697523704038,0.00124781177921621,"Down","COVID19_vs_OtherVirus"
"CXCR2",28.3907802559835,-1.38387906577154,0.365397988795123,-3.78731987643062,0.000152281003348587,0.00125127536092109,"Down","COVID19_vs_OtherVirus"
"PDCD1",1.07780221514696,-1.41759548206707,0.37431216204265,-3.78720123420821,0.000152353707981373,0.00125127536092109,"Down","COVID19_vs_OtherVirus"
"SNORA15",4.96041019066753,1.09353976805015,0.289019357001878,3.78362120583861,0.000154563001339697,0.00126551429712287,"Up","COVID19_vs_OtherVirus"
"FICD",6.25963090215264,-1.33623113779442,0.353670531682375,-3.77818058925664,0.000157978306753443,0.00129016963970612,"Down","COVID19_vs_OtherVirus"
"ATP6V1B1",3.75024260176547,1.18877978750394,0.314673485483251,3.7778200018292,0.0001582071541352,0.00129075464667475,"Up","COVID19_vs_OtherVirus"
"F2R",3.57753068478069,1.14470061967114,0.303188321039106,3.77554325228606,0.000159659316195153,0.00130057175631215,"Up","COVID19_vs_OtherVirus"
"MYBL2",7.46712889589448,-1.63958072880648,0.434934916185232,-3.76971511780905,0.00016343399061627,0.0013245619767408,"Down","COVID19_vs_OtherVirus"
"CREB5",13.1486554877395,-1.22317025733521,0.324522051678121,-3.7691437330996,0.000163808541527752,0.00132625110245035,"Down","COVID19_vs_OtherVirus"
"PPP1R36",4.88175389615532,1.00034834485019,0.265476575630709,3.76812282768677,0.000164479771138837,0.00133101065686907,"Up","COVID19_vs_OtherVirus"
"ABHD12B",4.95956648276528,1.08456361000481,0.288184744375998,3.76343172624628,0.000167597498000259,0.00135249525930587,"Up","COVID19_vs_OtherVirus"
"MGC27345",3.03643078216201,1.03437248862605,0.274864806807023,3.76320453914006,0.000167749890008904,0.0013526741130718,"Up","COVID19_vs_OtherVirus"
"FAM71A",2.20160870044122,-1.43897122280953,0.382806050993809,-3.75900856079417,0.000170588001490839,0.00137071365465664,"Down","COVID19_vs_OtherVirus"
"FBXL16",7.13896860965716,-1.13202436988074,0.301159845847904,-3.75888215340783,0.000170674198782029,0.00137071437254455,"Down","COVID19_vs_OtherVirus"
"USP45",3.86663923338378,1.06144388466952,0.282392283695938,3.75875668689452,0.000170759795001322,0.00137071437254455,"Up","COVID19_vs_OtherVirus"
"CD79B",7.52005270005,-1.87009121269321,0.497558522237952,-3.75853518553312,0.000170911007035543,0.00137123876297964,"Down","COVID19_vs_OtherVirus"
"COMTD1",14.4409521258399,-1.1355190487872,0.302171655364027,-3.75786090002135,0.000171372096246193,0.00137286848402746,"Down","COVID19_vs_OtherVirus"
"TP53",21.6776929150816,-1.03722905473536,0.276008366367757,-3.75796237043533,0.000171302634146827,0.00137286848402746,"Down","COVID19_vs_OtherVirus"
"NFAM1",21.8880207627747,-1.13246111507802,0.302136982765054,-3.74817112660002,0.000178128708114015,0.00141352035474571,"Down","COVID19_vs_OtherVirus"
"MOV10L1",4.6475049890161,-1.36691442500361,0.364876921318938,-3.74623426459137,0.000179508967008228,0.00142164690835981,"Down","COVID19_vs_OtherVirus"
"IL18R1",9.19592714100956,-1.14326319115244,0.305468137970539,-3.74265937766215,0.000182082972928437,0.0014377530889097,"Down","COVID19_vs_OtherVirus"
"IMMP2L",1.75607741659844,1.02482380836707,0.274030066519328,3.73982249971388,0.000184150246321099,0.00145071631673892,"Up","COVID19_vs_OtherVirus"
"MFAP2",2.07176699670943,1.31118285847254,0.351286372210365,3.73251842997016,0.000189574821309831,0.0014848881950122,"Up","COVID19_vs_OtherVirus"
"CD200",2.11229566070725,-1.43721590636281,0.385206218395855,-3.73102986848945,0.000190698610492237,0.00149176580848557,"Down","COVID19_vs_OtherVirus"
"DEXI",13.8224349449138,-1.03742558894272,0.278306494701573,-3.72763700701684,0.000193283492417809,0.00150681847653454,"Down","COVID19_vs_OtherVirus"
"MYH6",3.8242333478564,-1.42660265492165,0.382976933877733,-3.72503544920305,0.000195287776924216,0.00151873582385389,"Down","COVID19_vs_OtherVirus"
"CLCN1",23.5609307971971,-2.42804852965736,0.65195923586566,-3.72423365769709,0.000195909417205308,0.0015220874720681,"Down","COVID19_vs_OtherVirus"
"CAHM",1.48467555721193,-1.18259105824496,0.317710114585946,-3.72223295372942,0.000197468709482203,0.00153131145888946,"Down","COVID19_vs_OtherVirus"
"SNORD37",1.11255746111827,1.27968734243437,0.343796975412637,3.72221815185678,0.000197480288979919,0.00153131145888946,"Up","COVID19_vs_OtherVirus"
"C11orf91",2.84504809024226,1.1424037091845,0.307276014966472,3.71784211439072,0.000200931777873906,0.00155354807047689,"Up","COVID19_vs_OtherVirus"
"PRLR",2.28935480720356,-1.66028729163693,0.446947208419302,-3.71472795972659,0.000203422417621265,0.00156916241561571,"Down","COVID19_vs_OtherVirus"
"COL2A1",65.0555581241754,-1.24472320319901,0.33622221027475,-3.70208500557374,0.00021383494474489,0.00163745262724073,"Down","COVID19_vs_OtherVirus"
"RIIAD1",3.99723897736675,1.00882659760284,0.272678549050194,3.69969182070549,0.00021586143324573,0.00165138650848171,"Up","COVID19_vs_OtherVirus"
"ADGRA3",4.44096750768425,1.02428681631473,0.277016826588183,3.69756172911998,0.000217680295717447,0.00166100778109815,"Up","COVID19_vs_OtherVirus"
"BORA",1.24748328011665,1.20202346884609,0.325102560896989,3.6973669648421,0.000217847318903892,0.00166100778109815,"Up","COVID19_vs_OtherVirus"
"ZNF585A",12.6018102916062,-1.59447626841729,0.431220588097517,-3.69758845571795,0.000217657385284526,0.00166100778109815,"Down","COVID19_vs_OtherVirus"
"ADRA2B",2.89479194053506,-1.2563470685572,0.340175444587481,-3.69323267903928,0.000221421253603683,0.00168183241438459,"Down","COVID19_vs_OtherVirus"
"RAE1",11.8105973904273,-1.22178849868363,0.330918020226973,-3.69211836165832,0.000222393914602063,0.00168681294087246,"Down","COVID19_vs_OtherVirus"
"CENPV",2.44489103382833,1.29615851737816,0.351262696518641,3.68999762919424,0.000224256141931294,0.00169771150406593,"Up","COVID19_vs_OtherVirus"
"P2RX7",2.97831459335932,-1.1348119717675,0.307621567816194,-3.68898702332068,0.000225148701232254,0.00170285370150363,"Down","COVID19_vs_OtherVirus"
"FIG4",11.8843298986911,-1.00649735414404,0.272973067050898,-3.68716725432976,0.000226764321159936,0.00171344966949339,"Down","COVID19_vs_OtherVirus"
"CCDC122",4.07243494802668,1.00062368162542,0.271418208948348,3.68664904798575,0.000227226379758688,0.00171542180213439,"Up","COVID19_vs_OtherVirus"
"F2RL3",1.89232130216226,-1.35073265875157,0.366476847983614,-3.68572439482442,0.000228053042505493,0.00171830810601354,"Down","COVID19_vs_OtherVirus"
"FAM27E2",0.854156622887713,-1.42855692458702,0.387703188636137,-3.68466643158752,0.000229002349995027,0.00172200131107951,"Down","COVID19_vs_OtherVirus"
"LINC01426",1.21913352437669,-1.53886875960237,0.418042648095595,-3.6811286279348,0.000232203818039456,0.00174218334530919,"Down","COVID19_vs_OtherVirus"
"SH3GL3",0.88525389926603,-1.47635081323993,0.402022790559619,-3.67230626697764,0.000240371363624941,0.00179167562634725,"Down","COVID19_vs_OtherVirus"
"C1orf189",2.61334539906849,1.10620705945332,0.301711704830051,3.66643733651776,0.000245953153649115,0.00182645955867989,"Up","COVID19_vs_OtherVirus"
"GPER1",6.59786915365656,-1.11412951620097,0.304984732822912,-3.65306651873584,0.000259127068348818,0.00190789838817637,"Down","COVID19_vs_OtherVirus"
"PRSS36",2.70604270631929,-1.24698383713475,0.341407459375362,-3.65247976542817,0.000259720067377852,0.00191091732523262,"Down","COVID19_vs_OtherVirus"
"AIRE",5.99070448076725,1.30252108954805,0.356657665160661,3.65202045766018,0.000260185151873446,0.00191257648932387,"Up","COVID19_vs_OtherVirus"
"FHDC1",22.3858632008077,-1.06871299565288,0.292767350733749,-3.65038312152778,0.000261849441965396,0.00192303964600713,"Down","COVID19_vs_OtherVirus"
"FANCI",11.2725015881063,1.0417372215403,0.285509078415985,3.6487008655553,0.000263569783316406,0.00193389483475631,"Up","COVID19_vs_OtherVirus"
"C21orf62",2.835404748138,1.08356671881599,0.297204808940447,3.64585863424947,0.000266500458091202,0.00195091532044206,"Up","COVID19_vs_OtherVirus"
"EPB41L4A_AS1",2.1708874478252,1.00406990016306,0.275622592565668,3.64291581040782,0.000269567025584228,0.00196820346308162,"Up","COVID19_vs_OtherVirus"
"MIR155HG",1.84449065733424,-1.35267923473635,0.371504786801393,-3.6410815763176,0.000271495087691901,0.00197931076259767,"Down","COVID19_vs_OtherVirus"
"LMO7DN",1.28268436826697,-1.82493727454861,0.501766780998762,-3.63702290318241,0.000275807415416769,0.00200251987018833,"Down","COVID19_vs_OtherVirus"
"STON1_GTF2A1L",1.51480157858619,-1.02253198504163,0.281452801308801,-3.63304959228221,0.00028009115955665,0.00202808864103468,"Down","COVID19_vs_OtherVirus"
"JCHAIN",1.42287820242752,1.76220752686248,0.485220983901321,3.63176281597264,0.000281491783004829,0.00203638323853879,"Up","COVID19_vs_OtherVirus"
"NOXA1",6.41350969468488,-1.13182764325908,0.311691971589254,-3.63123771680136,0.00028206522346705,0.00203960749903755,"Down","COVID19_vs_OtherVirus"
"DUSP19",3.10619483015757,1.00643584292822,0.277193337848606,3.63080819596718,0.000282535100210971,0.00204208031234421,"Up","COVID19_vs_OtherVirus"
"SLC10A5",1.66162227154087,1.25319320069913,0.345311387359395,3.62916847394559,0.000284335636147265,0.00205137946982703,"Up","COVID19_vs_OtherVirus"
"TMEM144",2.85171101576682,1.04930737181363,0.289197103453408,3.6283467548031,0.000285241982950293,0.00205606027078301,"Up","COVID19_vs_OtherVirus"
"C2orf50",3.26406537408761,1.0128410607434,0.279494927076748,3.62382627597846,0.000290276615198668,0.00208482070996938,"Up","COVID19_vs_OtherVirus"
"PHACTR1",11.1910557928893,-1.03361220287754,0.285838486514093,-3.61607079397468,0.000299108606558117,0.0021386332343515,"Down","COVID19_vs_OtherVirus"
"C3AR1",7.43710436711988,-1.24643620472961,0.344940434054705,-3.61348244993492,0.000302111813161761,0.0021562437232636,"Down","COVID19_vs_OtherVirus"
"PVT1",12.1526757462206,-1.39699810234279,0.386799901411528,-3.61168164015761,0.000304217891221813,0.00216450216187499,"Down","COVID19_vs_OtherVirus"
"KRTAP5_1",1.0206630950223,-1.56713789009652,0.434749274108292,-3.60469351745523,0.000312521510945199,0.00221077467600844,"Down","COVID19_vs_OtherVirus"
"MMP13",2.77236249025805,-1.26231694473144,0.350175912323005,-3.60480804164242,0.00031238373402125,0.00221077467600844,"Down","COVID19_vs_OtherVirus"
"CISD1",2.57508701450396,1.05716348169015,0.293529454245609,3.60155843442402,0.000316315303122225,0.00223365330811563,"Up","COVID19_vs_OtherVirus"
"IL27",1.49955349175408,-1.38930995212967,0.386085324540436,-3.59845314965905,0.000320115501626105,0.00225649795513156,"Down","COVID19_vs_OtherVirus"
"SHC2",3.28075779155624,-1.49571460084646,0.416112933317543,-3.59449197822709,0.000325025158592485,0.00228605800973022,"Down","COVID19_vs_OtherVirus"
"TMEM150B",7.98548837058488,1.21016124000085,0.336754749467235,3.59359813607794,0.000326142730397279,0.00229217792499059,"Up","COVID19_vs_OtherVirus"
"ZSWIM5",17.560230154775,-1.21911250907536,0.339248633131498,-3.5935664583881,0.000326182402954944,0.00229217792499059,"Down","COVID19_vs_OtherVirus"
"LINC01001",0.9393859998955,-1.99727491092192,0.555830766953534,-3.59331478152753,0.000326497758960973,0.00229338461045794,"Down","COVID19_vs_OtherVirus"
"LOC148413",7.98232840448928,-1.19752202256297,0.333449159387638,-3.59131816305118,0.000329009690696775,0.00230494459046279,"Down","COVID19_vs_OtherVirus"
"PDE4B",23.217216955425,-1.00912878507222,0.280987756787634,-3.5913621170153,0.000328954198370673,0.00230494459046279,"Down","COVID19_vs_OtherVirus"
"TEK",35.0406964374902,-2.41700571092979,0.673845831467621,-3.58688233726342,0.000334655238081996,0.00233731650534434,"Down","COVID19_vs_OtherVirus"
"ATAD3C",2.48547765268437,-1.30388791080548,0.364524962809024,-3.57695094667246,0.000347625376058124,0.00241102812951521,"Down","COVID19_vs_OtherVirus"
"AADACP1",1.88651918883487,1.18002386541097,0.330037007254271,3.57542893516133,0.000349654147969165,0.00242404608183921,"Up","COVID19_vs_OtherVirus"
"LINC00877",1.3633114659363,-1.55321163439093,0.434528243785502,-3.5744779691643,0.000350927358013726,0.00243181692623574,"Down","COVID19_vs_OtherVirus"
"ECI2",3.00276499750426,1.05088408788874,0.294073158078081,3.57354644251386,0.000352178744654593,0.00243731505728445,"Up","COVID19_vs_OtherVirus"
"VTCN1",3.95417384567305,1.02631445960408,0.287233185625108,3.57310544521693,0.000352772622480048,0.00244036728358598,"Up","COVID19_vs_OtherVirus"
"PLAG1",2.41286902036642,1.1674148556235,0.327369307599649,3.56604858342789,0.000362404216191002,0.00249080745402735,"Up","COVID19_vs_OtherVirus"
"ALG10B",2.55442538753567,1.18024533430173,0.331242789193053,3.56308234566237,0.000366525641888419,0.00251538375870675,"Up","COVID19_vs_OtherVirus"
"SNHG18",1.04956583103525,1.04039575884899,0.292003063744173,3.562961790567,0.0003666940697734,0.00251538375870675,"Up","COVID19_vs_OtherVirus"
"IRAK1BP1",2.35267887043249,1.04821717214043,0.294467464066297,3.55970455161875,0.000371272251889274,0.00254299990290182,"Up","COVID19_vs_OtherVirus"
"ZNF860",2.41451859438439,1.1408764880825,0.320530317956018,3.55934033122898,0.000371787486904163,0.00254543697080268,"Up","COVID19_vs_OtherVirus"
"ZFR2",5.8000166517349,1.07383118883991,0.301978360137396,3.55598721826071,0.000376562385698772,0.00257371363444632,"Up","COVID19_vs_OtherVirus"
"KLK6",2.9666791576249,-1.94269366979222,0.546992399410777,-3.5515917074623,0.000382908528922707,0.00260815596108359,"Down","COVID19_vs_OtherVirus"
"LOC100288181",6.84642427013567,1.11339855755888,0.313641978828211,3.54990285968293,0.000385373324019459,0.00261712909029974,"Up","COVID19_vs_OtherVirus"
"SPP1",2.11601878764879,-1.40895912829482,0.396875073213063,-3.55013258174171,0.000385037186224059,0.00261712909029974,"Down","COVID19_vs_OtherVirus"
"AQP1",6.66410765789773,-1.30075142254107,0.367292846556135,-3.54145591110026,0.000397925354430439,0.0026841048622038,"Down","COVID19_vs_OtherVirus"
"TAGAP",25.7367785338304,-1.01468782160631,0.286691319915867,-3.53930430089087,0.000401183105170395,0.00270379462100064,"Down","COVID19_vs_OtherVirus"
"OLFM2",10.0274747286967,-1.26484504691234,0.357525856123209,-3.53777223451066,0.000403517974473643,0.00271723660077865,"Down","COVID19_vs_OtherVirus"
"SLC26A8",2.85861043967025,-1.13714700170784,0.321491799932055,-3.53709488686233,0.000404554293900571,0.00272077247532288,"Down","COVID19_vs_OtherVirus"
"ZDBF2",10.6560908010294,-1.15086581561186,0.325433807194812,-3.53640522332987,0.000405612010299826,0.00272329745855636,"Down","COVID19_vs_OtherVirus"
"OSM",23.887301428034,-1.29761534434493,0.367096240696463,-3.53480967792824,0.000408068960306787,0.00273519270371879,"Down","COVID19_vs_OtherVirus"
"BMP8B",3.36497750248596,1.14801738987322,0.32525745631216,3.52956517243199,0.000416243169944456,0.00278297255080954,"Up","COVID19_vs_OtherVirus"
"BCL2L14",8.19071325720072,-1.01250387376775,0.287025028919681,-3.52758042592545,0.000419376335984549,0.00279923184796376,"Down","COVID19_vs_OtherVirus"
"CD80",1.11624174675993,-1.54337818574689,0.438086515037032,-3.52299861504851,0.000426693590039644,0.00283976234204792,"Down","COVID19_vs_OtherVirus"
"GSTA4",1.95076728181332,1.13221522310611,0.321673117646959,3.51976948334468,0.000431922011179211,0.00286200313076887,"Up","COVID19_vs_OtherVirus"
"GRB10",11.5965885859319,-1.10102489554079,0.313020298426199,-3.51742331432343,0.000435758240827258,0.00287968380506954,"Down","COVID19_vs_OtherVirus"
"CD109",10.0364916426812,-1.40894633135673,0.400898918564499,-3.51446777756785,0.000440636126187755,0.00290830772662823,"Down","COVID19_vs_OtherVirus"
"AQP4_AS1",6.71036767438277,1.16319573306713,0.331026046102304,3.51390999821097,0.000441562396188831,0.00291081140278731,"Up","COVID19_vs_OtherVirus"
"P2RY14",1.52489750076375,-1.5934824839793,0.454328894967932,-3.50733246691645,0.000452623260194115,0.00297145681425133,"Down","COVID19_vs_OtherVirus"
"TRAF5",4.05932246358275,1.01619303131671,0.290751953506998,3.49505143150225,0.000473970413145743,0.00308496193081326,"Up","COVID19_vs_OtherVirus"
"MT3",1.51147408534305,1.29463239437094,0.370503262036545,3.49425370037158,0.000475389029897048,0.00309167464412883,"Up","COVID19_vs_OtherVirus"
"INHBA",6.96322031893669,-1.19693109629225,0.342718722115226,-3.49245903143227,0.000478595006160207,0.0031071253679298,"Down","COVID19_vs_OtherVirus"
"FKTN",3.35745968207533,1.02135185117093,0.29261039602048,3.49048381418221,0.000482146817783206,0.00312417049217803,"Up","COVID19_vs_OtherVirus"
"RASGRP4",6.808871620727,-1.0801769282407,0.310070627321805,-3.48364802422788,0.000494629513342407,0.00319468236651491,"Down","COVID19_vs_OtherVirus"
"TREML2",10.5551452340277,-1.26007851397169,0.36174068988501,-3.48337510599718,0.000495134084955213,0.00319535602279504,"Down","COVID19_vs_OtherVirus"
"SCARNA9L",1.22063342484389,1.56747073823674,0.450093158545771,3.48254735375486,0.000496667371325201,0.0031987863051949,"Up","COVID19_vs_OtherVirus"
"PADI2",5.24758616623963,-1.01774146718261,0.292590806783346,-3.47837814308437,0.000504457740379686,0.0032463411055631,"Down","COVID19_vs_OtherVirus"
"FCGR2A",22.5987937958801,-1.00608200218391,0.289485039384993,-3.47541967737373,0.00051005471243598,0.00327312441268202,"Down","COVID19_vs_OtherVirus"
"MYH7",3.43494469171867,-1.16945589708234,0.336522466577763,-3.47511983070559,0.000510625196521901,0.00327415336854163,"Down","COVID19_vs_OtherVirus"
"GTSE1",2.29827726562515,-1.30143323910016,0.374705726870868,-3.47321416720344,0.000514264810682095,0.00328824668295968,"Down","COVID19_vs_OtherVirus"
"FCN3",0.846217436264198,-1.4759749470328,0.425119986666248,-3.47190203548712,0.000516784883797281,0.0033030374118124,"Down","COVID19_vs_OtherVirus"
"SNAI3_AS1",3.53893133648334,-1.19775286337708,0.345540350348833,-3.46631836822506,0.000527638097616159,0.00335736194620216,"Down","COVID19_vs_OtherVirus"
"UCHL1",1.29840024629835,-1.40561460265314,0.405973103631071,-3.46233430264508,0.000535511541188767,0.00339824215684414,"Down","COVID19_vs_OtherVirus"
"CARD17",1.27589460196858,-1.58872713462348,0.459047323553883,-3.4609223343767,0.000538328095315553,0.00341204699079322,"Down","COVID19_vs_OtherVirus"
"PXDN",7.22911508656937,-1.26959562792623,0.367117982824932,-3.45827686826135,0.00054364238680544,0.00343945172820321,"Down","COVID19_vs_OtherVirus"
"SYNGR3",10.6988864303201,1.18255018032202,0.342185638618645,3.45587320699899,0.00054851327234251,0.00346279724896662,"Up","COVID19_vs_OtherVirus"
"SERPINE2",1.18301387930756,-1.19870258137426,0.347068783380126,-3.45378967736601,0.000552768291021599,0.00348145898794905,"Down","COVID19_vs_OtherVirus"
"STARD8",4.10441971090464,-1.11468014632484,0.322885396276656,-3.45224701760669,0.000555938524375982,0.00349702549123835,"Down","COVID19_vs_OtherVirus"
"VGLL3",2.5975473144968,-1.27054203602891,0.368058047879942,-3.45201536373781,0.00055641604310636,0.00349753485993549,"Down","COVID19_vs_OtherVirus"
"RNF138P1",2.38720787610238,1.09410005114099,0.317420725569465,3.44684503249789,0.000567173815168472,0.00355117534626659,"Up","COVID19_vs_OtherVirus"
"CST7",3.29473460652579,-1.3255495516005,0.384770673000359,-3.44503790079465,0.000570979325121882,0.00356910724643077,"Down","COVID19_vs_OtherVirus"
"MMP28",2.70708807212541,-1.38516377246321,0.402242830108648,-3.44360090169679,0.000574022355249275,0.00358421623930775,"Down","COVID19_vs_OtherVirus"
"ADGRE3",3.1844415395305,-1.70558529755997,0.495559363790847,-3.44173760437673,0.000577990613911187,0.00360617356065104,"Down","COVID19_vs_OtherVirus"
"AADACL2",3.00233492801032,1.26552206372398,0.367821137422147,3.44059091490315,0.000580445395672455,0.00361724870698923,"Up","COVID19_vs_OtherVirus"
"FOXI2",1.86360537772208,1.06966468858537,0.311504668490048,3.43386406942258,0.000595042515083182,0.00369236253238169,"Up","COVID19_vs_OtherVirus"
"MIR1268A",1.13474707028563,-1.07425918390156,0.314150876119341,-3.41956450089117,0.000627214608598509,0.00385551052594253,"Down","COVID19_vs_OtherVirus"
"SH2D4B",1.78089299052713,-1.10159416696712,0.322918384322713,-3.41137024229076,0.000646372578661517,0.00394494823811536,"Down","COVID19_vs_OtherVirus"
"RP9",7.21065811872848,-1.09313289966179,0.320635842266416,-3.40926607560456,0.000651379145557996,0.00396640710830624,"Down","COVID19_vs_OtherVirus"
"GCSAML_AS1",12.1434664920706,-3.45739887530402,1.01708906479676,-3.39930788263355,0.000675566220266972,0.00408718843227831,"Down","COVID19_vs_OtherVirus"
"FAM157A",2.20025902512497,-1.29198984469937,0.38091508179061,-3.39180543502233,0.000694337263432983,0.0041833165086683,"Down","COVID19_vs_OtherVirus"
"EPHA10",5.16817817497225,-1.63450511543941,0.482049218308269,-3.39074321326697,0.000697033768080739,0.00419797855193402,"Down","COVID19_vs_OtherVirus"
"RNLS",5.91764125346677,1.05549649480165,0.311438799940297,3.38909761726539,0.000701230422029061,0.00421371656684832,"Up","COVID19_vs_OtherVirus"
"FST",2.86459805501467,-1.39039032623415,0.410768542691791,-3.38485103343804,0.000712168926761384,0.00426634544027502,"Down","COVID19_vs_OtherVirus"
"CLEC4D",1.17472785708364,-1.63542338978801,0.483587993265979,-3.38185276012118,0.000719987244220099,0.0042979515039262,"Down","COVID19_vs_OtherVirus"
"TMEM132C",5.66164482600927,-2.22156322850084,0.657051937207791,-3.38110749348309,0.000721942941945761,0.00430576802805604,"Down","COVID19_vs_OtherVirus"
"CTLA4",1.12558547823479,-1.75551513472485,0.519392037580364,-3.37994233200623,0.000725010401945581,0.00432083466870591,"Down","COVID19_vs_OtherVirus"
"LILRA1",2.75109799020414,-1.51239120675886,0.448340258683343,-3.37331117932696,0.000742699658968185,0.00439508626949075,"Down","COVID19_vs_OtherVirus"
"SCN1B",1.55765396981499,-1.45053719110245,0.429997447811679,-3.37336232687996,0.000742561696986217,0.00439508626949075,"Down","COVID19_vs_OtherVirus"
"KIF18A",1.17582485898047,1.06765040160447,0.316661944710295,3.37157785909903,0.000747389098082161,0.00441465569366622,"Up","COVID19_vs_OtherVirus"
"IL10",0.671629431277051,-1.32438331998195,0.39328354041361,-3.36750253669177,0.000758523286145817,0.00446525585840774,"Down","COVID19_vs_OtherVirus"
"ESR1",11.603387705133,-1.07307776983919,0.31920528219548,-3.36171683143401,0.000774595138207001,0.0045434188011069,"Down","COVID19_vs_OtherVirus"
"CHTF18",19.4308453992836,-1.03722102877928,0.308835069628232,-3.35849497282762,0.000783681466880254,0.00458324479861177,"Down","COVID19_vs_OtherVirus"
"FADS3",8.10662971741803,-1.25038219134133,0.37237634179104,-3.35784541339897,0.000785525305557467,0.00459066509097017,"Down","COVID19_vs_OtherVirus"
"GRIN2C",42.6990142215186,-1.36092468322424,0.405290766189096,-3.35789708712307,0.000785378477287085,0.00459066509097017,"Down","COVID19_vs_OtherVirus"
"ETV2",2.58573807769001,1.15600517884578,0.344404634091237,3.35653201036645,0.000789265838669688,0.00460578157171062,"Up","COVID19_vs_OtherVirus"
"TBX2",3.50672205201026,-1.34361445804827,0.400877353746221,-3.35168461249338,0.000803214655912207,0.00467011114213193,"Down","COVID19_vs_OtherVirus"
"BPI",1.47073927141665,-1.22465566712793,0.366662384667718,-3.34000900648087,0.000837756729447469,0.00483398046344716,"Down","COVID19_vs_OtherVirus"
"DSG3",6.93829667734279,-1.19351657153195,0.357363444760325,-3.33978359855023,0.000838436953394475,0.00483615765819949,"Down","COVID19_vs_OtherVirus"
"EFTUD1P1",2.24232489285234,-1.06746489582681,0.319714987139514,-3.33880155377577,0.000841406497683911,0.004848031808741,"Down","COVID19_vs_OtherVirus"
"CYP24A1",6.54370451294651,-1.06592434909516,0.319570540603307,-3.33549002070979,0.00085149209905042,0.00489554297927224,"Down","COVID19_vs_OtherVirus"
"GPAM",2.87408618589108,1.01994639983187,0.306360924797043,3.32923136495806,0.000870860287518768,0.00498535509161874,"Up","COVID19_vs_OtherVirus"
"GJA3",8.65258889749366,-1.25035009606719,0.37592456854863,-3.32606645235915,0.000880809266601977,0.00503689138630629,"Down","COVID19_vs_OtherVirus"
"SNCA_AS1",7.24942930351766,-2.29762070680801,0.690921288206922,-3.32544494723963,0.000882775318600326,0.0050445206645572,"Down","COVID19_vs_OtherVirus"
"SLC6A4",45.5028251861131,-1.22818119909759,0.369505199297674,-3.32385363299898,0.000887827796404229,0.00506071352994999,"Down","COVID19_vs_OtherVirus"
"PALM",1.63836081850075,1.00591792999726,0.30293351090493,3.32058981191074,0.000898274520198522,0.00511113720224148,"Up","COVID19_vs_OtherVirus"
"MYRFL",9.91592967137924,-1.09538522499518,0.329934881804263,-3.32000429601445,0.000900160628977976,0.00511701577245671,"Down","COVID19_vs_OtherVirus"
"TMEM212",4.59920288953565,1.01594869980658,0.306154614737478,3.31841707066132,0.000905291998713755,0.00513824815196012,"Up","COVID19_vs_OtherVirus"
"FJX1",7.46963489472698,1.02638646643321,0.309898707693164,3.31200628125707,0.000926294661343572,0.00523697612004655,"Up","COVID19_vs_OtherVirus"
"PDGFRB",13.9456721155119,-1.6436090581943,0.496422796930388,-3.31090568031422,0.000929945476288658,0.00525575556616804,"Down","COVID19_vs_OtherVirus"
"CDK1",3.06629168058206,1.09688686624538,0.331374608298053,3.31011139290065,0.00093258849284879,0.00526696422950965,"Up","COVID19_vs_OtherVirus"
"CD86",5.14289991736939,-1.02638737703349,0.310200508025528,-3.3087868990499,0.000937011271779751,0.0052807235049473,"Down","COVID19_vs_OtherVirus"
"CHRNA2",2.85578258907265,-1.04133466926829,0.314896381535438,-3.30691214738872,0.000943304708824148,0.00530683685027708,"Down","COVID19_vs_OtherVirus"
"SPTB",5.41469372794127,-1.00347973783205,0.303863630000124,-3.3024015997954,0.000958607150064773,0.00536645222928968,"Down","COVID19_vs_OtherVirus"
"C2CD4A",1.33481831578605,-1.2617884644636,0.382208843556996,-3.30130630343575,0.000962357576828438,0.00538555145437123,"Down","COVID19_vs_OtherVirus"
"NOL4",2.76040214020909,1.21166863435982,0.367398474647451,3.29796860349656,0.000973870230878149,0.00543664758958061,"Up","COVID19_vs_OtherVirus"
"HSD11B1",4.85725292232373,-1.26745898664512,0.385204046430938,-3.29035740509117,0.00100060201818539,0.00555094225932866,"Down","COVID19_vs_OtherVirus"
"CMTM2",1.42433289835338,-1.24929501529973,0.379836724711828,-3.28903166550717,0.00100532712448597,0.00556748278513458,"Down","COVID19_vs_OtherVirus"
"TMEM217",2.33701080686396,-1.14400194813233,0.347846632994867,-3.28881133125474,0.00100611442290139,0.00556991084467534,"Down","COVID19_vs_OtherVirus"
"LYPD5",8.84525600711085,-1.50311566080783,0.458383765981606,-3.279164255717,0.00104115016595475,0.00572811976210668,"Down","COVID19_vs_OtherVirus"
"LINC00959",1.46283939766714,1.04376558520829,0.318333377505137,3.27884431531674,0.00104233122185135,0.00573178896991189,"Up","COVID19_vs_OtherVirus"
"AFF2",4.13570971980745,-1.25962639236561,0.384569924185728,-3.27541576485131,0.00105506573163282,0.00578872146778335,"Down","COVID19_vs_OtherVirus"
"NCF1B",1.16285939927323,-1.47725998179052,0.451196369965597,-3.27409544962243,0.00106000799306835,0.00580633149939889,"Down","COVID19_vs_OtherVirus"
"LINC01225",1.51966653403531,-1.3760338026152,0.420314611102919,-3.27381862601551,0.00106104692359145,0.00580955939028159,"Down","COVID19_vs_OtherVirus"
"CR1",9.06885893024684,-1.17506368067882,0.35912753744044,-3.27199548398236,0.00106791281844246,0.00583914248604529,"Down","COVID19_vs_OtherVirus"
"CD163L1",2.8077114204527,-1.45460182527873,0.446595655933902,-3.25708906020801,0.00112561110381862,0.00610860193187221,"Down","COVID19_vs_OtherVirus"
"ZNF850",3.20747991806226,-1.06819192073967,0.328276950288985,-3.25393519039131,0.00113818242995937,0.00616216367471393,"Down","COVID19_vs_OtherVirus"
"BEAN1",1.40420109367346,-1.24815150078428,0.383699559442332,-3.25293962442475,0.00114217762718967,0.00618169762566449,"Down","COVID19_vs_OtherVirus"
"FNDC1",2.68969185069395,-1.23796542277671,0.381190161941739,-3.24763214368035,0.00116369613245084,0.00628963183842591,"Down","COVID19_vs_OtherVirus"
"BTNL8",1.05639723192199,-1.42486583431208,0.43882496822343,-3.24700264909858,0.00116627304221386,0.00629929478754619,"Down","COVID19_vs_OtherVirus"
"ACHE",31.2331358029501,-1.25597723451968,0.386912946848456,-3.24614941099816,0.0011697742907126,0.00631180004241884,"Down","COVID19_vs_OtherVirus"
"SLC38A5",2.14795472306515,-1.16447580834174,0.358828417086938,-3.24521624512144,0.00117361464051456,0.00632824429262259,"Down","COVID19_vs_OtherVirus"
"SERPINB7",4.08873762404607,1.26366419238333,0.389591063066376,3.24356565686425,0.00118043601118795,0.00634787516154488,"Up","COVID19_vs_OtherVirus"
"SNORD116_18",5.6400940274538,1.7081193530467,0.526749563135725,3.24275419020439,0.00118380296716482,0.00635955524015934,"Up","COVID19_vs_OtherVirus"
"LOC100129203",1.76916971493824,-1.08584535671852,0.334936618451386,-3.24194279424877,0.00118717850004438,0.00637554387208495,"Down","COVID19_vs_OtherVirus"
"C17orf107",6.39492334006287,-1.05193818451248,0.324510242711233,-3.24161781681741,0.00118853294893998,0.00638067150732205,"Down","COVID19_vs_OtherVirus"
"MIR4459",1.59970837438303,-1.07165482460931,0.330908318660182,-3.23852488492384,0.00120149538974289,0.00643511418739851,"Down","COVID19_vs_OtherVirus"
"SLC25A40",1.56424823790577,1.00142855532504,0.309937402455704,3.23106713610715,0.00123328968389942,0.00656794632859842,"Up","COVID19_vs_OtherVirus"
"KRT6B",2.10316719411854,-1.11510562162176,0.345136784739282,-3.23090922477046,0.00123397122416992,0.00656938464991562,"Down","COVID19_vs_OtherVirus"
"EGF",4.00441863105048,-1.31200361905189,0.406110610912435,-3.23065584547058,0.00123506552796014,0.00657301873980386,"Down","COVID19_vs_OtherVirus"
"MMP8",1.44548162412856,-1.74042601850018,0.53987071733677,-3.2237829587903,0.00126509244236283,0.00669266598236081,"Down","COVID19_vs_OtherVirus"
"PDGFB",5.33140495127762,-1.2856333025074,0.398852985934044,-3.22332625766026,0.00126711140890442,0.0066978952501089,"Down","COVID19_vs_OtherVirus"
"HCAR3",35.6590293118185,-1.12530721322893,0.349608607713286,-3.21876289199319,0.00128744894852242,0.00677908382852512,"Down","COVID19_vs_OtherVirus"
"PLD4",34.1121040112739,1.11512316527993,0.346516797239193,3.21809267015183,0.00129046117318286,0.00678416301976867,"Up","COVID19_vs_OtherVirus"
"C19orf38",1.7586896832405,-1.04311584144492,0.325341721595729,-3.20621602519549,0.00134492979425786,0.00701507647668114,"Down","COVID19_vs_OtherVirus"
"ZNF630",7.45406215490949,-1.2756856866589,0.398291040880808,-3.20289827217244,0.00136052030855626,0.0070848229766501,"Down","COVID19_vs_OtherVirus"
"MAB21L3",1.79151694639582,-1.3912260526055,0.434771671039792,-3.19990041963468,0.00137475076823894,0.00714261983914834,"Down","COVID19_vs_OtherVirus"
"BLACAT1",13.4300334129706,-1.69343380351534,0.529251029000198,-3.19967975634245,0.0013758036367322,0.00714576475734102,"Down","COVID19_vs_OtherVirus"
"EVPLL",2.13593011628775,1.01223601973622,0.316393125343816,3.19929840016672,0.00137762498549531,0.00715057234018797,"Up","COVID19_vs_OtherVirus"
"MIR6723",6.54754521341263,-1.22427452643352,0.382930421931753,-3.19712004143592,0.0013880714788552,0.00719543806214353,"Down","COVID19_vs_OtherVirus"
"CNTNAP1",8.49409942778676,-1.06297562090283,0.333220343038495,-3.19000818260377,0.00142268765502628,0.00732493747183152,"Down","COVID19_vs_OtherVirus"
"FSIP2",2.60798491342374,1.02080422111078,0.320345938950896,3.18656832190171,0.00143971479316389,0.00738877736665207,"Up","COVID19_vs_OtherVirus"
"DNM3",9.25420483870135,-1.12711765615589,0.353928214875215,-3.18459396223407,0.00144957242472194,0.00742981487419278,"Down","COVID19_vs_OtherVirus"
"ARC",8.77761326376844,-1.15470376571903,0.363014874772688,-3.18087176577016,0.00146832608402699,0.00749705604655417,"Down","COVID19_vs_OtherVirus"
"VWA5B1",1.94332116477487,1.19377139121352,0.376983141780894,3.16664396602476,0.00154208993097773,0.00780628022764439,"Up","COVID19_vs_OtherVirus"
"CARD8_AS1",3.7477259800655,-1.14989900929692,0.36346507900135,-3.1637124877481,0.00155770595204252,0.00787038210212193,"Down","COVID19_vs_OtherVirus"
"PRMT8",5.16947278555436,-1.16492797082062,0.368347698083584,-3.16257703490867,0.00156379354993008,0.00789861683586956,"Down","COVID19_vs_OtherVirus"
"LINC01272",5.08913945123061,-1.20364943612133,0.381445397535518,-3.15549602616256,0.00160225448918095,0.00804932410886568,"Down","COVID19_vs_OtherVirus"
"CCER2",1.72106908383358,-1.0119424499046,0.320821901571472,-3.15421872680085,0.00160928423098446,0.0080798213936786,"Down","COVID19_vs_OtherVirus"
"CCDC177",6.97795608959331,-1.50437505585826,0.478268271479837,-3.14546279895066,0.00165824282638054,0.00829173346883547,"Down","COVID19_vs_OtherVirus"
"HSPA6",10.210298297889,-1.10765884776696,0.35244013522319,-3.14282834747384,0.00167323931070482,0.00835102808212351,"Down","COVID19_vs_OtherVirus"
"RSPH6A",2.85156501987499,-1.23949805685283,0.394408010503234,-3.14267972212666,0.00167408905983407,0.0083526581029096,"Down","COVID19_vs_OtherVirus"
"ALDH1A2",6.3660208907844,1.11345705264934,0.354360609405131,3.1421580816178,0.00167707462522866,0.00836232775340436,"Up","COVID19_vs_OtherVirus"
"FAM157B",0.698785392657322,-1.56462241506479,0.498688920498047,-3.13747178000703,0.00170411677725221,0.00846017676169426,"Down","COVID19_vs_OtherVirus"
"ALDH1B1",4.31142424887766,1.20913006282368,0.386492578502131,3.12846903169451,0.00175719527000737,0.00866066458114832,"Up","COVID19_vs_OtherVirus"
"POSTN",3.22082387599072,1.2725659948774,0.407053881661566,3.12628389559357,0.00177030562028683,0.00871560269303101,"Up","COVID19_vs_OtherVirus"
"LRFN1",3.44675632944116,-1.01171555437041,0.323696490454461,-3.12550671448426,0.00177499017820534,0.00873327987218075,"Down","COVID19_vs_OtherVirus"
"FAM186A",1.73650888444425,-1.09298913142369,0.351121713564628,-3.11284973044687,0.00185290334510337,0.00904969556681567,"Down","COVID19_vs_OtherVirus"
"RGS16",2.38219456030783,-1.20885642812902,0.388433070705902,-3.11213570443979,0.00185739096629522,0.00906606669760608,"Down","COVID19_vs_OtherVirus"
"IL18RAP",17.3852796413366,-1.09358471997036,0.35323959174127,-3.09587244900724,0.00196234754463672,0.00947696336892614,"Down","COVID19_vs_OtherVirus"
"LOC101927697",5.39302335644254,3.04549717476125,0.984064359829473,3.09481503352992,0.00196935668868824,0.00949579779218103,"Up","COVID19_vs_OtherVirus"
"C3orf20",3.17752100636439,-1.28115694638177,0.41404935794615,-3.09421309753219,0.00197335691624837,0.00950139219687019,"Down","COVID19_vs_OtherVirus"
"PDZD3",1.47586459673922,-1.17468059325061,0.379930873915626,-3.09182715567222,0.00198928642304513,0.00956079079781412,"Down","COVID19_vs_OtherVirus"
"VSIG1",8.0558169400521,-1.3727506120986,0.44442001183848,-3.08885868217273,0.00200926988910835,0.00965102378143919,"Down","COVID19_vs_OtherVirus"
"LINC01366",2.35115089993782,-1.28091468889674,0.415087508115143,-3.08589071907561,0.00202943394641887,0.00972739189088072,"Down","COVID19_vs_OtherVirus"
"TIFAB",2.79257363401443,1.29558383545422,0.419897356462131,3.0854774756627,0.00203225616224536,0.00973799576422853,"Up","COVID19_vs_OtherVirus"
"NANOS3",5.18117333838633,-2.25591930336824,0.73189539163741,-3.08229745554382,0.00205409465390808,0.00981025284005277,"Down","COVID19_vs_OtherVirus"
"SPRR1A",20.1899891351071,-1.082628729387,0.351405257052209,-3.08085524521948,0.00206406968565339,0.0098549451558439,"Down","COVID19_vs_OtherVirus"
"NLRC4",1.3844616624709,-1.03310263313196,0.335591885337958,-3.07844938530492,0.00208080873331655,0.00992892774540708,"Down","COVID19_vs_OtherVirus"
"TEX14",1.76897383809714,-1.06698950541374,0.346610810178567,-3.07835034015255,0.0020815005125674,0.00992926118423997,"Down","COVID19_vs_OtherVirus"
"CA2",7.54719693294147,-1.22897637737332,0.400981415467633,-3.06492104114118,0.00217727470073223,0.0102938607852801,"Down","COVID19_vs_OtherVirus"
"TMPRSS11A",1.9364210070758,-1.17095011731258,0.382048982624182,-3.06492143826604,0.00217727180977326,0.0102938607852801,"Down","COVID19_vs_OtherVirus"
"GPX7",4.56483792503355,-1.64076277189775,0.537201710541369,-3.05427689395155,0.00225603748913603,0.0105754241196553,"Down","COVID19_vs_OtherVirus"
"TREML3P",2.36820035717902,-1.40000937433674,0.459411656450898,-3.04739628322072,0.00230833170584905,0.0107573917149988,"Down","COVID19_vs_OtherVirus"
"CYB561D2",5.60565663359187,-1.01570775420019,0.333392820943152,-3.0465795613919,0.00231461214393115,0.0107772229483828,"Down","COVID19_vs_OtherVirus"
"GSTA2",27.6662722749602,1.01180843624447,0.332490700045797,3.0431180063235,0.002341404963561,0.010886101237104,"Up","COVID19_vs_OtherVirus"
"DPCR1",1.33132995261419,-1.09564675297914,0.361442680508185,-3.03131537049988,0.0024349078156035,0.0112325160889701,"Down","COVID19_vs_OtherVirus"
"EFNA5",9.47110767580818,-1.05943888198188,0.349525594223463,-3.03107669221084,0.00243683344052718,0.0112381521408021,"Down","COVID19_vs_OtherVirus"
"NCAM1",2.6649825434297,-1.30664724111297,0.431633515179725,-3.02721451222087,0.00246818735918337,0.0113499652582724,"Down","COVID19_vs_OtherVirus"
"COL4A2",8.14458688716377,-1.01061738763856,0.333981239824608,-3.02597052507887,0.0024783646105744,0.0113832423681971,"Down","COVID19_vs_OtherVirus"
"PIP",2.82857110206278,-1.0611869753935,0.351073545029219,-3.02269137170441,0.00250537614579393,0.0114681294563492,"Down","COVID19_vs_OtherVirus"
"FLJ38122",6.16804289383501,1.0918840837902,0.361286967731149,3.02220722393377,0.00250938697906997,0.0114766177335523,"Up","COVID19_vs_OtherVirus"
"THBD",9.77340025783828,-1.12798928688109,0.374269202403352,-3.01384479310016,0.00257959736253268,0.0117305187952711,"Down","COVID19_vs_OtherVirus"
"SNORD116_27",0.926677655405608,1.40853747647661,0.467722085471136,3.01148378541456,0.00259974286892272,0.0118086755747426,"Up","COVID19_vs_OtherVirus"
"ATP11A_AS1",1.88648429941572,-1.18253855043757,0.393109199087074,-3.00816809472738,0.00262827718618142,0.0119247154176109,"Down","COVID19_vs_OtherVirus"
"PRR25",12.2548893064287,1.10112703167248,0.36623809954292,3.00658788107171,0.00264197674521876,0.0119633562917246,"Up","COVID19_vs_OtherVirus"
"CAMK2B",9.36038833837175,-1.32963121771661,0.442480884945667,-3.00494611847443,0.00265627900597146,0.0120131122488262,"Down","COVID19_vs_OtherVirus"
"NEU2",29.3271177046012,-3.20500830558435,1.06708954540424,-3.00350455066096,0.00266889557524125,0.012040572691241,"Down","COVID19_vs_OtherVirus"
"NIPAL4",1.34536369560148,-1.18812342558115,0.396286429783999,-2.99814310126327,0.0027163009704528,0.0121973131648249,"Down","COVID19_vs_OtherVirus"
"KIF5C",4.17096685188501,-1.04386475835555,0.349061207932403,-2.99049202441796,0.00278528402751134,0.0124425978688433,"Down","COVID19_vs_OtherVirus"
"LOC100506985",1.30753989081901,1.00442053503415,0.335956779156068,2.98973140996673,0.00279222853732975,0.0124676409781027,"Up","COVID19_vs_OtherVirus"
"CAPNS2",0.746459242014855,-1.19128295915167,0.399571384786284,-2.98140208360727,0.00286931787557441,0.0127573180733559,"Down","COVID19_vs_OtherVirus"
"MIR34B",0.990057110781134,1.02901341709832,0.346271688528059,2.97169376298846,0.00296161927807712,0.0130694343266388,"Up","COVID19_vs_OtherVirus"
"KDR",6.06523823558305,-1.41343293718058,0.476265916271875,-2.96773900648755,0.00299998944869552,0.0131986309004885,"Down","COVID19_vs_OtherVirus"
"PIK3CD_AS2",1.25511678090522,-1.15070282678708,0.387841528341268,-2.9669407288808,0.00300778935970438,0.0132220167723128,"Down","COVID19_vs_OtherVirus"
"GPX8",1.57070024525225,1.09756466659954,0.371813334949861,2.95192389145362,0.00315800758749531,0.0137839985722932,"Up","COVID19_vs_OtherVirus"
"CHI3L1",3.41269870116393,-1.07613073366684,0.364723513704546,-2.95053840301229,0.00317220606361691,0.0138267654959617,"Down","COVID19_vs_OtherVirus"
"CHMP1B2P",5.12686001318041,-1.14995417244244,0.38977721910177,-2.95028574294946,0.00317480158633142,0.0138343018906571,"Down","COVID19_vs_OtherVirus"
"TMC7",2.25655786312624,-1.05900201567799,0.35918082777684,-2.9483812436001,0.00319442846971883,0.0138824568374283,"Down","COVID19_vs_OtherVirus"
"CPEB1",1.12062403518056,-1.14132324514242,0.387159979932286,-2.94793703972719,0.00319902210255479,0.013894338109192,"Down","COVID19_vs_OtherVirus"
"PCDHB15",1.84975510598292,-1.37733996786366,0.467569011343399,-2.94574690462558,0.00322175901925163,0.0139589157398566,"Down","COVID19_vs_OtherVirus"
"ZNF85",1.14290466624836,1.04650233413867,0.356728477991006,2.93361029103219,0.00335044594172667,0.0143413458191979,"Up","COVID19_vs_OtherVirus"
"KLHL13",0.972507618160586,1.01449782377224,0.346040586261124,2.93173073925697,0.00337078860258161,0.0144052491511825,"Up","COVID19_vs_OtherVirus"
"TMEM132B",2.57733259554624,-1.17694069804426,0.401815277420082,-2.92905910795874,0.00339989762682581,0.0145063510181456,"Down","COVID19_vs_OtherVirus"
"LOC101927954",2.09045629885738,-1.02161700131678,0.349613754646285,-2.92213045894141,0.00347645890753161,0.0147424018373572,"Down","COVID19_vs_OtherVirus"
"SNORD58C",0.635677437706398,1.3626781476785,0.466714824541568,2.91972330001943,0.00350342299828408,0.0148331083507302,"Up","COVID19_vs_OtherVirus"
"RNU6_34P",1.6023783199642,1.0768778474939,0.36924335728005,2.91644474101438,0.0035404543210195,0.0149621211459495,"Up","COVID19_vs_OtherVirus"
"NPAS3",9.23960861509175,-1.15188003127893,0.395075225366016,-2.91559672012278,0.00355009050997057,0.0149830148247925,"Down","COVID19_vs_OtherVirus"
"SHH",2.75345825069632,-1.22477677834855,0.420361615105557,-2.91362658800566,0.00357256959216391,0.0150739022485436,"Down","COVID19_vs_OtherVirus"
"PAMR1",2.61155728297414,1.06407402543343,0.365358305060096,2.9124123105903,0.00358648883709863,0.0151166527912135,"Up","COVID19_vs_OtherVirus"
"PRSS21",2.01414764165335,-1.27632355860327,0.438458113173064,-2.91093611968241,0.00360347682154645,0.0151762360677422,"Down","COVID19_vs_OtherVirus"
"ERG",10.2339182518919,-1.09409864060812,0.37642335373093,-2.90656419099382,0.00365421914752953,0.0153373456649465,"Down","COVID19_vs_OtherVirus"
"LOC339862",9.31026297596897,-2.07660707681585,0.715482155191176,-2.90238835692692,0.00370329132534432,0.0154903718366381,"Down","COVID19_vs_OtherVirus"
"RBM11",1.73649997347897,-1.25564618759776,0.433656297783759,-2.89548703435153,0.00378570668379279,0.0157361606127143,"Down","COVID19_vs_OtherVirus"
"KCNK7",1.64430462592848,-1.1310304845278,0.390687595291951,-2.89497413830764,0.00379189771605338,0.0157536921505356,"Down","COVID19_vs_OtherVirus"
"SIRPB1",4.53281913979744,-1.03624252614223,0.358165606682682,-2.89319383773297,0.0038134587143413,0.0158144628138112,"Down","COVID19_vs_OtherVirus"
"KIF1A",7.69991636358518,-1.02390512411234,0.354490095077145,-2.88838852856951,0.00387221249804679,0.0160114329425614,"Down","COVID19_vs_OtherVirus"
"LOC440896",0.842069155277455,-1.75897745363262,0.609227405098549,-2.88722640989548,0.00388654447414885,0.0160590125730235,"Down","COVID19_vs_OtherVirus"
"ASTL",1.07338057960632,-1.15946449783469,0.402074034173552,-2.88370896722522,0.00393021790919355,0.0161643119881979,"Down","COVID19_vs_OtherVirus"
"MRC1",5.81240916866122,-1.17760372670742,0.408830859676919,-2.88041790103132,0.00397148370581363,0.0163088242919291,"Down","COVID19_vs_OtherVirus"
"ST20",0.635774857121062,-1.57656108013914,0.547671452150533,-2.87866215036129,0.00399365915935489,0.016370413899425,"Down","COVID19_vs_OtherVirus"
"KBTBD8",2.15227693479726,-1.13829251127232,0.395859095322021,-2.8754991983861,0.00403389169921396,0.0165074424845514,"Down","COVID19_vs_OtherVirus"
"IGF2_AS",3.22380868902147,1.12348959598791,0.391222275165128,2.87174240146142,0.0040821557337184,0.0166758224252779,"Up","COVID19_vs_OtherVirus"
"LINC01353",1.21441035591334,-1.18510927653932,0.412947061408068,-2.8698818499842,0.00410625199698124,0.016737406020884,"Down","COVID19_vs_OtherVirus"
"FCGR3B",35.1963244603313,-1.00040168197263,0.348976394621915,-2.86667435789312,0.00414809592659198,0.0168692051869505,"Down","COVID19_vs_OtherVirus"
"NUTM2G",1.3110147743616,1.19758794466384,0.418051169770518,2.86469224645689,0.00417414695827132,0.0169535564323988,"Up","COVID19_vs_OtherVirus"
"JAM3",6.68343058823287,-1.30484345819465,0.455762004808472,-2.86299306310756,0.00419659750955415,0.017027414444102,"Down","COVID19_vs_OtherVirus"
"LOC101060091",0.937826348892668,-1.02984613081151,0.360585566711092,-2.85603813875514,0.00428963602978829,0.0173476010262411,"Down","COVID19_vs_OtherVirus"
"PRB1",2.29618166542105,-1.1241580383578,0.39425703461421,-2.85133286070042,0.00435363678730144,0.0175575056696274,"Down","COVID19_vs_OtherVirus"
"FAM181B",5.30291616040757,-1.16254343424447,0.407758051864716,-2.85106187095032,0.00435734899385205,0.0175636036444943,"Down","COVID19_vs_OtherVirus"
"PKD1L1",2.98780211580846,-1.10833324634815,0.390081834881077,-2.84128392363115,0.00449322893480589,0.0180067502944555,"Down","COVID19_vs_OtherVirus"
"LOC440434",1.36594780102265,-1.10342681116539,0.388738258832288,-2.83848267078192,0.00453285806380604,0.0181155473959267,"Down","COVID19_vs_OtherVirus"
"RTBDN",1.97378761532311,-1.09645169543555,0.387053695818477,-2.83281546535025,0.00461400135809375,0.018376740026123,"Down","COVID19_vs_OtherVirus"
"DNAH8",4.68019771786486,-1.41378799298253,0.499788363642828,-2.82877332853008,0.00467267811651426,0.0185489753377093,"Down","COVID19_vs_OtherVirus"
"TENM3",10.7337636897057,1.03339921941535,0.365475766768077,2.82754511620227,0.00469064053642786,0.0185879292143478,"Up","COVID19_vs_OtherVirus"
"KCNH7",0.959767079846484,-1.25224710888163,0.443375093856498,-2.82435149432848,0.00473763973921094,0.0187462592506175,"Down","COVID19_vs_OtherVirus"
"LZTS1",2.79708945187798,-1.06938431444318,0.379783463335691,-2.81577377027065,0.00486599183467026,0.019145003852229,"Down","COVID19_vs_OtherVirus"
"MYL2",8.40680421376135,-2.58764763634896,0.921586277063843,-2.80781919256997,0.00498782224301235,0.0195280946375516,"Down","COVID19_vs_OtherVirus"
"SV2A",2.33339627928414,-1.09156104080904,0.390581278828414,-2.7947090656349,0.00519464404864003,0.0201745772027698,"Down","COVID19_vs_OtherVirus"
"LINC00884",4.56321911845177,-1.26329134245889,0.452532520091517,-2.79160344587703,0.00524475898129335,0.0203419265917347,"Down","COVID19_vs_OtherVirus"
"HS6ST2",9.16323759222736,-1.31241851846663,0.471203209278694,-2.78524953273482,0.00534865442520188,0.0206521442691108,"Down","COVID19_vs_OtherVirus"
"ATOH7",2.42426889911027,-1.22334599978282,0.439330733651608,-2.78456731131617,0.00535991948164968,0.0206806366466938,"Down","COVID19_vs_OtherVirus"
"LILRA6",3.44375038801077,-1.01102318387593,0.363333819604055,-2.78262889201369,0.0053920442918648,0.0207794784368606,"Down","COVID19_vs_OtherVirus"
"IL6",3.18098203250327,-1.08271390487019,0.391053372752847,-2.76871133279928,0.00562784737039237,0.0214398022227832,"Down","COVID19_vs_OtherVirus"
"TOX2",3.14332953798111,-1.06124682928196,0.383512212583425,-2.76717870894687,0.00565437497732654,0.0215151932526205,"Down","COVID19_vs_OtherVirus"
"LOC101928674",0.900499381371018,-1.05991643913365,0.383571813361089,-2.7632803094837,0.00572235997719098,0.0216963190206201,"Down","COVID19_vs_OtherVirus"
"GCSHP3",0.773230419114097,1.05183205920206,0.382003030118265,2.75346522480836,0.00589680344921237,0.0222415222939109,"Up","COVID19_vs_OtherVirus"
"NLRP12",1.76840729363391,-1.12239564494209,0.407724305055884,-2.75282986818324,0.00590825911581355,0.0222794674168822,"Down","COVID19_vs_OtherVirus"
"RDH12",2.41876270777107,-1.17191810205504,0.426759260280932,-2.74608710607374,0.00603107483521946,0.022640992433368,"Down","COVID19_vs_OtherVirus"
"KLRD1",7.7217982831542,-1.01024798129006,0.370081742690154,-2.72979686581264,0.00633733616841459,0.0235349019679596,"Down","COVID19_vs_OtherVirus"
"MMP12",1.70397958261885,-1.17789014536701,0.431652235449784,-2.72879426684687,0.00635663477019263,0.0235968450920473,"Down","COVID19_vs_OtherVirus"
"IGF2BP3",1.34397152072533,-1.15933500769639,0.425447727081242,-2.72497638111721,0.00643060870845629,0.0237939973671409,"Down","COVID19_vs_OtherVirus"
"C5orf66_AS1",1.75561833415072,1.09939015882488,0.404672110886642,2.71674308470653,0.0065927761901506,0.024247930120236,"Up","COVID19_vs_OtherVirus"
"PEX5L",1.82215068725453,-1.09059205061862,0.402808309265116,-2.70747158271957,0.00677978747989695,0.0247816133022058,"Down","COVID19_vs_OtherVirus"
"TNFRSF10C",9.5947298082185,-1.01920617434697,0.376573767699917,-2.70652462218013,0.00679915402200852,0.0248314752816999,"Down","COVID19_vs_OtherVirus"
"ARHGAP28",4.91172689560251,-1.84018394233684,0.681708175206047,-2.69937197361707,0.00694704795301875,0.0252172575438003,"Down","COVID19_vs_OtherVirus"
"CHGB",6.10384352061189,-1.29382822626097,0.480818038182018,-2.69088953308192,0.00712617870968438,0.0257122190460612,"Down","COVID19_vs_OtherVirus"
"EMILIN3",3.04527704318071,-1.11349670194758,0.413795642683449,-2.69093385016478,0.00712523215259883,0.0257122190460612,"Down","COVID19_vs_OtherVirus"
"MATN1_AS1",2.99417105477564,-1.175478181885,0.437237129285448,-2.68842260447098,0.00717904757046955,0.0258387451555719,"Down","COVID19_vs_OtherVirus"
"ZC4H2",5.95709853003104,1.60374710547256,0.596791263617875,2.68728314779661,0.0072035859712324,0.025897872915266,"Up","COVID19_vs_OtherVirus"
"IL36RN",2.45757064131931,-1.37697010382988,0.513439903750203,-2.68185252796362,0.0073215727522047,0.0262511184733214,"Down","COVID19_vs_OtherVirus"
"SFRP1",2.49476239845716,-1.14854884974009,0.428575680873518,-2.67992072578437,0.00736395975062515,0.0263616550175967,"Down","COVID19_vs_OtherVirus"
"LOC101928398",0.775696439942883,-1.35436508150775,0.50560639862119,-2.67869450466046,0.00739097919714601,0.0264346715639859,"Down","COVID19_vs_OtherVirus"
"RNU6_28P",1.78354949250823,1.07351070422652,0.402508656642233,2.66704997895413,0.0076520291559789,0.0271493994454131,"Up","COVID19_vs_OtherVirus"
"CCNI2",2.87456456657835,-1.15604921005133,0.436718857140958,-2.64712455427177,0.00811794468035422,0.0284336384464161,"Down","COVID19_vs_OtherVirus"
"ALKBH3_AS1",5.03626925124119,-1.95246937177833,0.73803604196259,-2.64549325611024,0.00815719129922359,0.0285352811183961,"Down","COVID19_vs_OtherVirus"
"BLK",4.84509510154334,-1.38267336153263,0.522798598587899,-2.64475338164121,0.00817504749648473,0.0285858099712823,"Down","COVID19_vs_OtherVirus"
"ART1",1.36363087734213,-1.10606404438718,0.418400749086724,-2.64355177853164,0.00820412164590462,0.028656094114748,"Down","COVID19_vs_OtherVirus"
"PRSS27",10.2921457565623,-1.12730540520148,0.427633857515893,-2.63614628586694,0.00838535729002858,0.0291551860828825,"Down","COVID19_vs_OtherVirus"
"KSR2",18.1284061246892,-1.16662458620659,0.442781344997023,-2.63476453872381,0.00841956669236417,0.0292232177848449,"Down","COVID19_vs_OtherVirus"
"S1PR1",2.46547537784053,-1.16989034340774,0.444005123013691,-2.63485775899856,0.00841725481711184,0.0292232177848449,"Down","COVID19_vs_OtherVirus"
"LOC283575",0.615466374334405,-1.06896248734644,0.405884715055992,-2.63366036634067,0.00844699354852771,0.0292802212322608,"Down","COVID19_vs_OtherVirus"
"ZNF367",1.478100025563,-1.04717794818389,0.397997852782527,-2.63111456723382,0.00851053409514523,0.0294493253929538,"Down","COVID19_vs_OtherVirus"
"LGALS17A",4.16226003863139,-1.27509775706511,0.486788861078689,-2.61940619232657,0.00880829949849613,0.0302851884967962,"Down","COVID19_vs_OtherVirus"
"LOC101927766",13.6698325749397,-2.49204045224942,0.952355630640916,-2.61671204754921,0.00887812014326186,0.0304703495716507,"Down","COVID19_vs_OtherVirus"
"GGT1",1.43502702911668,-1.02838504741418,0.394320457932737,-2.60799313534374,0.00910747808023857,0.0310865840649046,"Down","COVID19_vs_OtherVirus"
"LINC00528",5.15703811151844,-1.05495703286055,0.405621954549787,-2.60083809820276,0.00929963311394996,0.0315843314820943,"Down","COVID19_vs_OtherVirus"
"SERPINE3",0.973851839960907,-1.0976188700634,0.422092448590004,-2.60042290197322,0.00931089383256118,0.0316091284139213,"Down","COVID19_vs_OtherVirus"
"LOC100505817",0.875966680758275,-1.48792670336017,0.575105105260686,-2.58722569100777,0.00967521972245468,0.0325262793547855,"Down","COVID19_vs_OtherVirus"
"DLL4",1.92851606628442,-1.10972227764266,0.430203892921625,-2.5795263499506,0.00989359102948959,0.0330670032189304,"Down","COVID19_vs_OtherVirus"
"MTVR2",0.750666676768145,-1.16833046333051,0.453112978867943,-2.5784528755929,0.00992438352283462,0.0331491019509576,"Down","COVID19_vs_OtherVirus"
"KCTD8",11.2225477407907,-1.09811620788885,0.426373619845188,-2.57547877443161,0.0100101416995087,0.0333587815433848,"Down","COVID19_vs_OtherVirus"
"CCL17",1.17991559528907,-1.05902182040666,0.4112878274053,-2.57489220405021,0.0100271331658715,0.0333944948114945,"Down","COVID19_vs_OtherVirus"
"C5orf58",1.45142877123489,-1.1730743439984,0.455710988316464,-2.57416295431474,0.0100482935104248,0.0334510121324942,"Down","COVID19_vs_OtherVirus"
"LOC101927472",0.866918294027287,-1.20005925362185,0.467251525945699,-2.56833672440765,0.0102187839316456,0.0338421705564517,"Down","COVID19_vs_OtherVirus"
"ILDR2",11.2448410242739,-1.37127446229862,0.534907246662023,-2.56357428480502,0.0103600528697649,0.0341895306751502,"Down","COVID19_vs_OtherVirus"
"SULT1B1",1.30475105352801,-1.04247935881972,0.407090460177337,-2.56080517918694,0.0104429899274868,0.0344346916939806,"Down","COVID19_vs_OtherVirus"
"BOLA3_AS1",10.4382363316983,-1.11715279544756,0.436347907451222,-2.56023410762532,0.0104601672976501,0.0344770914686789,"Down","COVID19_vs_OtherVirus"
"ZNF114",4.43712962277255,-1.11897274478536,0.439932520996068,-2.54350995068936,0.0109744931059997,0.0357589299857942,"Down","COVID19_vs_OtherVirus"
"FGB",1.93753440145952,-1.75725860954627,0.69411879052032,-2.53163958899456,0.011353061851862,0.0367300882526502,"Down","COVID19_vs_OtherVirus"
"AHRR",11.178094021069,-1.00305945416014,0.397251036834973,-2.52500147551996,0.0115697803521709,0.0373042245185444,"Down","COVID19_vs_OtherVirus"
"RPL3L",11.2758684388671,-2.54291693037301,1.01129593586122,-2.51451315109603,0.01191968569334,0.0381000403963697,"Down","COVID19_vs_OtherVirus"
"CRB2",5.1914556728113,-1.02157719752752,0.408163844441014,-2.5028605826824,0.012319406210915,0.0391402455565683,"Down","COVID19_vs_OtherVirus"
"IQCF3",2.04021942171377,2.2788224365274,0.911659545810032,2.49964194089868,0.0124318886061025,0.0393668253639492,"Up","COVID19_vs_OtherVirus"
"BEST3",2.97918899636759,-1.01635969827601,0.407616614086146,-2.49342068785551,0.0126518846146822,0.0399446291789631,"Down","COVID19_vs_OtherVirus"
"SNORA41",0.805552210876895,1.13277043971005,0.454869866103566,2.49031761416382,0.012762898270291,0.0402073193950819,"Up","COVID19_vs_OtherVirus"
"SLC22A13",4.88470531782284,-1.19728476581473,0.481769878947198,-2.48517978839012,0.0129486020499839,0.0406004281873611,"Down","COVID19_vs_OtherVirus"
"KPRP",1.68241378589843,-1.38621909295149,0.561743251283992,-2.46770938463963,0.0135980667851895,0.0422058192636732,"Down","COVID19_vs_OtherVirus"
"PCDHA4",7.55006584311325,-1.41251617433934,0.573074383368279,-2.46480424763918,0.0137088123012929,0.0424587579442176,"Down","COVID19_vs_OtherVirus"
"TRIM72",2.24569132910469,-1.00365576483229,0.408121608317661,-2.45920760963752,0.0139244069452703,0.0429450266111434,"Down","COVID19_vs_OtherVirus"
"SBSN",10.5105600431164,-1.06483387429066,0.436865289526082,-2.43744215853314,0.0147915804138636,0.0449234112398224,"Down","COVID19_vs_OtherVirus"
"FAT4",3.22953277508646,-1.00907221499337,0.414330293046619,-2.43542949170708,0.0148741231040527,0.0451376784380295,"Down","COVID19_vs_OtherVirus"
"SULT1E1",1.73788816698712,1.04674917132211,0.431171655590932,2.42768548848025,0.0151955142980587,0.0458685136896723,"Up","COVID19_vs_OtherVirus"
"LOC100129316",9.30692505638986,-1.26390635329511,0.521449640602801,-2.42383205372244,0.0153577060089225,0.0462730957045586,"Down","COVID19_vs_OtherVirus"
"HRNR",1.81477189948277,-1.12314257309769,0.464386927507329,-2.41854907313248,0.0155825435614085,0.0467827924974518,"Down","COVID19_vs_OtherVirus"
"KCNJ11",2.73742683759137,1.23565747336154,0.512923326787795,2.40904908946118,0.0159941465039026,0.0476867494082743,"Up","COVID19_vs_OtherVirus"
"FZD7",1.96884858608274,-1.02371887622844,0.425126278309349,-2.40803480862107,0.0160386517379566,0.0477814569594701,"Down","COVID19_vs_OtherVirus"
"CORO6",1.22209237982229,-1.05605169790891,0.442031155772599,-2.38908883258038,0.0168902178778672,0.0497636498686155,"Down","COVID19_vs_OtherVirus"
