"gene","baseMean","log2FoldChange","lfcSE","stat","pvalue","padj","direction","comparison"
"LETM1",86.6928316382844,-2.85155504561806,0.25724226667614,-11.0850953168131,1.48192502722927e-28,2.31891628260835e-24,"Down","COVID19_vs_Healthy"
"IFI6",215.813302041493,4.17997368489285,0.380782732022378,10.9773194353971,4.91285796919606e-28,3.84382007509899e-24,"Up","COVID19_vs_Healthy"
"IFIT1",135.025059564902,5.35399948639352,0.501695960424935,10.671801068238,1.37926599969227e-26,7.1942514543949e-23,"Up","COVID19_vs_Healthy"
"ATP2A2",467.92566762257,-2.55768793243956,0.249827474592961,-10.2378168638447,1.34231015914153e-24,5.25111734256168e-21,"Down","COVID19_vs_Healthy"
"RSAD2",192.27843887637,5.33409008904523,0.564664621808113,9.44647474453938,3.50434288916926e-21,1.09671915059441e-17,"Up","COVID19_vs_Healthy"
"EPSTI1",112.452287391431,3.30939938355193,0.356185638743628,9.29122071070905,1.52528802008631e-20,3.65105105469954e-17,"Up","COVID19_vs_Healthy"
"IFITM1",114.514739938221,3.80631244467844,0.409988966652617,9.2839387258524,1.63326670391723e-20,3.65105105469954e-17,"Up","COVID19_vs_Healthy"
"FTH1P3",8.96279644523649,-4.2468658822398,0.460258632312839,-9.2271292357928,2.77982120679934e-20,5.43733028049951e-17,"Down","COVID19_vs_Healthy"
"ISG15",134.099300341688,5.45200393411483,0.595517871938939,9.15506350189578,5.43258488827481e-20,9.44545425908047e-17,"Up","COVID19_vs_Healthy"
"IFI44",68.3720340521568,2.96275985029266,0.32723163308062,9.0540141929455,1.37806904699513e-19,2.15640244473798e-16,"Up","COVID19_vs_Healthy"
"IFIT2",273.225792770116,5.50677230372424,0.61628516067331,8.93542901099213,4.05601346418853e-19,5.76986351705656e-16,"Up","COVID19_vs_Healthy"
"DDX60",74.1772918766726,3.03216246896283,0.342134042945447,8.86249857763002,7.82408108273909e-19,1.02026017318918e-15,"Up","COVID19_vs_Healthy"
"LRRC8D",32.3912913797824,-2.57245210978847,0.290643882760014,-8.85087305247899,8.68372889333875e-19,1.04525376709973e-15,"Down","COVID19_vs_Healthy"
"IFIT3",272.909648191273,4.53091164275534,0.51300896961308,8.832032013344,1.02791014309122e-18,1.14890985136368e-15,"Up","COVID19_vs_Healthy"
"AP3B1",76.837708357341,-1.52786861816523,0.175224383422663,-8.71949775665538,2.79438525619603e-18,2.9151026992637e-15,"Down","COVID19_vs_Healthy"
"SP100",156.879048415459,2.03131755825099,0.236297921522156,8.59642583889817,8.22372280655159e-18,8.04280090480745e-15,"Up","COVID19_vs_Healthy"
"DSC3",24.6820023396441,-4.29727424084858,0.501723370586117,-8.56502705032151,1.08050476028395e-17,9.94572852289604e-15,"Down","COVID19_vs_Healthy"
"GOLPH3",50.1260274016789,-1.58955116872745,0.187658338587367,-8.47045316873792,2.44440178098307e-17,2.12499994826795e-14,"Down","COVID19_vs_Healthy"
"IRAK1",76.509522554194,-2.93611161758272,0.347771093703928,-8.44265573171056,3.10207723329311e-17,2.55480550245108e-14,"Down","COVID19_vs_Healthy"
"SYNCRIP",123.982219973415,-1.32424981029412,0.158392138225399,-8.36057789945141,6.24117711547807e-17,4.88309697515005e-14,"Down","COVID19_vs_Healthy"
"CCHE1",44.0257051170884,-4.00892804599937,0.480642081699627,-8.34077622130622,7.38044475857452e-17,5.49948569438924e-14,"Down","COVID19_vs_Healthy"
"FBXO31",55.2166969828215,-2.49444108087984,0.300031655496547,-8.31392633137854,9.25866390942451e-17,6.58543512975794e-14,"Down","COVID19_vs_Healthy"
"MAP2K7",44.7690969340318,-2.53097656291114,0.306209606294368,-8.26550346849029,1.3910639844107e-16,9.46407357741677e-14,"Down","COVID19_vs_Healthy"
"BST2",75.2260047049494,2.89062241896747,0.352702932725466,8.19562909962374,2.49285907680161e-16,1.62534411807465e-13,"Up","COVID19_vs_Healthy"
"XAF1",109.396433631894,3.19864786802343,0.395602882325021,8.08550192866255,6.19086985564691e-16,3.87498926004651e-13,"Up","COVID19_vs_Healthy"
"EIF2AK2",94.3041356387694,2.22027115555688,0.276507477132945,8.02969662368071,9.77139904021639e-16,5.88087893005023e-13,"Up","COVID19_vs_Healthy"
"SOCS1",9357.87760735791,6.15208302175584,0.770258390975065,7.98703797821399,1.38219520497164e-15,8.01058909903564e-13,"Up","COVID19_vs_Healthy"
"RNU11",26579.0503724254,4.55827475888238,0.573241752127925,7.95174940060045,1.83895959031425e-15,1.02771570247277e-12,"Up","COVID19_vs_Healthy"
"SAMD9",108.948638310185,3.16950255972134,0.400006502457378,7.92362759167663,2.30679821154907e-15,1.24471649704551e-12,"Up","COVID19_vs_Healthy"
"IFI27",172.522226030544,2.3598230410906,0.30045994002863,7.85403551923007,4.02860115635194e-15,2.10131836315317e-12,"Up","COVID19_vs_Healthy"
"GLIS3",150.356962325485,-2.57335453731619,0.328691296870649,-7.82909240924896,4.91404366737406e-15,2.4804824292603e-12,"Down","COVID19_vs_Healthy"
"IFI44L",139.346220722124,3.20703756854271,0.41019464248805,7.8183311929437,5.35282051462604e-15,2.61752923165213e-12,"Up","COVID19_vs_Healthy"
"C8orf46",59.6157858272078,-3.28747686689591,0.420933084256441,-7.80997500517948,5.7199328029199e-15,2.71228813636638e-12,"Down","COVID19_vs_Healthy"
"SAMD9L",92.5921018635648,3.28406673269189,0.421826058623845,7.78535765051061,6.95162737967115e-15,3.1079732924884e-12,"Up","COVID19_vs_Healthy"
"SERPING1",43.2733268496732,3.29545450878666,0.423163040302199,7.78767093277625,6.82556670436084e-15,3.1079732924884e-12,"Up","COVID19_vs_Healthy"
"TTC30A",19.3779873752405,-2.76653643579232,0.355838411257178,-7.77469870669143,7.56271902000086e-15,3.28726186736037e-12,"Down","COVID19_vs_Healthy"
"NACC2",22.9642629540737,-1.9769709529264,0.254819654824696,-7.75831422535467,8.60656970409017e-15,3.63988115485413e-12,"Down","COVID19_vs_Healthy"
"ESR1",12.3980115898515,-3.68215103438473,0.476201705109554,-7.73233483810736,1.05591767981642e-14,4.34815785625455e-12,"Down","COVID19_vs_Healthy"
"SNORD119",64.8685596589704,4.28248845370603,0.556041836288454,7.70173784456829,1.34228049429981e-14,5.38564235251371e-12,"Up","COVID19_vs_Healthy"
"RNF125",8.12915110232311,-2.914927003537,0.378640067970315,-7.69841136772014,1.37768241568593e-14,5.38949361016336e-12,"Down","COVID19_vs_Healthy"
"RNVU1_6",7.9790074701232,-4.24329738429149,0.555146331545437,-7.64356556671976,2.11287457528552e-14,8.06396618391898e-12,"Down","COVID19_vs_Healthy"
"RRP9",35.179452219388,-2.98649171733702,0.39249889744497,-7.6089174690121,2.76401170801636e-14,1.02979179064381e-11,"Down","COVID19_vs_Healthy"
"DDX58",55.6110926252998,3.20364030234356,0.42313058715916,7.57128035543909,3.69563508239864e-14,1.34486738998544e-11,"Up","COVID19_vs_Healthy"
"ZNF628",84.6599597240578,-3.22568478836024,0.427338639739889,-7.54831060987988,4.40940315297526e-14,1.56814410313084e-11,"Down","COVID19_vs_Healthy"
"TRIM22",192.206996668367,2.21283478058086,0.296172737303872,7.47143305871026,7.93261206869779e-14,2.75843363668851e-11,"Up","COVID19_vs_Healthy"
"TRUB2",7.14517306816371,-2.41941796974228,0.328041641440251,-7.37533795746155,1.63928675060387e-13,5.57642588553246e-11,"Down","COVID19_vs_Healthy"
"ADCK2",1313.73326982688,5.63401956473177,0.768881728597884,7.32755033079774,2.34397652956413e-13,7.65646429550354e-11,"Up","COVID19_vs_Healthy"
"SHF",39.5669442986652,-2.8870431426753,0.39401263671614,-7.32728565950848,2.34860867960231e-13,7.65646429550354e-11,"Down","COVID19_vs_Healthy"
"STBD1",9.1494363859487,-2.87836958148398,0.39630315898414,-7.26304980475608,3.7845850311479e-13,1.2085956442327e-10,"Down","COVID19_vs_Healthy"
"HS1BP3",879.628653248779,5.03859664374366,0.695905784821971,7.24034309476627,4.47551094950665e-13,1.4006559067576e-10,"Up","COVID19_vs_Healthy"
"EYA2",200.20299458673,-2.50752547040624,0.347935447642067,-7.2068698012794,5.7252697359578e-13,1.73941138374075e-10,"Down","COVID19_vs_Healthy"
"PARP14",319.650470817762,2.21683448813664,0.307655772220154,7.2055676776001,5.78025255333072e-13,1.73941138374075e-10,"Up","COVID19_vs_Healthy"
"BCL7C",18.6732720866242,-2.94109767378309,0.409006403563447,-7.19083527338188,6.43961378874257e-13,1.87941020074454e-10,"Down","COVID19_vs_Healthy"
"MX1",485.318231063675,2.4011680388575,0.333965813684064,7.18986177767595,6.48569471115829e-13,1.87941020074454e-10,"Up","COVID19_vs_Healthy"
"GBP1",143.379501673531,3.20576899714572,0.447498288025773,7.16375700852087,7.84954896106188e-13,2.23326803895811e-10,"Up","COVID19_vs_Healthy"
"DDX60L",118.207559793189,3.39947368669416,0.475926921872923,7.14284805178946,9.14166647723431e-13,2.55018119154423e-10,"Up","COVID19_vs_Healthy"
"IFIH1",63.7777045842418,2.81217403481337,0.393826323892069,7.14064516313051,9.28938700907597e-13,2.55018119154423e-10,"Up","COVID19_vs_Healthy"
"SP110",80.7632059424725,2.44309995981705,0.343338462060524,7.11571883078564,1.11331050544044e-12,3.00363496364345e-10,"Up","COVID19_vs_Healthy"
"YPEL1",8.3179035956714,-2.96705692680239,0.417374064604114,-7.10886750861409,1.16998993368789e-12,3.10305126819459e-10,"Down","COVID19_vs_Healthy"
"DCAF4",10.4850055356393,-2.04905435699179,0.288536537985019,-7.10154204837025,1.2337246184371e-12,3.21755380488396e-10,"Down","COVID19_vs_Healthy"
"LONP1",59.1770756544164,-1.50584823664933,0.212242234378449,-7.09495092274733,1.29397396406423e-12,3.31936140814379e-10,"Down","COVID19_vs_Healthy"
"PARP9",95.7281189091043,2.07010348937481,0.292845993724486,7.06891517635852,1.56149554348934e-12,3.94101326847115e-10,"Up","COVID19_vs_Healthy"
"STAT1",242.702679395241,2.01438917236613,0.286268858764412,7.03670382122805,1.96840639076326e-12,4.88914654010531e-10,"Up","COVID19_vs_Healthy"
"EMX2OS",11.4345289963697,-3.89690427722291,0.554181117702489,-7.03182434901175,2.03850334262115e-12,4.9841406727087e-10,"Down","COVID19_vs_Healthy"
"RNF20",117.034239532521,-1.44973112537301,0.206267580560835,-7.02840030135243,2.08914817213231e-12,5.02938316885021e-10,"Down","COVID19_vs_Healthy"
"ATRX",142.097420521721,1.13594599979649,0.161757966834157,7.02250418961512,2.1792646729547e-12,5.16683842460533e-10,"Up","COVID19_vs_Healthy"
"MX2",148.010408430807,2.85433799658665,0.406856777627786,7.01558423882999,2.28990049028781e-12,5.34811386149608e-10,"Up","COVID19_vs_Healthy"
"ARID4B",201.090096355835,1.61666412511502,0.230545446321676,7.01234464140887,2.34357033669891e-12,5.39296891598008e-10,"Up","COVID19_vs_Healthy"
"LINC00324",59.9234364328818,-5.23428731167513,0.749354008218022,-6.9850661426665,2.84721810628011e-12,6.45699549667697e-10,"Down","COVID19_vs_Healthy"
"WBSCR16",14.6529120301054,-1.82702235442696,0.2621650218011,-6.96897832470224,3.19250877791764e-12,7.13662533669361e-10,"Down","COVID19_vs_Healthy"
"PCNXL4",15.1261804348499,-2.34102121436615,0.336527495679466,-6.95640399201115,3.49067946616967e-12,7.69326088543986e-10,"Down","COVID19_vs_Healthy"
"FBL",43.4180604008185,-1.48117343388449,0.214942831529614,-6.89101108115076,5.53972228229346e-12,1.20396630935178e-09,"Down","COVID19_vs_Healthy"
"COX7A2L",16.6186717343628,-1.94561687307746,0.28265896818239,-6.88326602756868,5.84956396721127e-12,1.23026266837672e-09,"Down","COVID19_vs_Healthy"
"MALAT1",44651.459918889,1.81068380189144,0.263099483416452,6.88212602464658,5.89658104091604e-12,1.23026266837672e-09,"Up","COVID19_vs_Healthy"
"USP18",68.9251695160601,2.65060274607711,0.385076045122658,6.88332286479366,5.8472294741701e-12,1.23026266837672e-09,"Up","COVID19_vs_Healthy"
"STK25",24.1396526272662,-1.85016722584964,0.26946893184817,-6.86597602610494,6.60381644356933e-12,1.35969104880228e-09,"Down","COVID19_vs_Healthy"
"C9orf16",21.15341106119,-1.96271300982165,0.285941118230331,-6.86404607343195,6.69370260946338e-12,1.36029946016731e-09,"Down","COVID19_vs_Healthy"
"MYNN",13.7626268916993,-2.04016099650515,0.298750336974989,-6.82898308053107,8.55186587833009e-12,1.71563586236037e-09,"Down","COVID19_vs_Healthy"
"CHD1",66.1050209531209,1.74229823147658,0.259316456366777,6.7188108918636,1.83213496412791e-11,3.62901872388272e-09,"Up","COVID19_vs_Healthy"
"DANT2",20.4444423046019,-3.77476798384867,0.564336563261027,-6.68885950262751,2.24916533726304e-11,4.39936739968651e-09,"Down","COVID19_vs_Healthy"
"PEAR1",639.529010147963,4.9947278399758,0.749476193981212,6.66429151464284,2.6594512879176e-11,5.1376658954734e-09,"Up","COVID19_vs_Healthy"
"CAPN12",5.99668488970329,-2.90676794366136,0.437071560414419,-6.65055383815238,2.91992166031875e-11,5.57206513910582e-09,"Down","COVID19_vs_Healthy"
"GBP5",99.1016691541271,3.52501759357735,0.531532233952988,6.63180399683742,3.31608736718843e-11,6.25182350864632e-09,"Up","COVID19_vs_Healthy"
"PAFAH2",13.88019252236,-2.43792759408089,0.368068803677748,-6.62356485994219,3.50637965254818e-11,6.53188438131832e-09,"Down","COVID19_vs_Healthy"
"GLTSCR2",52.9502004874934,-1.38620717274051,0.20936253410143,-6.62108518455808,3.56571403585728e-11,6.5642697921288e-09,"Down","COVID19_vs_Healthy"
"BAZ2B",181.956714581201,1.23341753041945,0.186513916046174,6.61300538086447,3.76594759663857e-11,6.85227302234889e-09,"Up","COVID19_vs_Healthy"
"HERC5",32.2379418228142,3.85286400941395,0.583709258184754,6.6006559865022,4.09342427925209e-11,7.36251760019962e-09,"Up","COVID19_vs_Healthy"
"OAS2",98.5311098987721,2.57725727494449,0.390789577600398,6.59500002730335,4.25255784257653e-11,7.56182103643608e-09,"Up","COVID19_vs_Healthy"
"GBP3",72.0504143618458,1.86737367944609,0.284150166129073,6.57178457744716,4.97157569943178e-11,8.74103556682117e-09,"Up","COVID19_vs_Healthy"
"HPS5",26.8109541282032,-1.63808022684573,0.249358350716018,-6.56918134941971,5.05926374815726e-11,8.79637323679608e-09,"Down","COVID19_vs_Healthy"
"LARP7",63.1207251029198,1.38285069747031,0.210813741234644,6.55958520242355,5.39576569387148e-11,9.27834522831878e-09,"Up","COVID19_vs_Healthy"
"AXIN1",29.1534650637868,-1.42642730984602,0.217599954653089,-6.5552739297217,5.55398294430315e-11,9.4466005557017e-09,"Down","COVID19_vs_Healthy"
"SGK3",1.32711018223891,-3.27002887776277,0.499020643430954,-6.55289299312369,5.64329562774164e-11,9.49529999816142e-09,"Down","COVID19_vs_Healthy"
"RAB11FIP4",50.5115601162102,-1.17093826477977,0.18032548343719,-6.4934708198779,8.38810193707672e-11,1.3963512671423e-08,"Down","COVID19_vs_Healthy"
"CNKSR1",31.7211041969678,-1.61808685484134,0.251083137320559,-6.44442662342361,1.16038256343052e-10,1.91133330026956e-08,"Down","COVID19_vs_Healthy"
"LINC01011",414.824829649171,-3.45164082900286,0.535847407390192,-6.44146221741343,1.18327907777542e-10,1.92874489677394e-08,"Down","COVID19_vs_Healthy"
"CLTCL1",8.87357008959302,-2.47706790520945,0.38508955694627,-6.43244632457033,1.25566380082015e-10,2.00496195461568e-08,"Down","COVID19_vs_Healthy"
"OSBPL1A",16.0269305553687,-1.4380312075747,0.223536582135584,-6.43309114703417,1.25034619470993e-10,2.00496195461568e-08,"Down","COVID19_vs_Healthy"
"OGFOD2",12.2765112405006,-2.23637730080664,0.347957551463136,-6.42715552918118,1.30013782277121e-10,2.05500572229534e-08,"Down","COVID19_vs_Healthy"
"PTK6",32.4957600396566,-2.98506912604061,0.465656711959077,-6.41045012211259,1.45090617513448e-10,2.27037798285043e-08,"Down","COVID19_vs_Healthy"
"PRRT1",7.18531167761631,-3.19007137913101,0.498415518583461,-6.40042546868818,1.54944571725397e-10,2.40056698847427e-08,"Down","COVID19_vs_Healthy"
"XRN1",96.2388465979197,1.60341736026953,0.251031585036465,6.38731321413842,1.68825625135479e-10,2.58998370796077e-08,"Up","COVID19_vs_Healthy"
"C10orf2",16.2614341392546,-2.23270520711319,0.350693855027744,-6.36653643941539,1.93344382752621e-10,2.90908932818558e-08,"Down","COVID19_vs_Healthy"
"MOV10L1",6.09825650909939,-4.1818011085952,0.656783692156449,-6.36709035034792,1.92647705334191e-10,2.90908932818558e-08,"Down","COVID19_vs_Healthy"
"CXCL10",25.0188970568243,6.06549920250503,0.953045021635512,6.36433648443604,1.96135742032821e-10,2.92298294412341e-08,"Up","COVID19_vs_Healthy"
"SIAE",8.40355865692773,-2.10172045911623,0.330537932518334,-6.35848491912392,2.03753384495731e-10,3.00786128357471e-08,"Down","COVID19_vs_Healthy"
"HSP90AA1",1675.7357650665,1.59741147162929,0.25221366898165,6.33356422781952,2.3956151466775e-10,3.50341923506632e-08,"Up","COVID19_vs_Healthy"
"ARID4A",62.5625363621759,1.63895758414018,0.260923307044307,6.28137671067412,3.35587874807643e-10,4.77389005908181e-08,"Up","COVID19_vs_Healthy"
"SLC25A20",4.12754439203869,-2.18945022526385,0.348519678117197,-6.28214233724732,3.33938884221425e-10,4.77389005908181e-08,"Down","COVID19_vs_Healthy"
"ACTA2",96.8466822578826,4.60486879748169,0.733570207804789,6.27733889474843,3.44416835600483e-10,4.85534652565437e-08,"Up","COVID19_vs_Healthy"
"BSPRY",22.7075505069313,-1.53289562984486,0.244629034791664,-6.26620479106388,3.69953730537152e-10,5.16878212093336e-08,"Down","COVID19_vs_Healthy"
"LOC283214",3.61692316051016,-4.64700465260655,0.742871835023081,-6.25545946625122,3.96347277081235e-10,5.48853291306829e-08,"Down","COVID19_vs_Healthy"
"MIER1",92.4046782385248,1.45075182126064,0.232286743448877,6.24552137466222,4.22388763584111e-10,5.79784155488085e-08,"Up","COVID19_vs_Healthy"
"GIMAP4",26.6518392142621,3.02725899847701,0.485697813842268,6.23280342674164,4.5816094597011e-10,6.18177539718126e-08,"Up","COVID19_vs_Healthy"
"SLC3A1",33.0388518388902,-4.07299711052511,0.653481114847882,-6.23276942207155,4.58260446110063e-10,6.18177539718126e-08,"Down","COVID19_vs_Healthy"
"RPL23AP53",6.4318247784696,-2.09890265405704,0.336999732673818,-6.22820272705845,4.71816303524165e-10,6.3102406132873e-08,"Down","COVID19_vs_Healthy"
"TMEM165",40.3639405639234,-1.46622362239782,0.235910123331083,-6.21517890667237,5.12662049856225e-10,6.79842013233069e-08,"Down","COVID19_vs_Healthy"
"FSTL3",138.171929540123,4.48160990635263,0.722323407986268,6.20443676170858,5.48931405722156e-10,7.21821734179857e-08,"Up","COVID19_vs_Healthy"
"KCTD1",60.1847131778876,-1.56894782173743,0.253636259724218,-6.18581831889244,6.17811300399344e-10,8.05625935720745e-08,"Down","COVID19_vs_Healthy"
"PXMP4",16.5455244986841,-2.11955123893736,0.342997286082057,-6.1794985702315,6.43055165218079e-10,8.31613820275413e-08,"Down","COVID19_vs_Healthy"
"HADHA",85.3827284004277,-1.73284324604007,0.280664868887987,-6.17406536452428,6.65560036209052e-10,8.53662577590102e-08,"Down","COVID19_vs_Healthy"
"OR5C1",1.56883068859507,-3.62150581083252,0.586763053421393,-6.17200723480399,6.74284143290009e-10,8.57820997902607e-08,"Down","COVID19_vs_Healthy"
"IRF9",63.2238598384085,1.23831441631472,0.201060326960717,6.15891973833635,7.32428331269245e-10,9.2427730062106e-08,"Up","COVID19_vs_Healthy"
"LAP3",107.87558871898,1.79749198239103,0.292273401592285,6.15003613944486,7.7465293802036e-10,9.69741533931407e-08,"Up","COVID19_vs_Healthy"
"BCL7B",30.3934557753024,-1.42460024085716,0.23195893617982,-6.14160533894142,8.16916226733556e-10,1.01453215205767e-07,"Down","COVID19_vs_Healthy"
"NT5C3A",22.7000994443909,2.32630242302991,0.379232194092587,6.13424297638073,8.55656577429678e-10,1.05427670264721e-07,"Up","COVID19_vs_Healthy"
"RABGAP1L",105.809859505337,1.0583295701142,0.173293840678063,6.10713898412766,1.01432907208662e-09,1.24001729062589e-07,"Up","COVID19_vs_Healthy"
"VARS2",24.0235156364514,-1.32888663235086,0.218736284732004,-6.07529123016336,1.23762899823843e-09,1.50127275693294e-07,"Down","COVID19_vs_Healthy"
"MCHR1",3.0173678162572,-3.50925306764266,0.577856172601732,-6.07288324332099,1.25633802907887e-09,1.51224442146355e-07,"Down","COVID19_vs_Healthy"
"ZRSR2",67.5337423649621,1.85307811885316,0.305687248079196,6.0620066113228,1.34433687261726e-09,1.60581552539808e-07,"Up","COVID19_vs_Healthy"
"FAM168B",31.2650640411719,-1.31089663983762,0.217382239828231,-6.03037599057518,1.63578652201932e-09,1.91020802213122e-07,"Down","COVID19_vs_Healthy"
"KBTBD6",9.45585627935176,-2.86479613894265,0.475040306970212,-6.03063802567451,1.63313617553384e-09,1.91020802213122e-07,"Down","COVID19_vs_Healthy"
"SMPD4",10.4707457453647,-1.80533650595043,0.299708828624521,-6.02363471985731,1.70543027724763e-09,1.97678318358303e-07,"Down","COVID19_vs_Healthy"
"PLEKHA2",945.444724618257,3.68951208408242,0.612905001360544,6.01971280360307,1.7472680677787e-09,2.01038608269125e-07,"Up","COVID19_vs_Healthy"
"CHMP5",48.1574114828214,1.5389893386956,0.256136030050055,6.00848439165253,1.8726564032291e-09,2.1389290071335e-07,"Up","COVID19_vs_Healthy"
"ACSM1",3.27494916153043,-2.80050187917357,0.467160612694672,-5.99473029847217,2.0382342739816e-09,2.31118042893218e-07,"Down","COVID19_vs_Healthy"
"EEF2",300.992511278086,-1.03406270801991,0.17261755714608,-5.99048396418229,2.09217504916156e-09,2.35527735030792e-07,"Down","COVID19_vs_Healthy"
"DNAJA1",193.394062834385,1.14603695081836,0.19163419892925,5.98033627203183,2.22677446347998e-09,2.48889762889534e-07,"Up","COVID19_vs_Healthy"
"PCDHGB2",5.715842529866,-2.82780718114685,0.477112162185759,-5.92692327982591,3.08663092087929e-09,3.42550359219285e-07,"Down","COVID19_vs_Healthy"
"SMARCA5",87.6908393287328,1.02565575088749,0.17351402052176,5.91108284969317,3.39866024957361e-09,3.74522785812167e-07,"Up","COVID19_vs_Healthy"
"ZNF428",32.601991602835,-1.46777342879683,0.248522357892281,-5.90600154145093,3.50510693824959e-09,3.83551841746361e-07,"Down","COVID19_vs_Healthy"
"HLA_A",773.046383229033,1.37432091780806,0.233346301695501,5.8896194532427,3.87085928501943e-09,4.20633375638779e-07,"Up","COVID19_vs_Healthy"
"NUB1",55.7925334321359,1.63526227504357,0.27816116250496,5.87883031663132,4.13175638402782e-09,4.45887751015637e-07,"Up","COVID19_vs_Healthy"
"PRKG1",5.74766704086262,-3.51341806083708,0.597998802383516,-5.87529280465651,4.22096604376342e-09,4.52395045567191e-07,"Down","COVID19_vs_Healthy"
"GPI",57.8974974257768,-1.01930254827278,0.173601627358227,-5.87150341724303,4.31860691950337e-09,4.56605142408032e-07,"Down","COVID19_vs_Healthy"
"LMNB2",43.8822285815676,-1.18154234002537,0.201216396720275,-5.8719983027423,4.30573154044897e-09,4.56605142408032e-07,"Down","COVID19_vs_Healthy"
"LOC100128361",1.66840647629416,-2.36775857684742,0.403405582452361,-5.86942442009225,4.37310649098059e-09,4.59264230676941e-07,"Down","COVID19_vs_Healthy"
"C15orf61",1.59423015296821,-3.26144232576559,0.556099730447711,-5.86485147752154,4.49534897398657e-09,4.68954804966279e-07,"Down","COVID19_vs_Healthy"
"LARP6",16.170949865188,-2.07028752747371,0.353160583881166,-5.86217041755243,4.56855782968813e-09,4.73435714695099e-07,"Down","COVID19_vs_Healthy"
"DNAH2",167.106101850843,-1.55325471053128,0.265044186614833,-5.86036136226787,4.61860995072592e-09,4.75473740190521e-07,"Down","COVID19_vs_Healthy"
"CCNB1IP1",4.92115346300357,-2.18383010880612,0.372739962286123,-5.8588569237708,4.66064012142757e-09,4.76664683791495e-07,"Down","COVID19_vs_Healthy"
"HNRNPAB",61.1756014318519,-1.00011497138719,0.170800709453509,-5.85544974951883,4.75720849314649e-09,4.83381808446469e-07,"Down","COVID19_vs_Healthy"
"SLC30A5",17.9642271716643,-1.54358441673612,0.264261388692193,-5.841127318581,5.18487588387788e-09,5.23438308586588e-07,"Down","COVID19_vs_Healthy"
"HSP90B1",343.498545862257,1.20156626315653,0.207119474449502,5.80131958305775,6.57950641338399e-09,6.5997510485021e-07,"Up","COVID19_vs_Healthy"
"PKP3",21.0718197248413,-1.40435291424213,0.242240007289988,-5.79736159172486,6.73663379396559e-09,6.71432137630405e-07,"Down","COVID19_vs_Healthy"
"ADAMTS6",4.90334726927763,-3.08849302305665,0.533817815739343,-5.7856686906919,7.22244396514173e-09,7.15296222573024e-07,"Down","COVID19_vs_Healthy"
"SFN",37.5279745013708,-1.99100921714869,0.34482249952994,-5.77401190427777,7.74059644174741e-09,7.61791529059519e-07,"Down","COVID19_vs_Healthy"
"BEND6",50.0893874743998,4.78569419115348,0.829061145006104,5.77242609906444,7.81382176818078e-09,7.64191768928081e-07,"Up","COVID19_vs_Healthy"
"CUL9",52.6251461518596,-1.01212502568072,0.175576378009577,-5.76458540240255,8.18588192374573e-09,7.9560671020356e-07,"Down","COVID19_vs_Healthy"
"IFIT5",18.0967399486977,2.42184491835259,0.421142930253228,5.75064840076115,8.89018288693604e-09,8.58725813671451e-07,"Up","COVID19_vs_Healthy"
"OAS3",163.117551898245,2.61733082774844,0.456241654588219,5.73672044502537,9.65273868754402e-09,9.26662914004226e-07,"Up","COVID19_vs_Healthy"
"NAGLU",14.2239065236862,-2.3265991939431,0.405753719010724,-5.73401816159721,9.8078822341776e-09,9.35815495124458e-07,"Down","COVID19_vs_Healthy"
"DCLK2",93.1826699588337,4.83157425155533,0.843763125035255,5.7262211492751,1.02692336822098e-08,9.73896779752844e-07,"Up","COVID19_vs_Healthy"
"NR2F1_AS1",2.80609717491208,-3.83142207322628,0.670382604700588,-5.71527668880594,1.09525665906144e-08,1.03244434945743e-06,"Down","COVID19_vs_Healthy"
"RN7SL2",14563.097391257,-1.8324075768284,0.321113507783012,-5.70641699092467,1.15379135288209e-08,1.0746742315416e-06,"Down","COVID19_vs_Healthy"
"SNORD53",5.77764138840968,-2.73491287341727,0.479218172838156,-5.70703080231667,1.14963983719427e-08,1.0746742315416e-06,"Down","COVID19_vs_Healthy"
"C17orf50",6.14839486849997,-3.24813563540705,0.569466851434148,-5.70381862829581,1.17152732932269e-08,1.08473725735157e-06,"Down","COVID19_vs_Healthy"
"CST3",50.8228874335184,-1.13655053732595,0.199494281207858,-5.69715848717361,1.21820674907056e-08,1.12132348290918e-06,"Down","COVID19_vs_Healthy"
"CARD16",29.3052531878146,3.59284979506063,0.631328828723814,5.69093257205333,1.26347397731094e-08,1.15618952029015e-06,"Up","COVID19_vs_Healthy"
"TPR",167.3523578955,1.00363465105772,0.176517903191954,5.68573857330676,1.30248513566267e-08,1.18495856993311e-06,"Up","COVID19_vs_Healthy"
"ONECUT1",16.0090033684697,-3.13373948505722,0.55168539725429,-5.68030167311602,1.34457378776509e-08,1.21617864918776e-06,"Down","COVID19_vs_Healthy"
"EVI2B",50.5298598541316,3.65228163551674,0.643273133913275,5.67765299523472,1.3655537404563e-08,1.22805660521035e-06,"Up","COVID19_vs_Healthy"
"GOLGA4",158.254643608794,1.10491903636685,0.194750248010993,5.67351799369456,1.39894399162155e-08,1.25089574747966e-06,"Up","COVID19_vs_Healthy"
"DEGS1",22.6546956486481,-2.31892295159679,0.409681250106941,-5.66031018259066,1.51099635555954e-08,1.32831859392111e-06,"Down","COVID19_vs_Healthy"
"E2F6",12.5887146858786,-2.32395597449892,0.410845428298709,-5.65652144195036,1.54471688620451e-08,1.35037596845408e-06,"Down","COVID19_vs_Healthy"
"PLSCR1",70.82719634129,1.90345039079343,0.336866719190816,5.65045545420957,1.60023272883631e-08,1.39113565226837e-06,"Up","COVID19_vs_Healthy"
"SNORD12C",152.797513217137,2.33419908697496,0.413264071347123,5.64820232101507,1.62134299074875e-08,1.40170028283074e-06,"Up","COVID19_vs_Healthy"
"ATP6V0A1",22.7226325695044,-1.71668488044888,0.30402662627877,-5.64649518188846,1.63751752630669e-08,1.40790517866192e-06,"Down","COVID19_vs_Healthy"
"UPF2",117.769343918915,1.15782756389439,0.205402763086032,5.63686459957423,1.73174164849654e-08,1.48078105550131e-06,"Up","COVID19_vs_Healthy"
"CCDC50",57.8590060630096,-1.40162010363791,0.248822633673002,-5.63300887442536,1.77092341588763e-08,1.50605487020704e-06,"Down","COVID19_vs_Healthy"
"PYGB",37.196834380218,-1.19182773132352,0.211663417719365,-5.6307686239089,1.79408275393793e-08,1.51750307749301e-06,"Down","COVID19_vs_Healthy"
"ZKSCAN8",14.7343799567884,-1.44585904752149,0.256908732933838,-5.62790930074707,1.82406952169333e-08,1.5345720363149e-06,"Down","COVID19_vs_Healthy"
"IFI16",131.538794545241,1.43190157789356,0.254739375172086,5.62104534065948,1.89805445812892e-08,1.58827573052414e-06,"Up","COVID19_vs_Healthy"
"ZBP1",18.7431013455037,3.99382450020637,0.711235213132092,5.61533572363301,1.96180963775243e-08,1.63289346869947e-06,"Up","COVID19_vs_Healthy"
"RSPRY1",27.0595557038377,-1.77809898570275,0.316778022480359,-5.61307559085162,1.98761718222397e-08,1.64562082896511e-06,"Down","COVID19_vs_Healthy"
"ADAMTS8",7.61478415718951,-2.59774704509319,0.463715335891605,-5.60202961607554,2.1185634606417e-08,1.74480426484849e-06,"Down","COVID19_vs_Healthy"
"SCARNA20",9.43807650709459,-2.63339270713975,0.470173857303074,-5.60089138567793,2.13252331875131e-08,1.74710601527856e-06,"Down","COVID19_vs_Healthy"
"LMNA",108.292303793169,-1.04655231288455,0.186932118137884,-5.59856873880066,2.16128704996476e-08,1.76144894572128e-06,"Down","COVID19_vs_Healthy"
"COL5A1",1247.94555837463,4.0983145555774,0.733506040465352,5.58729489531858,2.30633899188604e-08,1.86028827551715e-06,"Up","COVID19_vs_Healthy"
"SPG20",37.8179447466846,1.19931203010705,0.214624438489417,5.58795651859647,2.29757150269356e-08,1.86028827551715e-06,"Up","COVID19_vs_Healthy"
"SCUBE3",17.394974012695,-2.03470610932488,0.364645992213876,-5.57994919119106,2.40588852553802e-08,1.9306330075702e-06,"Down","COVID19_vs_Healthy"
"ROMO1",23.8630813215756,-1.36869181670261,0.245627819024149,-5.5722182533732,2.51516046888245e-08,1.9978289856382e-06,"Down","COVID19_vs_Healthy"
"TOR4A",20.25484400692,-1.90612451734011,0.342022060615062,-5.57310400946743,2.5024006552013e-08,1.9978289856382e-06,"Down","COVID19_vs_Healthy"
"EMX1",5.08647695030675,-3.92214956452836,0.705222715026232,-5.56157577026211,2.67349555423082e-08,2.1128716380103e-06,"Down","COVID19_vs_Healthy"
"TOMM22",18.5212608797268,-1.20712871219673,0.217098133017782,-5.5602906179661,2.69325792543873e-08,2.11779397071684e-06,"Down","COVID19_vs_Healthy"
"ETFB",21.5467138598886,-1.19387727215433,0.215539726727757,-5.53901264643563,3.04181680742327e-08,2.36807708470444e-06,"Down","COVID19_vs_Healthy"
"RNVU1_19",18.2157873970688,-2.93447316908908,0.530108009391105,-5.53561371853198,3.10140426379476e-08,2.40251356038913e-06,"Down","COVID19_vs_Healthy"
"LINC00273",6.38604012330594,-3.05268414171529,0.552349744418928,-5.52672319044289,3.26267121398056e-08,2.50266074295921e-06,"Down","COVID19_vs_Healthy"
"RSRC1",28.2490754470096,1.21976517150681,0.220958856466102,5.52032713698417,3.38369120260443e-08,2.58282926528557e-06,"Up","COVID19_vs_Healthy"
"EXOSC5",2.33256583354833,-2.46929111144182,0.44749794285697,-5.5179943301573,3.42890492616692e-08,2.6046361303233e-06,"Down","COVID19_vs_Healthy"
"ZNF826P",1.27402343893027,-2.92982168030045,0.531690279158275,-5.51039166060867,3.58036127514757e-08,2.70654556683619e-06,"Down","COVID19_vs_Healthy"
"U2SURP",72.090051245483,1.16548766638136,0.211580092819812,5.50849397430753,3.61916627592539e-08,2.72272662911926e-06,"Up","COVID19_vs_Healthy"
"PACS2",55.5147350452993,-1.89644684574768,0.344443902076269,-5.50582209270106,3.67449467144245e-08,2.75112404874313e-06,"Down","COVID19_vs_Healthy"
"AMH",12.5448808178761,-2.68673496407932,0.48830932579219,-5.50211683899461,3.75258123035283e-08,2.79620909964577e-06,"Down","COVID19_vs_Healthy"
"PRSS36",3.01029126997236,-2.68262652616736,0.488335927629804,-5.49340397539008,3.94259519981514e-08,2.92387344486765e-06,"Down","COVID19_vs_Healthy"
"RECK",1.3429558256147,-3.12565747151253,0.570341309697495,-5.48032803931098,4.2453796128123e-08,3.1188591634407e-06,"Down","COVID19_vs_Healthy"
"CMTM3",11.1507511704122,-2.25861240352316,0.413242752973948,-5.46558260796784,4.61388855740037e-08,3.37374430589724e-06,"Down","COVID19_vs_Healthy"
"SLC2A4RG",10.6988310928856,-1.28087388552494,0.235463904588775,-5.43978869186731,5.33438032782127e-08,3.8824364358022e-06,"Down","COVID19_vs_Healthy"
"RPS9",78.5898909646656,-1.1470981999889,0.211043898936356,-5.43535352488361,5.46878944907705e-08,3.96183413422027e-06,"Down","COVID19_vs_Healthy"
"EMC2",28.5085942048237,1.48193988480861,0.272891661060418,5.43050630074219,5.61943952790863e-08,4.0336233822346e-06,"Up","COVID19_vs_Healthy"
"CALCOCO2",51.2993706601293,1.06089019779494,0.195743502504677,5.41979776707832,5.96664922222551e-08,4.2632934716614e-06,"Up","COVID19_vs_Healthy"
"SLC6A4",27.5885095000763,4.7886514516113,0.884277259496983,5.41532805484029,6.11764367110244e-08,4.35131309842777e-06,"Up","COVID19_vs_Healthy"
"PRSS21",4.03557339118724,-3.81179150633239,0.704257658192661,-5.41249564273764,6.21523677002883e-08,4.40072511210005e-06,"Down","COVID19_vs_Healthy"
"HERC6",64.3360016426908,1.99555116824718,0.369248990219414,5.40435105065931,6.50434470146822e-08,4.56412492773878e-06,"Up","COVID19_vs_Healthy"
"ZNF830",25.3972183776423,-1.56163097575557,0.288955165455454,-5.40440581255613,6.50235800014193e-08,4.56412492773878e-06,"Down","COVID19_vs_Healthy"
"GBP4",50.0883299534996,2.39946137971388,0.444141901607512,5.40246567826486,6.57310372292151e-08,4.57600598488264e-06,"Up","COVID19_vs_Healthy"
"SLC38A1",33.0378950009374,-1.52086011305119,0.281521683674163,-5.40228409123702,6.57976320679061e-08,4.57600598488264e-06,"Down","COVID19_vs_Healthy"
"GGA1",46.4642982755138,-1.36101077585276,0.251997887117763,-5.40088169555459,6.6314149940952e-08,4.59152131980538e-06,"Down","COVID19_vs_Healthy"
"TADA1",8.28635785856348,-1.98578259019344,0.367812617558418,-5.39889741514385,6.70516984299866e-08,4.62213646269793e-06,"Down","COVID19_vs_Healthy"
"TRPM4",40.8097767934202,-1.35621746164567,0.251402744853497,-5.39460085225399,6.86760449730468e-08,4.71334540236069e-06,"Down","COVID19_vs_Healthy"
"KLF13",35.8840218709975,-1.60594664195507,0.298047071228862,-5.38823158145349,7.11543310539791e-08,4.86210904948762e-06,"Down","COVID19_vs_Healthy"
"KALRN",32.3869345846963,-1.50872726390354,0.280085701480469,-5.38666292470039,7.1777864924685e-08,4.88339143626726e-06,"Down","COVID19_vs_Healthy"
"PSMA4",49.2013940699992,1.25706028223754,0.23341101630522,5.3856081950894,7.22000872822988e-08,4.89085266577234e-06,"Up","COVID19_vs_Healthy"
"CASKIN1",5.30916711561214,-3.17768241176241,0.590534228253773,-5.38103002286405,7.40608401385491e-08,4.99527597624145e-06,"Down","COVID19_vs_Healthy"
"PPIG",90.583401285583,1.05166065903125,0.195553506292594,5.37786654388964,7.53736520074695e-08,5.06200389104241e-06,"Up","COVID19_vs_Healthy"
"GDI1",641.839337860533,3.29348494828434,0.612728246374996,5.37511526156849,7.65337075611067e-08,5.11794639280426e-06,"Up","COVID19_vs_Healthy"
"KCNB2",40.5398397935732,-2.77463891324672,0.516731580449734,-5.36959423078386,7.8913995378122e-08,5.25466467947597e-06,"Down","COVID19_vs_Healthy"
"NPAP1",3.31686810931103,-3.49206843298775,0.650756316039696,-5.36616909727347,8.04265446302892e-08,5.33268885752019e-06,"Down","COVID19_vs_Healthy"
"C1QBP",23.9094297658442,-1.35899854481029,0.254113464626111,-5.34799896105408,8.8931975891132e-08,5.87176185124234e-06,"Down","COVID19_vs_Healthy"
"KLHL29",14.2770308145109,-1.99498943510477,0.373399190698119,-5.34277921538841,9.15322241708384e-08,6.01805144464403e-06,"Down","COVID19_vs_Healthy"
"RPTOR",23.3921215103833,-1.36524368963029,0.255579953254386,-5.34174794324117,9.20545955367024e-08,6.02707243078794e-06,"Down","COVID19_vs_Healthy"
"CD82",85.2809162605919,-1.32007449774789,0.247239652919124,-5.33925073167656,9.33314945653861e-08,6.08521344566317e-06,"Down","COVID19_vs_Healthy"
"USP8",97.2973957750499,1.1009993866608,0.206461180073651,5.33271865572034,9.67531569979708e-08,6.28213029337862e-06,"Up","COVID19_vs_Healthy"
"SNORA10",18.3081558326543,-1.76995163725,0.332082653902989,-5.3298527232532,9.82924432009278e-08,6.35570310416578e-06,"Down","COVID19_vs_Healthy"
"CCDC186",69.5355882141567,1.25699106748375,0.236088434462427,5.32423822601018,1.01376976808389e-07,6.52817667941426e-06,"Up","COVID19_vs_Healthy"
"SUPT3H",6.24457177145938,-1.92080172614751,0.361123530854855,-5.31896030591132,1.04361898880529e-07,6.6928483347644e-06,"Down","COVID19_vs_Healthy"
"CACNA1A",47.7486374408691,-2.1330564311774,0.401201013756378,-5.31667757069192,1.05679088485167e-07,6.74965868006487e-06,"Down","COVID19_vs_Healthy"
"SIX2",20.6558094847604,-1.46363435239353,0.27584265529078,-5.30604793827349,1.1202750721292e-07,7.09719203590191e-06,"Down","COVID19_vs_Healthy"
"BAZ1A",151.318321806964,1.37429272495822,0.259071233022274,5.30469056300075,1.12864284553299e-07,7.12137227697592e-06,"Up","COVID19_vs_Healthy"
"LOC101926933",1.61657350937783,-3.50644616372621,0.6615589613491,-5.30027762994187,1.15626717992808e-07,7.22682138456417e-06,"Down","COVID19_vs_Healthy"
"SSR4P1",896.70800042022,2.87221999936516,0.541947370950297,5.29981351201828,1.15921022975818e-07,7.22682138456417e-06,"Up","COVID19_vs_Healthy"
"MFGE8",3.01792664267624,-2.60542917338327,0.492391554869353,-5.29137664449703,1.21399060315311e-07,7.53830355481742e-06,"Down","COVID19_vs_Healthy"
"CXCL8",221.701829249998,3.58705121434144,0.678253910164033,5.28865541442132,1.2321876958611e-07,7.62105654736539e-06,"Up","COVID19_vs_Healthy"
"ANKRD12",119.406466881263,1.36118726704297,0.257850917813609,5.27897002882464,1.2991204992448e-07,8.00340061896952e-06,"Up","COVID19_vs_Healthy"
"OFD1",52.5627094628325,1.25884797936433,0.238522996409314,5.2776797135489,1.30829874440275e-07,8.02833676565263e-06,"Up","COVID19_vs_Healthy"
"TPT1",471.202363396222,-1.23658710709692,0.235061586778847,-5.26069411868786,1.43512603689407e-07,8.77220790051502e-06,"Down","COVID19_vs_Healthy"
"BTN2A1",50.2589277892453,1.0974802265562,0.208769555229751,5.2568978525074,1.46505631742312e-07,8.92031177238795e-06,"Up","COVID19_vs_Healthy"
"C21orf2",13.4191450753172,-1.2801195629468,0.243668182192931,-5.2535359825241,1.49206509124913e-07,9.04954827436683e-06,"Down","COVID19_vs_Healthy"
"SDSL",4.51564383641063,-2.43781594968387,0.464262789662826,-5.2509397779959,1.51325152312779e-07,9.14260997448016e-06,"Down","COVID19_vs_Healthy"
"DKFZP434H168",3.3128292493844,-3.3108261420515,0.631396454225931,-5.24365653289969,1.57425131766647e-07,9.47457100724807e-06,"Down","COVID19_vs_Healthy"
"REXO4",24.0427748540133,-1.42342110359558,0.271512419758885,-5.24256350725925,1.58360859105438e-07,9.49437058728693e-06,"Down","COVID19_vs_Healthy"
"LOC401010",6.32617359199492,-3.39155056004915,0.647870190907382,-5.23492299483493,1.65053662136081e-07,9.82037910686464e-06,"Down","COVID19_vs_Healthy"
"VAX1",6.74286757611426,-3.5430816004452,0.677181039604503,-5.23210396220555,1.67591443106409e-07,9.93360190048895e-06,"Down","COVID19_vs_Healthy"
"CTNNBIP1",15.8111484823504,-1.36255319286061,0.260501625964302,-5.23049784360013,1.69054148799649e-07,9.98248800157325e-06,"Down","COVID19_vs_Healthy"
"ELF1",72.2700517008161,1.40412233796746,0.268489011773742,5.2297199378525,1.69767023547106e-07,9.98689618219969e-06,"Up","COVID19_vs_Healthy"
"CD274",22.7173046581071,2.76416877395131,0.530105335301855,5.21437644534803,1.84436584479259e-07,1.08092272431889e-05,"Up","COVID19_vs_Healthy"
"OASL",40.5964515039539,2.95029243232665,0.566070501683198,5.21188160053214,1.86934846799756e-07,1.09147629952335e-05,"Up","COVID19_vs_Healthy"
"HCCAT5",3.01180725813331,-3.81726822093056,0.734443568810665,-5.19749696646145,2.01989835460334e-07,1.17499514694547e-05,"Down","COVID19_vs_Healthy"
"NEMF",61.5799932720706,1.03326992222556,0.198847504951188,5.19629312160193,2.03301611810039e-07,1.17824578577907e-05,"Up","COVID19_vs_Healthy"
"COL25A1",16.8752008482731,-3.42123840029795,0.659796020870803,-5.18529711013197,2.15670762868625e-07,1.24531959312482e-05,"Down","COVID19_vs_Healthy"
"GABPB1_AS1",19.3804023307526,-1.52596062123845,0.29486781876448,-5.17506667099974,2.27829611151985e-07,1.30588928765797e-05,"Down","COVID19_vs_Healthy"
"MYOM1",11.3503501990795,-2.48110068628684,0.480460462487044,-5.16400594846811,2.41720009327981e-07,1.37543080216882e-05,"Down","COVID19_vs_Healthy"
"IFITM3",117.987330676994,2.19293179790241,0.425393761408394,5.15506337150326,2.53545168781911e-07,1.43230137223803e-05,"Up","COVID19_vs_Healthy"
"OTUB2",4.77302323994926,-2.24482633484169,0.435410037261382,-5.15566051017351,2.52738437539611e-07,1.43230137223803e-05,"Down","COVID19_vs_Healthy"
"COX7A1",5.69324353251262,-1.82167289618878,0.35347994823696,-5.15353955797117,2.5561512194341e-07,1.43364352264175e-05,"Down","COVID19_vs_Healthy"
"RSRC2",150.112581788804,1.09473787462261,0.212406312995628,5.15397993206135,2.55015245187176e-07,1.43364352264175e-05,"Up","COVID19_vs_Healthy"
"TNFSF10",85.0599525903891,1.64712488577127,0.319716109772823,5.15183575498164,2.57948903781904e-07,1.44156587370687e-05,"Up","COVID19_vs_Healthy"
"S100A2",21.508377151668,-2.50874387865705,0.487571569456035,-5.14538589987098,2.66971429975331e-07,1.48667933674519e-05,"Down","COVID19_vs_Healthy"
"ADORA1",6.58445050330267,-3.02640246309812,0.588648905107132,-5.14126916204375,2.72888782819854e-07,1.51424243743443e-05,"Down","COVID19_vs_Healthy"
"KMT2E",148.699069490422,1.12582149085474,0.219166986950002,5.13682058836523,2.79425483571315e-07,1.54503532400139e-05,"Up","COVID19_vs_Healthy"
"RGS2",156.952361975373,3.86040560769429,0.751660366916829,5.1358376437073,2.80890079478916e-07,1.5476647759458e-05,"Up","COVID19_vs_Healthy"
"LAMP3",29.3989107990458,2.08116746428047,0.40538277004508,5.13383305375567,2.83899946654714e-07,1.55330991792062e-05,"Up","COVID19_vs_Healthy"
"SLC22A7",97.0823136504439,-2.30098308879166,0.448183689954276,-5.13401790463729,2.83621096855386e-07,1.55330991792062e-05,"Down","COVID19_vs_Healthy"
"MAP1LC3B",53.7704699525951,-2.02943014444866,0.395754743814625,-5.12799954054186,2.92837157188986e-07,1.59662572672239e-05,"Down","COVID19_vs_Healthy"
"CNTRL",109.211736659765,1.18595650959713,0.231371213336057,5.12577382681817,2.96318153432071e-07,1.60999530031425e-05,"Up","COVID19_vs_Healthy"
"TSKS",49.8574254186367,5.9282548613969,1.15953010999961,5.11263554975634,3.17694864246737e-07,1.72016928572074e-05,"Up","COVID19_vs_Healthy"
"COX6B2",12.9997086289893,-2.34672725425488,0.459123164418833,-5.11132401090111,3.1990875948611e-07,1.72618354084092e-05,"Down","COVID19_vs_Healthy"
"GHRL",2.82501177286982,-2.19933410896344,0.430985922809562,-5.10303003547346,3.34257926963593e-07,1.78514267615232e-05,"Down","COVID19_vs_Healthy"
"LPAR1",12.4889269988608,-1.83744108885875,0.360043783637944,-5.10338234503853,3.33635968780941e-07,1.78514267615232e-05,"Down","COVID19_vs_Healthy"
"GCC2",109.195968846906,1.03167189133607,0.202285492396347,5.10007850347797,3.3951263615327e-07,1.80091312899199e-05,"Up","COVID19_vs_Healthy"
"COMTD1",16.4592865980606,-2.64082915569952,0.518031919727633,-5.09781165046353,3.43602438493395e-07,1.81644964781914e-05,"Down","COVID19_vs_Healthy"
"N4BP2L2",62.1793967114189,1.28082045501515,0.251403862111521,5.09467294677831,3.49343800973632e-07,1.83818948515128e-05,"Up","COVID19_vs_Healthy"
"GBP2",94.7130314977811,2.38702463983676,0.469417162961979,5.08508173151329,3.67467793412173e-07,1.92261451799105e-05,"Up","COVID19_vs_Healthy"
"GSTP1",198.294929280006,-1.0465384043984,0.205829243832782,-5.08449812529367,3.6859940912405e-07,1.92261451799105e-05,"Down","COVID19_vs_Healthy"
"DTX3L",56.0972043739347,1.58186869452849,0.311230533629352,5.08262693920757,3.72250373409045e-07,1.93520725684543e-05,"Up","COVID19_vs_Healthy"
"CIR1",68.4953538946084,1.25982206047359,0.24823860696955,5.07504483630997,3.8740464123417e-07,2.00732047219612e-05,"Up","COVID19_vs_Healthy"
"ZNF710",27.574236943004,-1.09145757161717,0.215099664118503,-5.07419468128904,3.89140497009322e-07,2.00966023009963e-05,"Down","COVID19_vs_Healthy"
"FYB",122.901104523668,2.60809013748255,0.514587698840382,5.06831030621185,4.01362703294117e-07,2.05998893980565e-05,"Up","COVID19_vs_Healthy"
"SLFNL1",35.9163689152113,-2.7241888238946,0.537557544438243,-5.06771573030647,4.02618078756021e-07,2.05998893980565e-05,"Down","COVID19_vs_Healthy"
"CFH",50.9888269114149,1.47120633386216,0.290436721779986,5.06549696899774,4.07336259952943e-07,2.07183595007926e-05,"Up","COVID19_vs_Healthy"
"MIR219A1",4.01388768936173,-3.27598904982787,0.646753764102858,-5.06528022202105,4.07800020848934e-07,2.07183595007926e-05,"Down","COVID19_vs_Healthy"
"NR2F6",22.9862719805534,-1.07117771600612,0.211695671313345,-5.05998875348094,4.19281207770684e-07,2.10285651897297e-05,"Down","COVID19_vs_Healthy"
"SNX21",9.03829560227727,-1.68341278913819,0.332611655646197,-5.06119602413709,4.16634582904818e-07,2.10285651897297e-05,"Down","COVID19_vs_Healthy"
"ZCCHC2",42.1705809742222,1.53499920149707,0.303344162514612,5.06025627383923,4.18693344127722e-07,2.10285651897297e-05,"Up","COVID19_vs_Healthy"
"KTN1",186.158751197408,1.08313491623113,0.214709317874656,5.04465724614453,4.54335061751106e-07,2.26415128862462e-05,"Up","COVID19_vs_Healthy"
"NOX4",53.7232793097189,6.14398104391049,1.21875452552036,5.04119649630615,4.62630128453057e-07,2.29817023810585e-05,"Up","COVID19_vs_Healthy"
"FEZF1_AS1",7.88150443672958,-1.71614500441251,0.340466893497426,-5.04056352376442,4.6416301982755e-07,2.29848827033592e-05,"Down","COVID19_vs_Healthy"
"PPP1R37",21.7429409579547,-1.19703843881271,0.237663881419163,-5.03668639788607,4.73659847925588e-07,2.3307639309244e-05,"Down","COVID19_vs_Healthy"
"RHOV",38.0472867751724,-1.45088007466327,0.288033699537447,-5.03718862408543,4.72419185994973e-07,2.3307639309244e-05,"Down","COVID19_vs_Healthy"
"RNF213",823.259726396651,1.55456625149823,0.308838597986688,5.0335879700025,4.81383756782819e-07,2.36134577621867e-05,"Up","COVID19_vs_Healthy"
"ISOC1",5.40752104443963,-1.52989735635957,0.304065383759922,-5.03147493292928,4.86720756315237e-07,2.38006449838151e-05,"Down","COVID19_vs_Healthy"
"IGF2_AS",7.91524330418197,5.4611361680915,1.08562190757068,5.0304218531404,4.89401833008729e-07,2.38571958969489e-05,"Up","COVID19_vs_Healthy"
"SMCHD1",163.408684202003,1.99012874628465,0.395988458501594,5.02572411785744,5.01536459957179e-07,2.43728028739439e-05,"Up","COVID19_vs_Healthy"
"KIAA1033",34.2975219210122,1.33076073141895,0.265613511451512,5.01013944714886,5.43906096548195e-07,2.62686499962535e-05,"Up","COVID19_vs_Healthy"
"ARHGAP19",6.41652204914666,-1.88696166070732,0.376698410703729,-5.00921057028671,5.4653750471452e-07,2.63145196116087e-05,"Down","COVID19_vs_Healthy"
"SNORA12",99.2665234615446,2.03422765275845,0.40618444169908,5.0081377914162,5.49591846738073e-07,2.63804086434275e-05,"Up","COVID19_vs_Healthy"
"B2M",904.367203213442,1.11983597496221,0.224086297040416,4.9973424959592,5.81257792401797e-07,2.77302498033638e-05,"Up","COVID19_vs_Healthy"
"CRBN",29.903490759806,1.3058710324993,0.261894243671166,4.98625328374512,6.15614299257182e-07,2.92323593730029e-05,"Up","COVID19_vs_Healthy"
"ZNF83",24.6291542754729,1.3548940166039,0.271740674735533,4.98598164563522,6.16479971439861e-07,2.92323593730029e-05,"Up","COVID19_vs_Healthy"
"NMI",38.7804537341901,1.58606546969171,0.318235109422122,4.98394244611107,6.2301618073514e-07,2.9453042888651e-05,"Up","COVID19_vs_Healthy"
"ACAD10",15.1810537063206,-1.42781922806534,0.286596422408238,-4.98198552538631,6.29351436239363e-07,2.96629255249203e-05,"Down","COVID19_vs_Healthy"
"CUL4A",116.506924388406,1.73408616458954,0.34852209564472,4.9755415402909,6.50654786670741e-07,3.057491321869e-05,"Up","COVID19_vs_Healthy"
"PITPNM2",7.16556170449275,-2.35880619583574,0.475010975008259,-4.96579304466539,6.84208897696582e-07,3.19597039736003e-05,"Down","COVID19_vs_Healthy"
"SEC22A",4.23806220168595,-2.01825797280449,0.406646151127185,-4.96317982405605,6.93483192425989e-07,3.22965029615532e-05,"Down","COVID19_vs_Healthy"
"TNFRSF19",194.05596055623,-2.14064576964566,0.43150144402302,-4.96092376815188,7.0158723738647e-07,3.25769646606038e-05,"Down","COVID19_vs_Healthy"
"C2orf40",41.5296116350006,2.77590971446603,0.559724415175692,4.9594222428098,7.07031404529807e-07,3.27326254972853e-05,"Up","COVID19_vs_Healthy"
"C19orf70",6.42545032111086,-1.77092317351063,0.357174397399521,-4.95814701838706,7.11687003050462e-07,3.28509682116036e-05,"Down","COVID19_vs_Healthy"
"DDX10",17.9265600757155,1.22556754900475,0.247283550219339,4.95612242673513,7.19139125835811e-07,3.30469992245876e-05,"Up","COVID19_vs_Healthy"
"SNAPC1",24.907337711294,1.49347324797816,0.301355784585893,4.95584728871362,7.20157639032744e-07,3.30469992245876e-05,"Up","COVID19_vs_Healthy"
"TIMM8A",1.46134902905736,-2.2356964538341,0.451437372308492,-4.95239559454623,7.33053887300165e-07,3.35404304926111e-05,"Down","COVID19_vs_Healthy"
"DPP9_AS1",4.48989289985142,-2.19502775583019,0.443530833857563,-4.9489857035173,7.46012258165454e-07,3.40338187048776e-05,"Down","COVID19_vs_Healthy"
"NUDT3",8.92926538858467,-1.409250769638,0.284814429968955,-4.94796127356191,7.499482449271e-07,3.41139248157537e-05,"Down","COVID19_vs_Healthy"
"ISX",39.6274428817379,4.17790323921703,0.844750712774602,4.94572324833515,7.58616727960787e-07,3.44082161134214e-05,"Up","COVID19_vs_Healthy"
"CENPN",10.1937938088495,-1.91115133882841,0.386648178950463,-4.94286910652503,7.69811714239122e-07,3.48150685098664e-05,"Down","COVID19_vs_Healthy"
"DDX52",24.7148486605573,1.00673689693449,0.203786151641063,4.94016344500041,7.80571129778825e-07,3.51385115718022e-05,"Up","COVID19_vs_Healthy"
"SCARF2",15.5931513175155,-1.75156431030754,0.354571774622662,-4.93994287100706,7.81454628514006e-07,3.51385115718022e-05,"Down","COVID19_vs_Healthy"
"ESF1",43.4883327390398,1.18363276830511,0.239731737293785,4.93732194855202,7.92026609501912e-07,3.55118406460914e-05,"Up","COVID19_vs_Healthy"
"CASP4",63.0048245372199,1.80383021481901,0.365517074038038,4.93500945083427,8.01468787821238e-07,3.5730437583552e-05,"Up","COVID19_vs_Healthy"
"CXCL11",6.70342823896824,5.32479444400125,1.07895101357391,4.93515866523301,8.00856271195252e-07,3.5730437583552e-05,"Up","COVID19_vs_Healthy"
"AP1AR",16.6918268033346,-1.25777849262129,0.255153922042818,-4.92948915913671,8.24449101529338e-07,3.66505100588951e-05,"Down","COVID19_vs_Healthy"
"EGFL7",2.44161603009224,-2.93421444545393,0.595476527877235,-4.92750647269654,8.32856653721339e-07,3.68307877898456e-05,"Down","COVID19_vs_Healthy"
"SNHG19",6.96201430042762,-2.99180684869684,0.607174737303182,-4.92742313684722,8.33211840337765e-07,3.68307877898456e-05,"Down","COVID19_vs_Healthy"
"BCL2L10",1.50456111799677,-3.40741199487675,0.69204908987616,-4.92365649304805,8.49418886365826e-07,3.74414274193027e-05,"Down","COVID19_vs_Healthy"
"ALDOC",3.25738158481991,-2.48939432198367,0.505923974899439,-4.92049091462502,8.63274076832117e-07,3.79452605456994e-05,"Down","COVID19_vs_Healthy"
"PPP1R12A",102.727710036453,1.06581556504624,0.216634520751825,4.91987870329878,8.65978618715661e-07,3.79575165984949e-05,"Up","COVID19_vs_Healthy"
"CYC1",13.3255367137741,-1.09527970383111,0.222679420357367,-4.91863910043124,8.71479771564064e-07,3.80919426408784e-05,"Down","COVID19_vs_Healthy"
"VGF",8.79903335764911,-2.76860010259403,0.56297264719387,-4.91782347933613,8.75117702011654e-07,3.81444061311375e-05,"Down","COVID19_vs_Healthy"
"TMA7",87.8656762051634,1.31993068937399,0.268493002962259,4.91607108867387,8.82983451470575e-07,3.83803473572543e-05,"Up","COVID19_vs_Healthy"
"TOP1",114.793864431265,1.16542243408415,0.23717561778342,4.9137531293304,8.93492441404713e-07,3.87295560196702e-05,"Up","COVID19_vs_Healthy"
"ZNRF1",19.8246213808424,-1.61702799214531,0.329200725117804,-4.9119818662813,9.01603931472813e-07,3.89731997781397e-05,"Down","COVID19_vs_Healthy"
"ATF3",39.5985893319835,2.00890197950853,0.409087824884224,4.91068630575127,9.07581793678313e-07,3.90160437018633e-05,"Up","COVID19_vs_Healthy"
"JMJD1C",86.8890446306016,1.57257135727975,0.320423925506034,4.90778382043801,9.21113022177141e-07,3.94892508795285e-05,"Up","COVID19_vs_Healthy"
"TNFAIP3",133.443524453716,2.07482099499176,0.423010052201113,4.90489761223291,9.34760861284792e-07,3.98559617367423e-05,"Up","COVID19_vs_Healthy"
"POLR2L",26.6318531733734,-1.22398496431163,0.249670996538866,-4.90239147229539,9.46769232811462e-07,4.02582743343309e-05,"Down","COVID19_vs_Healthy"
"BIRC3",25.6810254300607,2.13841334107212,0.436560528229428,4.89832039956738,9.66593315231934e-07,4.08434308373894e-05,"Up","COVID19_vs_Healthy"
"GPS2",98.8059442992941,1.25565242461607,0.256439535309963,4.89648533756051,9.75659243804912e-07,4.09306054880945e-05,"Up","COVID19_vs_Healthy"
"OTUD1",28.2853688533233,-1.3648091230789,0.278728449277673,-4.89655478877671,9.75314642046666e-07,4.09306054880945e-05,"Down","COVID19_vs_Healthy"
"CABLES1",9.59780156576521,-2.18215174478378,0.445741569101724,-4.89555360336111,9.80293654320896e-07,4.10150671198219e-05,"Down","COVID19_vs_Healthy"
"PRDM13",123.202352742654,3.60900301335425,0.739212486861993,4.88222679878516,1.04894511165582e-06,4.36539710297612e-05,"Up","COVID19_vs_Healthy"
"RGS1",7.68828650607155,3.42293427673474,0.701379724940525,4.88028689027901,1.05931627711619e-06,4.39686501440695e-05,"Up","COVID19_vs_Healthy"
"PSMB4",14.6480684454979,-1.22638265146811,0.25136635749695,-4.8788655080185,1.06697786306222e-06,4.41694962994647e-05,"Down","COVID19_vs_Healthy"
"KIAA1551",84.0755603857803,1.7907030883791,0.367095406486804,4.87803185966444,1.07149620673098e-06,4.42395056541591e-05,"Up","COVID19_vs_Healthy"
"C2CD2L",159.542411283313,2.58926515062299,0.53092915796414,4.87685619029022,1.0778996001719e-06,4.43867709039208e-05,"Up","COVID19_vs_Healthy"
"UQCRB",48.4626825130348,1.2110044990986,0.24872207194741,4.86890644491999,1.12217516007199e-06,4.60887057868936e-05,"Up","COVID19_vs_Healthy"
"CCR2",2.75957696747631,-2.56221600866922,0.526800234778156,-4.86373361194156,1.15191922716383e-06,4.71864713786901e-05,"Down","COVID19_vs_Healthy"
"MYPOP",6.0806189407137,-1.67458155288004,0.344476184749297,-4.86124041956272,1.16652474001587e-06,4.76599977330765e-05,"Down","COVID19_vs_Healthy"
"FAM53B",74.4311823366595,-1.81336193482359,0.373233965179595,-4.85851263282274,1.18270863895406e-06,4.81734837091733e-05,"Down","COVID19_vs_Healthy"
"SKI",43.6856366091919,-1.21264034571646,0.249612698470816,-4.85808756183228,1.18524995066665e-06,4.81734837091733e-05,"Down","COVID19_vs_Healthy"
"BHLHE22",6.27670215645451,-2.70093794651943,0.556102814783234,-4.85690392984657,1.19235407657521e-06,4.83366751042717e-05,"Down","COVID19_vs_Healthy"
"STAP2",16.9007073626796,-1.06880371594782,0.22044817573281,-4.84832188969095,1.24510250814987e-06,5.03446099419359e-05,"Down","COVID19_vs_Healthy"
"C1orf106",32.1454043319103,-1.11720945600578,0.230458259010279,-4.84777356560674,1.24854793337762e-06,5.03538094368374e-05,"Down","COVID19_vs_Healthy"
"LRRC59",79.9123062688484,-1.09645153490601,0.226312855155491,-4.84484866824147,1.26708219300381e-06,5.09699284219117e-05,"Down","COVID19_vs_Healthy"
"VASH2",3.23796377428841,-2.46526607165132,0.509080846441659,-4.84258264455023,1.28162301419618e-06,5.14226587849789e-05,"Down","COVID19_vs_Healthy"
"SPI1",91.2128473883553,-2.78191440217247,0.576192140431184,-4.82810195934063,1.37840519114081e-06,5.50236847728862e-05,"Down","COVID19_vs_Healthy"
"MNDA",68.463502039185,3.49343536476651,0.724612917338238,4.82110556019226,1.42764781217949e-06,5.67000836674737e-05,"Up","COVID19_vs_Healthy"
"RNU2_2P",2886.03494595039,2.46439248028441,0.511125088396566,4.82150560837344,1.42478714379337e-06,5.67000836674737e-05,"Up","COVID19_vs_Healthy"
"ELAVL4",4.04651428596403,-2.81561722903886,0.584298691548877,-4.81879776518947,1.44425855506716e-06,5.72145768852933e-05,"Down","COVID19_vs_Healthy"
"MYOCD",14.7025897760127,5.21299004289291,1.08200584155807,4.8178945461018,1.45081009410531e-06,5.73289806882826e-05,"Up","COVID19_vs_Healthy"
"ALKBH1",2.88891280170356,-2.05217407178181,0.42602271010442,-4.81705323004685,1.45693831603849e-06,5.74261228447614e-05,"Down","COVID19_vs_Healthy"
"SNORA72",370.131550399838,2.6182953326997,0.545705080865665,4.7980043149795,1.60254327539858e-06,6.26914929335924e-05,"Up","COVID19_vs_Healthy"
"FCGR3A",24.1262596352381,3.37338605382391,0.703303683533762,4.79648569004256,1.61473487054954e-06,6.30109008836888e-05,"Up","COVID19_vs_Healthy"
"GPR62",1.84028713873558,-3.07584537666301,0.641515064484019,-4.79465806330981,1.62952537986345e-06,6.30359458504512e-05,"Down","COVID19_vs_Healthy"
"R3HCC1",27.2561272898426,-1.16813869161366,0.243584691660422,-4.7956161926717,1.62175532261975e-06,6.30359458504512e-05,"Down","COVID19_vs_Healthy"
"LCP2",90.2734680815569,2.69600848848786,0.562391792068929,4.79382616622084,1.6363007539083e-06,6.30660940816675e-05,"Up","COVID19_vs_Healthy"
"FCGR3B",61.284926236104,4.60964610106554,0.961861141875656,4.79242366738779,1.64778473709961e-06,6.33305993864706e-05,"Up","COVID19_vs_Healthy"
"SNORD29",98.3032059733662,2.69996636610738,0.563431888212021,4.79200134496359,1.65125795946319e-06,6.33305993864706e-05,"Up","COVID19_vs_Healthy"
"CLK1",87.0716160081699,1.04304352644605,0.217816429917161,4.78863567290463,1.67919019783915e-06,6.42444210654941e-05,"Up","COVID19_vs_Healthy"
"BZW1",413.010743976421,2.6864004509482,0.561314269589643,4.78591155879956,1.70213003290876e-06,6.48051843186284e-05,"Up","COVID19_vs_Healthy"
"ETV5",5.37530961402916,-1.94506359824062,0.406402060802299,-4.78605741910062,1.70089414520154e-06,6.48051843186284e-05,"Down","COVID19_vs_Healthy"
"SH3PXD2B",30.3925708074811,-1.00317160285761,0.209644030363149,-4.78511885656798,1.70886177694246e-06,6.49035657417368e-05,"Down","COVID19_vs_Healthy"
"ESAM",18.105969154715,-2.84054669746348,0.593823431869566,-4.783487051901,1.72279994269435e-06,6.52745121144822e-05,"Down","COVID19_vs_Healthy"
"NOP58",44.6211832320662,1.28152656149593,0.267970514935487,4.78234167592825,1.7326484355947e-06,6.54890886961012e-05,"Up","COVID19_vs_Healthy"
"RXFP3",18.8042084946794,-2.56112335979872,0.536751596936005,-4.77152443405599,1.82836795162114e-06,6.89404860408858e-05,"Down","COVID19_vs_Healthy"
"VPS51",19.6324438034308,-1.27456529006873,0.26715962985488,-4.7708004789536,1.83495231850666e-06,6.90224372115196e-05,"Down","COVID19_vs_Healthy"
"ZFAND4",41.6002069057435,2.7949476515557,0.586545857246748,4.76509656836588,1.88763222555792e-06,7.08337387662598e-05,"Up","COVID19_vs_Healthy"
"PYROXD1",136.203446979103,3.00601013002212,0.63173675838115,4.7583270882086,1.95204004973662e-06,7.30754131537767e-05,"Up","COVID19_vs_Healthy"
"FAS",10.1716462139294,1.94014742265006,0.408006795659338,4.75518408833066,1.98265669924636e-06,7.40056839953649e-05,"Up","COVID19_vs_Healthy"
"MMP11",3.28307381357561,-3.69943689117294,0.778041242152588,-4.75480821676984,1.98634888024369e-06,7.40056839953649e-05,"Down","COVID19_vs_Healthy"
"CYP2W1",6.26563351228008,-2.20781840978673,0.464447235136149,-4.75364743885174,1.99779292742727e-06,7.42552582621899e-05,"Down","COVID19_vs_Healthy"
"NMU",6.40345983981716,-2.87072446696353,0.604517200262108,-4.74878872878858,2.04638579535249e-06,7.58811491129756e-05,"Down","COVID19_vs_Healthy"
"FAM89A",4.85662459842256,-3.12220887445624,0.657967621693129,-4.74523178879524,2.08267709311454e-06,7.70442816857124e-05,"Down","COVID19_vs_Healthy"
"SMC3",41.8082786281023,1.15480475707819,0.243566241702282,4.74123486492738,2.12419510486281e-06,7.83948231153142e-05,"Up","COVID19_vs_Healthy"
"CASP1",29.3391967568558,2.26665641128558,0.47841556679044,4.73784000485595,2.16008244202176e-06,7.95316942417798e-05,"Up","COVID19_vs_Healthy"
"CHPF",7.54428996570363,-1.4423824889867,0.304554954714792,-4.73603356851461,2.1794150478586e-06,8.00551330255665e-05,"Down","COVID19_vs_Healthy"
"AR",12.9488187734024,-2.18557931840201,0.461844184713172,-4.73228718850139,2.22004008384834e-06,8.13564103795289e-05,"Down","COVID19_vs_Healthy"
"TSPAN12",4.99325308771223,-2.09894084484433,0.443628184306972,-4.7313063486335,2.2307956528482e-06,8.15595569527305e-05,"Down","COVID19_vs_Healthy"
"LINC01039",27.8538854928281,-2.77603421838904,0.586855512019703,-4.73035382906285,2.24128855164439e-06,8.17521754222176e-05,"Down","COVID19_vs_Healthy"
"UBC",248.452759193579,1.07711956358714,0.227893624565264,4.72641376274515,2.28519775380736e-06,8.29669940871871e-05,"Up","COVID19_vs_Healthy"
"CCDC66",52.2281040761658,1.42769692315893,0.302104687227762,4.72583506154795,2.29171612496236e-06,8.30110507486365e-05,"Up","COVID19_vs_Healthy"
"FAM71E1",2.46256310117521,-2.36601890994365,0.500831287780607,-4.72418350784047,2.31041721372062e-06,8.349516988522e-05,"Down","COVID19_vs_Healthy"
"FJX1",17.8153247206896,3.44887826406144,0.731496106647508,4.71482791599242,2.41915114807948e-06,8.70227061267763e-05,"Up","COVID19_vs_Healthy"
"LAMTOR4",12.9282342588036,-1.24457078647968,0.263955159100004,-4.71508414809256,2.41610876088905e-06,8.70227061267763e-05,"Down","COVID19_vs_Healthy"
"NDUFB7",72.9203694339676,-1.16117766994911,0.246537195436885,-4.70994921432203,2.47778524437507e-06,8.87239897116271e-05,"Down","COVID19_vs_Healthy"
"THEG",2.48056775938094,-3.45063707321938,0.733107109096604,-4.70686620059045,2.51553894958631e-06,8.9870213431796e-05,"Down","COVID19_vs_Healthy"
"DENND4A",29.0232915050484,1.19486621807106,0.254024319245629,4.70374734836188,2.55429306332083e-06,9.10468743846114e-05,"Up","COVID19_vs_Healthy"
"CEP290",54.0312105891938,1.29390558078458,0.275191408578767,4.70183857652746,2.57829300988252e-06,9.16934750423676e-05,"Up","COVID19_vs_Healthy"
"FBXO2",11.2804541420755,-1.53868637937091,0.327294244509133,-4.70123262228028,2.58595713400842e-06,9.17574993944756e-05,"Down","COVID19_vs_Healthy"
"CD68",49.5592693107338,1.59697117661362,0.339944820519366,4.69773645668076,2.63060557098037e-06,9.31305791282825e-05,"Up","COVID19_vs_Healthy"
"SEMA6C",12.1067722956414,-2.34547603338982,0.499337869205611,-4.69717235170086,2.63787854751405e-06,9.31772539762977e-05,"Down","COVID19_vs_Healthy"
"UBL4A",5.90377993167961,-2.25824660604448,0.480925560854204,-4.69562607991443,2.65791363759705e-06,9.36734968493662e-05,"Down","COVID19_vs_Healthy"
"MAFG",38.0368058775335,-1.50617583330419,0.320989709718011,-4.69228697277355,2.70167794077791e-06,9.50019245332422e-05,"Down","COVID19_vs_Healthy"
"PHF11",29.6162104348832,1.57114889929258,0.334990896872106,4.69012416147064,2.73039316284743e-06,9.57963950947009e-05,"Up","COVID19_vs_Healthy"
"COLGALT1",15.5996950864681,-1.24982343357464,0.266872467318117,-4.68322358666106,2.82398185013717e-06,9.84179687994353e-05,"Down","COVID19_vs_Healthy"
"BCL2A1",51.1146755594481,3.59974518207443,0.769307608223159,4.67920132804695,2.87994547127436e-06,0.000100145303854447,"Up","COVID19_vs_Healthy"
"GPRC5C",11.9873325420221,-1.33903500000938,0.286238554163951,-4.67803858191099,2.89632058303267e-06,0.000100491406836575,"Down","COVID19_vs_Healthy"
"ARHGAP23",40.3150901383741,-1.07825192655803,0.230650890378384,-4.67482230304488,2.9420825082489e-06,0.000101628492470373,"Down","COVID19_vs_Healthy"
"LOC100287042",2.93953328491149,-2.89448121843976,0.61953081970064,-4.67205363542429,2.98203059726999e-06,0.000102781530365817,"Down","COVID19_vs_Healthy"
"SERPINA1",55.0351583963333,2.71076474296672,0.580968207741379,4.66594334568723,3.07204343500816e-06,0.000105651287189028,"Up","COVID19_vs_Healthy"
"LINC00116",3.41161155158859,-1.74822164236849,0.375050648368733,-4.66129481437321,3.14226235208325e-06,0.000107829213345173,"Down","COVID19_vs_Healthy"
"KIAA0020",23.6867755815198,1.20453114099155,0.258473209897528,4.66017790187649,3.15936198098681e-06,0.000108178766473701,"Up","COVID19_vs_Healthy"
"RNF182",2.18815949018721,-2.67817950092658,0.574814073819949,-4.65921003487029,3.17425191600998e-06,0.000108451296903328,"Down","COVID19_vs_Healthy"
"WDR70",27.3538771557183,1.22784853588978,0.263901476989106,4.65267777163848,3.27652051000731e-06,0.00011145868030564,"Up","COVID19_vs_Healthy"
"ATOH7",4.3430256647226,-3.41530452800427,0.734656865228838,-4.64884313977035,3.33801938452074e-06,0.000113304397676747,"Down","COVID19_vs_Healthy"
"DFNB31",64.9283507623155,-1.67323970770194,0.360105135711314,-4.64653108708598,3.37563283754401e-06,0.000114086182811855,"Down","COVID19_vs_Healthy"
"SNORA68",83.6610580663337,1.50970308170549,0.325109085242441,4.643681614064,3.42254860139981e-06,0.000115422501109276,"Up","COVID19_vs_Healthy"
"RRAD",2620.17305778788,-2.33306609395372,0.502654743255537,-4.64148826855425,3.45908663976164e-06,0.000116072551203564,"Down","COVID19_vs_Healthy"
"SRGN",44.4970404988425,3.17382298626285,0.683838133239829,4.64119041040631,3.46407728860331e-06,0.000116072551203564,"Up","COVID19_vs_Healthy"
"UNC5B",28.7345925367214,-1.57591898907628,0.339682730470574,-4.63938507233824,3.4944740084208e-06,0.000116840874537967,"Down","COVID19_vs_Healthy"
"SKIL",51.5840426650439,1.18453065708608,0.255422498311383,4.6375345355914,3.52589710513044e-06,0.000117640166100386,"Up","COVID19_vs_Healthy"
"JMJD8",16.5489367938819,-1.50431829923174,0.325698479773402,-4.61874522803525,3.86067527463225e-06,0.000127182835152517,"Down","COVID19_vs_Healthy"
"PNISR",127.055359451778,1.03244068199111,0.223514788602596,4.61911575715362,3.85378826738633e-06,0.000127182835152517,"Up","COVID19_vs_Healthy"
"UBE2Q2",28.3779137423317,1.25636803050412,0.271994364797329,4.61909580898956,3.85415874284352e-06,0.000127182835152517,"Up","COVID19_vs_Healthy"
"DLGAP3",8.19672860536041,-2.52651128931708,0.547250614859052,-4.6167354055286,3.89823777500913e-06,0.000127881812795268,"Down","COVID19_vs_Healthy"
"C12orf10",11.731176312166,-1.63595908007041,0.354551103687107,-4.61417003940327,3.94669221928198e-06,0.000129200501772645,"Down","COVID19_vs_Healthy"
"MRTO4",36.7305796631982,-2.08190703844469,0.451264035701911,-4.61350090796938,3.95942533223866e-06,0.000129346738202235,"Down","COVID19_vs_Healthy"
"MAP3K10",13.8752704433314,-1.52453186150506,0.330694962226344,-4.61008492914867,4.02504504656334e-06,0.000131216468517965,"Down","COVID19_vs_Healthy"
"BMP1",7.39228905571424,-1.83503750146139,0.398281854682721,-4.60738414237629,4.07766268916055e-06,0.000132655438170445,"Down","COVID19_vs_Healthy"
"CSPP1",229.678574384917,1.43888825677047,0.312720477551448,4.60119614819194,4.20071610726441e-06,0.00013609276531361,"Up","COVID19_vs_Healthy"
"ERGIC2",19.1034551964536,1.37463807964134,0.299055915265539,4.59659217381059,4.29457036934428e-06,0.000138845944503098,"Up","COVID19_vs_Healthy"
"CBX3",69.4425267974092,1.14565326236305,0.249398444038831,4.59366643917263,4.35525347386862e-06,0.000140228408146288,"Up","COVID19_vs_Healthy"
"CMPK2",65.1737779617477,1.95448450585237,0.425952659457352,4.5885017089512,4.464386537203e-06,0.000143211784648369,"Up","COVID19_vs_Healthy"
"CACFD1",15.7215624976357,-1.44997185692685,0.316193822774618,-4.58570583132608,4.52455277069538e-06,0.000144785688662252,"Down","COVID19_vs_Healthy"
"TNFSF13B",10.0528095923654,3.40142768553841,0.741891818214963,4.58480280012045,4.54415107695833e-06,0.000145116073576008,"Up","COVID19_vs_Healthy"
"ADRB1",17.7128726246585,-1.48109403314956,0.323569849715722,-4.57735488782653,4.70892221616866e-06,0.000150071720648895,"Down","COVID19_vs_Healthy"
"FFAR2",58.7131040363802,4.23797810896831,0.926296655456283,4.57518450920103,4.75800471719945e-06,0.000151327759786051,"Up","COVID19_vs_Healthy"
"MIR1246",369.827921891851,2.40101796851082,0.5249431777401,4.573862601372,4.78813900928922e-06,0.000151669634043234,"Up","COVID19_vs_Healthy"
"SAMSN1",19.2080639350181,3.22106333320111,0.704229735243987,4.57388146509483,4.78770770788113e-06,0.000151669634043234,"Up","COVID19_vs_Healthy"
"COL18A1",82.2386987304429,-2.20681222154725,0.482550349681256,-4.57322686224336,4.80269637149143e-06,0.000151823419840602,"Down","COVID19_vs_Healthy"
"OXTR",17.4286354254233,-2.05821436250979,0.450389317894352,-4.5698560794743,4.8805926289744e-06,0.000153974825520547,"Down","COVID19_vs_Healthy"
"PPCS",44.1132597638873,1.66683518783352,0.364974781978361,4.56698728278806,4.94784016371465e-06,0.000155782299560979,"Up","COVID19_vs_Healthy"
"FRG1",16.2716669092474,1.33236682368359,0.291959971319616,4.56352566984264,5.03016562357822e-06,0.000157739542440385,"Up","COVID19_vs_Healthy"
"CXCL9",13.2709185815149,3.39660785427154,0.744610575671517,4.56158959494814,5.07678046142578e-06,0.000158882921320781,"Up","COVID19_vs_Healthy"
"PNPT1",19.8525829135801,1.61762455615182,0.354729345017846,4.56016559912865,5.11132970056723e-06,0.000159326866841586,"Up","COVID19_vs_Healthy"
"PTGS2",56.4989657972279,3.10011550040266,0.679993757044468,4.55903523861311,5.13891488661286e-06,0.000159868270667432,"Up","COVID19_vs_Healthy"
"EIF6",85.502056241612,-1.87680667845727,0.411987486278306,-4.55549438020905,5.22625129680959e-06,0.000162262659310469,"Down","COVID19_vs_Healthy"
"JAK2",44.5424431891152,1.0309367507685,0.226524617421881,4.55110249164876,5.33655429096134e-06,0.000164775894878162,"Up","COVID19_vs_Healthy"
"SEPT10",102.777843075416,2.22956388435105,0.489904819389439,4.55101439322382,5.33878953880549e-06,0.000164775894878162,"Up","COVID19_vs_Healthy"
"SMC4",32.1701954966099,1.15429918476796,0.253613652193098,4.55140791824997,5.32881189245205e-06,0.000164775894878162,"Up","COVID19_vs_Healthy"
"PRMT6",13.7809789516699,-1.16115346277556,0.255225982912513,-4.54951118034713,5.37706772111732e-06,0.000165305217485351,"Down","COVID19_vs_Healthy"
"PSIP1",65.8231226591385,1.11438810051436,0.24492611708571,4.5498949388251,5.367270699008e-06,0.000165305217485351,"Up","COVID19_vs_Healthy"
"SF3B5",14.8713955852702,-1.22015835131325,0.268231133376493,-4.54890651936596,5.3925389420772e-06,0.000165455783069851,"Down","COVID19_vs_Healthy"
"SHANK3",17.8306158862427,-1.36278428312863,0.29966777204221,-4.54765046585215,5.42481341319864e-06,0.000166120313678537,"Down","COVID19_vs_Healthy"
"FFAR4",4.85315489891864,-3.10626467531006,0.683572344475759,-4.54416376030002,5.51537686671405e-06,0.000168235121267722,"Down","COVID19_vs_Healthy"
"IRF1",146.561793896449,1.58000729503242,0.348076241599997,4.53925636455286,5.64529664341088e-06,0.000171308511897992,"Up","COVID19_vs_Healthy"
"GPR101",13.1445064879844,-2.50888635008983,0.552815287359583,-4.53838091575406,5.66877934144112e-06,0.000171458983400236,"Down","COVID19_vs_Healthy"
"SHD",5.4940034841336,-3.24112994284261,0.71437203668821,-4.53703361328127,5.70510162782927e-06,0.000172010462952355,"Down","COVID19_vs_Healthy"
"CYLD",71.4376078818721,1.45167876622187,0.320309582233382,4.53211157811743,5.83969884409391e-06,0.000175056719372378,"Up","COVID19_vs_Healthy"
"SNORD12B",157.759541656067,2.35954983141064,0.520972470517808,4.52912575028279,5.92282428128974e-06,0.000177049288657887,"Up","COVID19_vs_Healthy"
"ZNFX1",250.532893761874,1.07179455612638,0.236656040700239,4.52891273324383,5.92879775413681e-06,0.000177049288657887,"Up","COVID19_vs_Healthy"
"AKAP9",337.237655810251,1.07165675431945,0.236682369288758,4.52782671366619,5.95934190592325e-06,0.000177622442178833,"Up","COVID19_vs_Healthy"
"MRPL4",9.6334988990157,-1.20313242733168,0.265775860094647,-4.52686871901468,5.98641033836991e-06,0.0001777520853412,"Down","COVID19_vs_Healthy"
"RPAP3",25.940906903878,1.20534795551954,0.266299726233292,4.52628311928339,6.00301454264187e-06,0.000177907521900114,"Up","COVID19_vs_Healthy"
"OLIG2",5.67979598717229,-2.67421542037702,0.59101658021817,-4.52477224816578,6.04605786192027e-06,0.000178844448815366,"Down","COVID19_vs_Healthy"
"PYGO2",11.7447806031661,-1.17059288260348,0.258797265912009,-4.5232042095896,6.0910420915592e-06,0.000179835144620223,"Down","COVID19_vs_Healthy"
"YY1AP1",214.592489443026,1.70603545147009,0.377468541120453,4.51967585538652,6.19343841807548e-06,0.000182170910462491,"Up","COVID19_vs_Healthy"
"KRT5",84.510166548776,-2.09017902668393,0.462653946778376,-4.51780221748585,6.24848076034631e-06,0.000183101548572845,"Down","COVID19_vs_Healthy"
"TP53I13",16.4328263517214,-1.37191356569898,0.30364319576518,-4.51817654679123,6.23744671067169e-06,0.000183101548572845,"Down","COVID19_vs_Healthy"
"NT5C3B",10.5043859024871,-1.64676954453758,0.364613449087961,-4.5164805320725,6.2875894728465e-06,0.000183903177702994,"Down","COVID19_vs_Healthy"
"RNVU1_1",410.096295013545,-2.64275101909881,0.586237440439052,-4.50798744126538,6.54454489203722e-06,0.000190705844451766,"Down","COVID19_vs_Healthy"
"LAMTOR5",25.7069584083224,-1.19784195092861,0.265870359649753,-4.5053610056668,6.62601988338342e-06,0.000192721113634171,"Down","COVID19_vs_Healthy"
"RNF7",15.8053563881241,-1.07639778057531,0.238969373508949,-4.50433360882123,6.65815417362567e-06,0.000193261625459377,"Down","COVID19_vs_Healthy"
"THOC1",15.6677273545824,1.13507733529991,0.252016612994283,4.5039782172045,6.6693045595644e-06,0.000193261625459377,"Up","COVID19_vs_Healthy"
"SLC6A18",4.99952312539991,-3.25797603806463,0.726033028082504,-4.4873661555992,7.2109084574885e-06,0.00020704686706938,"Down","COVID19_vs_Healthy"
"LINC01586",10.5454318822773,-2.93329215557927,0.654121530984142,-4.48432289205656,7.31458299156613e-06,0.000209631125736313,"Down","COVID19_vs_Healthy"
"PAX8",5.98994161627391,-2.28837528345136,0.51050172855313,-4.48260046040803,7.37389099766548e-06,0.000210944508832668,"Down","COVID19_vs_Healthy"
"MAPK12",20.3433710614937,-2.39136677521459,0.533707428029431,-4.48066983823715,7.44091412090209e-06,0.000211769168137551,"Down","COVID19_vs_Healthy"
"AMN",5.18911253361668,-1.86256780508667,0.416203018226674,-4.47514247499347,7.63603759844582e-06,0.000215294984397262,"Down","COVID19_vs_Healthy"
"CEP162",40.6242718639336,1.14175443510952,0.255117394185419,4.47540803227121,7.62655223199784e-06,0.000215294984397262,"Up","COVID19_vs_Healthy"
"FAM83E",18.3905720375393,-1.04341300755345,0.233308107050135,-4.47225353951904,7.73995818053147e-06,0.00021783249210244,"Down","COVID19_vs_Healthy"
"LRRC75A",5.44438339173834,-2.17027916067176,0.485461467474357,-4.47054875840666,7.80191539827791e-06,0.00021918199668268,"Down","COVID19_vs_Healthy"
"HIST1H2BC",32.8035457592611,1.50883645166313,0.337737591818052,4.4674815247572,7.91458442326702e-06,0.000220772876395647,"Up","COVID19_vs_Healthy"
"MIR4516",4.4020485327195,-2.75855335552061,0.617475398460135,-4.46747086993249,7.91497850574884e-06,0.000220772876395647,"Down","COVID19_vs_Healthy"
"NBN",39.4170306732234,1.80531049283832,0.40407575698598,4.46775254794847,7.90456658444001e-06,0.000220772876395647,"Up","COVID19_vs_Healthy"
"SNHG11",2.11684151175566,-1.66619037060457,0.373127259471017,-4.46547478993286,7.9891379804545e-06,0.000222444895228028,"Down","COVID19_vs_Healthy"
"PWWP2B",27.5422155349636,-1.36106185725169,0.304987764875834,-4.46267691363227,8.09420510624767e-06,0.000224970020430841,"Down","COVID19_vs_Healthy"
"SELL",54.7205596909821,2.98648588549609,0.669310417476842,4.46203406896684,8.11853143140611e-06,0.000225246063543693,"Up","COVID19_vs_Healthy"
"PACSIN3",14.4480425678273,-1.12177506132853,0.251483072406198,-4.46063844614012,8.17158493596927e-06,0.00022631674527088,"Down","COVID19_vs_Healthy"
"ARHGAP15",6.58841617670262,3.22080241339388,0.722243951526611,4.45943840247613,8.21746849714314e-06,0.00022718541880441,"Up","COVID19_vs_Healthy"
"LOC653160",1.5125892580612,-2.56723358107774,0.576034705500968,-4.4567342150766,8.32176727541444e-06,0.000229439102174978,"Down","COVID19_vs_Healthy"
"SCLT1",31.8270560191274,1.34423176239667,0.301629521932837,4.45656563648959,8.32831096851912e-06,0.000229439102174978,"Up","COVID19_vs_Healthy"
"PPIE",23.3010357273501,1.38368941594755,0.310648554722227,4.45419556895993,8.42083180773543e-06,0.000231580274389181,"Up","COVID19_vs_Healthy"
"TMEM8A",32.6618869470283,-1.41149652351487,0.316938139351649,-4.45353950270021,8.44661590818529e-06,0.000231881834616287,"Down","COVID19_vs_Healthy"
"CEP135",12.7465713284747,1.5138276878429,0.340238363538856,4.4493150980901,8.6144555516626e-06,0.000236075307307209,"Up","COVID19_vs_Healthy"
"STAT2",103.517747443851,1.29496757260225,0.291100942887206,4.44851727293792,8.64650968940611e-06,0.000236539481852844,"Up","COVID19_vs_Healthy"
"CCNL1",68.4214665242194,1.80774495000848,0.40658288123084,4.44619051479968,8.7406438546502e-06,0.00023869737353851,"Up","COVID19_vs_Healthy"
"RUFY4",14.0779621247616,2.3664579978913,0.532607605043258,4.44315472682576,8.86493665483583e-06,0.000241669910757615,"Up","COVID19_vs_Healthy"
"APOL6",127.973969189876,1.20416033820556,0.271114643121942,4.44151715429089,8.93268242181993e-06,0.000243093242672414,"Up","COVID19_vs_Healthy"
"KPNA3",43.9522378129016,1.04442879399559,0.235533661504416,4.43430797672207,9.23685054836201e-06,0.000250934439897168,"Up","COVID19_vs_Healthy"
"EML3",40.9337751276,-1.42220916618291,0.32090523579907,-4.43186650614018,9.34208525407131e-06,0.000252915138504685,"Down","COVID19_vs_Healthy"
"LIME1",3.6987744745961,-1.34368732058622,0.303218459180235,-4.43141662357542,9.36160110854876e-06,0.000253005758456945,"Down","COVID19_vs_Healthy"
"RNH1",31.8490652437497,-1.0917350405246,0.246393168036744,-4.43086571443325,9.38555253858908e-06,0.000253215734696279,"Down","COVID19_vs_Healthy"
"DUS1L",21.4325925749952,-1.01010531228896,0.22817118919702,-4.42696256194187,9.55693117519332e-06,0.00025695336602994,"Down","COVID19_vs_Healthy"
"TRIP6",26.6236949102004,-1.10595570370971,0.249960510099019,-4.42452171053579,9.66561837243353e-06,0.000258985610088767,"Down","COVID19_vs_Healthy"
"CLEC2B",12.7376635540086,2.31477657954711,0.523396921600708,4.42260258709168,9.75190197325657e-06,0.00026040573733365,"Up","COVID19_vs_Healthy"
"ZNF408",7.41463372587181,-1.43568362151232,0.324614390518692,-4.4227356009026,9.74589803309725e-06,0.00026040573733365,"Down","COVID19_vs_Healthy"
"SLC52A2",7.44048076848544,-1.30264364928521,0.294975456786817,-4.41610859247402,1.00493613589343e-05,0.000267891663619429,"Down","COVID19_vs_Healthy"
"FBXO11",36.6559315836474,1.16096515825991,0.263108034222976,4.41250363824324,1.02182076954389e-05,0.00027192944560923,"Up","COVID19_vs_Healthy"
"PARP8",37.5463696178253,1.20252781047095,0.2726842095138,4.40996496502337,1.03387344454917e-05,0.000274204265428906,"Up","COVID19_vs_Healthy"
"CMAS",21.9008849930741,-1.06490756213015,0.241563060751757,-4.40840399528019,1.04135162384666e-05,0.000275720308121023,"Down","COVID19_vs_Healthy"
"CD37",26.3334137023052,2.00293789326948,0.45470923824928,4.40487618193371,1.05844316135679e-05,0.000279772273461335,"Up","COVID19_vs_Healthy"
"UBE2Q2P2",42.2630666652663,1.54655918223288,0.351473524368068,4.40021530786285,1.0814352281097e-05,0.000285367596112321,"Up","COVID19_vs_Healthy"
"MTG1",21.0486161954145,-1.08302489871408,0.24658239962429,-4.39214193861465,1.12239381731262e-05,0.000295677078338517,"Down","COVID19_vs_Healthy"
"CDHR5",5.4320980021126,-1.64226159875321,0.374027182784565,-4.39075466795452,1.1295793146884e-05,0.000296571428124901,"Down","COVID19_vs_Healthy"
"AQP9",42.9237080128385,3.6774722895655,0.837620572982434,4.39037961600141,1.13152945940675e-05,0.000296585812073648,"Up","COVID19_vs_Healthy"
"PTPN2",25.5571370585347,1.16493643032448,0.265399431474374,4.389370481515,1.13679259218699e-05,0.000297467064925452,"Up","COVID19_vs_Healthy"
"GADD45B",93.6571959993596,2.38925750306353,0.544700483025131,4.38636934888361,1.15258342432768e-05,0.000301095583036385,"Up","COVID19_vs_Healthy"
"PSMA2",12.2517711687926,1.51396634050718,0.345361290186,4.3837175257592,1.16671036774668e-05,0.000303267173330565,"Up","COVID19_vs_Healthy"
"SMG9",15.3005073463418,-1.06677078823549,0.243844036722318,-4.37480777703127,1.2153953004745e-05,0.000314875921553394,"Down","COVID19_vs_Healthy"
"SCARNA10",441.384266842694,1.58979416988595,0.363573033993284,4.37269550061109,1.22721836236616e-05,0.000317413436930673,"Up","COVID19_vs_Healthy"
"RFNG",4.68127665824866,-1.35333198038345,0.309674652561351,-4.37017356502996,1.24147818060266e-05,0.000320571791585321,"Down","COVID19_vs_Healthy"
"JUN",171.847935406917,1.71123939521775,0.391753741699381,4.36815073621146,1.25303002583084e-05,0.000323021644879754,"Up","COVID19_vs_Healthy"
"USP15",36.8371167620727,1.5753648243951,0.360788058259372,4.36645500961276,1.26279283717625e-05,0.000325002998620623,"Up","COVID19_vs_Healthy"
"RPS27",61.0758715752938,1.88420121467845,0.432217570635084,4.35938134562617,1.30430650798839e-05,0.000334586692409874,"Up","COVID19_vs_Healthy"
"USP16",30.7965092183559,1.24862108243522,0.286571135203888,4.35710694151682,1.31792883408401e-05,0.00033752782971762,"Up","COVID19_vs_Healthy"
"LINC00482",3.06675463681758,-2.73601832144224,0.628368418799945,-4.35416268479482,1.33576484840286e-05,0.00034153673770928,"Down","COVID19_vs_Healthy"
"BTN3A3",15.6803115735594,1.34344447736485,0.308682189026493,4.35219304878502,1.34782500291283e-05,0.00034276509810331,"Up","COVID19_vs_Healthy"
"LCA5",45.873558209861,1.2816328584927,0.294458043042062,4.35251435230665,1.34585058471847e-05,0.00034276509810331,"Up","COVID19_vs_Healthy"
"RICTOR",37.4036206845975,1.46106491699788,0.335704436619284,4.35223594812018,1.34756122568266e-05,0.00034276509810331,"Up","COVID19_vs_Healthy"
"TWF1",29.0116627431852,1.35238965755508,0.310754992371571,4.35194828966102,1.3493309076664e-05,0.00034276509810331,"Up","COVID19_vs_Healthy"
"TRAPPC6A",6.36378289198718,-1.58323867194971,0.363859756746787,-4.35123325015439,1.35373945792678e-05,0.000343327634321527,"Down","COVID19_vs_Healthy"
"TBCA",69.5783669506183,1.38466321116574,0.318341276210049,4.34961883564262,1.36374365829107e-05,0.000345305190371176,"Up","COVID19_vs_Healthy"
"BTN3A1",31.5168752635631,1.32533307928737,0.305001443018316,4.34533379964298,1.39064030428077e-05,0.000351546679828521,"Up","COVID19_vs_Healthy"
"FAM195B",9.63255825623674,-1.27554853507724,0.293636541249124,-4.34397071172099,1.39930179236223e-05,0.000352999458598334,"Down","COVID19_vs_Healthy"
"SGMS1",31.8062752588549,-1.68906635519036,0.388852472096243,-4.34372024455668,1.40089892503557e-05,0.000352999458598334,"Down","COVID19_vs_Healthy"
"MEX3C",26.6238696715089,-1.15449940155761,0.265921053180578,-4.34151184251525,1.41505650102385e-05,0.000355993635498732,"Down","COVID19_vs_Healthy"
"SFTPB",135.891488319774,-2.70345390774237,0.623449875462411,-4.33628109354778,1.44913605547023e-05,0.000362858960870995,"Down","COVID19_vs_Healthy"
"NFKBIL1",317.002318821051,3.01975992770065,0.696730163173994,4.33418859597517,1.46298716226495e-05,0.000365700049762331,"Up","COVID19_vs_Healthy"
"BLOC1S4",5.8949088159611,-1.34835436659081,0.311326167644009,-4.33100235934106,1.48432091224904e-05,0.000370441046808181,"Down","COVID19_vs_Healthy"
"SNORA15",11.5575970459384,3.06430453617544,0.707877090766506,4.32886524531729,1.49879601982742e-05,0.000373457963666552,"Up","COVID19_vs_Healthy"
"D2HGDH",15.5745060603422,-1.40639148927562,0.325291976495135,-4.32347426588511,1.53591061410769e-05,0.000381007850579478,"Down","COVID19_vs_Healthy"
"FIBCD1",7.16866327227585,-2.80704412541031,0.649267143359311,-4.32340393953504,1.53640052221147e-05,0.000381007850579478,"Down","COVID19_vs_Healthy"
"UBD",13.3892853090697,2.77493432973,0.641742366717722,4.3240628539499,1.53181622155623e-05,0.000381007850579478,"Up","COVID19_vs_Healthy"
"TNFRSF11A",7.26804852368839,-1.36734294181296,0.316799577863832,-4.3161135220978,1.58800334014255e-05,0.000393181586496053,"Down","COVID19_vs_Healthy"
"SP140",32.838552982996,2.39824506049244,0.555790540837796,4.31501597144374,1.59591364620459e-05,0.000393893639366078,"Up","COVID19_vs_Healthy"
"NBPF12",134.811486216601,-2.34844241625429,0.544597347026014,-4.31225460255889,1.61598194792435e-05,0.000398218669623941,"Down","COVID19_vs_Healthy"
"TDH",5.21342419940013,-3.24461390049736,0.75263835671491,-4.31098663993069,1.6252772626702e-05,0.000399879537834328,"Down","COVID19_vs_Healthy"
"MAP10",8.15593221656309,-1.81270295241218,0.420984058139126,-4.30587077435869,1.66330139081295e-05,0.000406677190053767,"Down","COVID19_vs_Healthy"
"LINC_PINT",35.1631728400822,1.06204585496561,0.246760959906738,4.30394603492789,1.6778254892396e-05,0.000409588350321704,"Up","COVID19_vs_Healthy"
"SLC2A3",45.8799967707377,3.29103092023023,0.765397744243943,4.29976563816647,1.70978824048283e-05,0.000416740909456002,"Up","COVID19_vs_Healthy"
"BLZF1",15.5428425383167,1.12228657203141,0.261133946972395,4.2977429209924,1.72546116479065e-05,0.00041863082512916,"Up","COVID19_vs_Healthy"
"LOC283788",12.9883903990512,1.5511944027717,0.36093349150152,4.29772919193111,1.72556801002242e-05,0.00041863082512916,"Up","COVID19_vs_Healthy"
"SPIN2A",1.35528842918817,-2.69521286780638,0.627067863039548,-4.29811991120393,1.72252973311248e-05,0.00041863082512916,"Down","COVID19_vs_Healthy"
"NAALAD2",1.41965345978756,-2.87239017987873,0.668757932644249,-4.29511193762052,1.74605213215623e-05,0.000422290939165079,"Down","COVID19_vs_Healthy"
"SNORD44",28.2449616062802,2.21503030913757,0.515674977185993,4.29540002352811,1.74378611065713e-05,0.000422290939165079,"Up","COVID19_vs_Healthy"
"RNU6_36P",267.199906144634,2.82874748341945,0.659211191704168,4.29110961557961,1.7778252435724e-05,0.000427615101108876,"Up","COVID19_vs_Healthy"
"SCAND1",11.1778466127875,-1.15689444296291,0.269611821906168,-4.29096333678402,1.7789968738617e-05,0.000427615101108876,"Down","COVID19_vs_Healthy"
"SEC62",94.7769683296028,1.09033033411903,0.254060774205338,4.29161226296901,1.77380485494964e-05,0.000427615101108876,"Up","COVID19_vs_Healthy"
"SNX6",28.6441056110091,1.02513412755641,0.238878613923881,4.29144371996008,1.77515196765633e-05,0.000427615101108876,"Up","COVID19_vs_Healthy"
"EXOSC6",9.0965879151848,-1.23395724154126,0.28826100879569,-4.28069424545673,1.86311186074032e-05,0.00044646208877281,"Down","COVID19_vs_Healthy"
"GVINP1",12.8932631138185,1.93374329400255,0.452056218846118,4.27766108148777,1.88867282360356e-05,0.00045189529577597,"Up","COVID19_vs_Healthy"
"SLC34A2",26.6708410346159,-1.81766227415929,0.42505385369771,-4.2763105388805,1.90016122623035e-05,0.000453257970549581,"Down","COVID19_vs_Healthy"
"ZC3HAV1",58.5751065761612,1.187580045985,0.277689897881788,4.27664115635404,1.89734268878931e-05,0.000453257970549581,"Up","COVID19_vs_Healthy"
"RBFOX1",106.590208948638,3.39143452503872,0.793460494901736,4.27423236169902,1.91796936147495e-05,0.000456809506367731,"Up","COVID19_vs_Healthy"
"TXNDC11",25.459639593903,-1.19236552238965,0.279150273665745,-4.27141090256424,1.94240131047748e-05,0.000461224517547064,"Down","COVID19_vs_Healthy"
"CREBRF",39.7307556705381,1.26270418537507,0.296076222340593,4.26479429990334,2.00086451977229e-05,0.000473669107494657,"Up","COVID19_vs_Healthy"
"DDIT3",55.5027623963669,2.06513881578296,0.484226044322385,4.26482391849219,2.00059911982855e-05,0.000473669107494657,"Up","COVID19_vs_Healthy"
"MICU2",17.9030171214865,1.11836197762543,0.262782922902517,4.25583963095007,2.08265952297105e-05,0.000491545342616153,"Up","COVID19_vs_Healthy"
"PIK3AP1",42.665824271775,2.27826070872221,0.535762346019967,4.25237183173994,2.11518276756287e-05,0.000498469577512406,"Up","COVID19_vs_Healthy"
"SLC35G2",1.35666603555213,-2.43651378369694,0.57307786586802,-4.25162779582569,2.122223536052e-05,0.000499376750257769,"Down","COVID19_vs_Healthy"
"CCDC181",43.028088917046,1.53231968314381,0.360931026572478,4.24546400927411,2.18141523125292e-05,0.000510235957229382,"Up","COVID19_vs_Healthy"
"CEBPZ",29.9317325499095,1.07271505853593,0.25273935855384,4.24435301519299,2.19225006219716e-05,0.000512004910048673,"Up","COVID19_vs_Healthy"
"CCDC64B",100.436383901057,-1.05869769255063,0.24948152735575,-4.24359151465741,2.19970606778848e-05,0.000512221108285273,"Down","COVID19_vs_Healthy"
"USP25",50.980899328944,1.01939270683096,0.240219424291047,4.24358983391733,2.19972255091835e-05,0.000512221108285273,"Up","COVID19_vs_Healthy"
"CNNM2",107.107698932385,-2.07177379867236,0.488286619881027,-4.24294607781217,2.20604456341215e-05,0.000512929945442397,"Down","COVID19_vs_Healthy"
"BUD31",27.4266784252157,1.12088022983419,0.264375707393235,4.239724749623,2.23794029413378e-05,0.000517935808904512,"Up","COVID19_vs_Healthy"
"TAOK1",93.9303826165075,1.37346932909859,0.323973918595542,4.23944413504863,2.24073946393464e-05,0.000517935808904512,"Up","COVID19_vs_Healthy"
"MAMSTR",70.8694465414847,-1.86505322287857,0.44024942560713,-4.23635583466475,2.27176664451727e-05,0.000524315699902746,"Down","COVID19_vs_Healthy"
"TBC1D17",18.4034213277688,-1.2585164801303,0.297185503195745,-4.23478422263874,2.2877126918543e-05,0.000526443061796118,"Down","COVID19_vs_Healthy"
"HSPH1",150.594910688161,1.12404467218194,0.265474523298452,4.2340962071086,2.29472697564261e-05,0.000527170126809001,"Up","COVID19_vs_Healthy"
"SLC25A32",7.87374852158594,1.60005955410627,0.377923914030142,4.2338139892853,2.2976100874472e-05,0.000527170126809001,"Up","COVID19_vs_Healthy"
"ZBTB1",23.3472133882611,1.31034134213181,0.310023556609471,4.22658638092593,2.37263215235854e-05,0.000542791636258866,"Up","COVID19_vs_Healthy"
"ICAM1",68.260383119312,2.54752324183604,0.602850074122435,4.22579900242105,2.38094444960751e-05,0.0005438980839045,"Up","COVID19_vs_Healthy"
"SAT2",97.2420833381406,2.39997317047246,0.568056122710897,4.22488742664938,2.39060249701226e-05,0.000545308278035683,"Up","COVID19_vs_Healthy"
"L3MBTL1",300.494235277266,3.02809837854252,0.717520439673578,4.22022594913128,2.44057581989016e-05,0.000555089105081994,"Up","COVID19_vs_Healthy"
"NAMPT",126.998312272941,2.26836678044553,0.537608012504692,4.21936936891494,2.44986621585822e-05,0.000556393418661094,"Up","COVID19_vs_Healthy"
"APC2",43.5534683426682,-2.38207723914465,0.564751550106328,-4.21792067449159,2.46565524632608e-05,0.00055916772890595,"Down","COVID19_vs_Healthy"
"BISPR",10.4212262413948,1.85863643740298,0.441050862284445,4.21410906618814,2.50766092435778e-05,0.000567050262201596,"Up","COVID19_vs_Healthy"
"RASGRF1",335.39119521471,3.07959771147794,0.730769605076765,4.21418418347386,2.50682656104852e-05,0.000567050262201596,"Up","COVID19_vs_Healthy"
"PTPRC",65.2933098674884,2.36123613683059,0.560576631085103,4.21215585148451,2.52944917358689e-05,0.000571151813395204,"Up","COVID19_vs_Healthy"
"HCAR3",36.6007743655008,3.66884820525274,0.871737738159861,4.2086605232868,2.56888999480746e-05,0.000579221767128922,"Up","COVID19_vs_Healthy"
"JRK",21.5433537858788,-1.12821132413636,0.268363860463857,-4.20403597632814,2.62197235109357e-05,0.000589491714797589,"Down","COVID19_vs_Healthy"
"SRP54",26.73866168198,1.11792670259531,0.265910781117725,4.20414207312781,2.62074292378382e-05,0.000589491714797589,"Up","COVID19_vs_Healthy"
"SLC35F3",6.31221744856189,-2.50245632125636,0.596435720271237,-4.19568485958275,2.72048293260003e-05,0.000609887062024716,"Down","COVID19_vs_Healthy"
"AGPAT2",10.2155982391667,-1.15869808498436,0.27661009974089,-4.18892182920923,2.80282919798112e-05,0.000627448802432167,"Down","COVID19_vs_Healthy"
"CCDC146",209.590641611158,1.43003556266865,0.341799231046044,4.1838466350324,2.86617509668838e-05,0.000639798971654489,"Up","COVID19_vs_Healthy"
"JARID2_AS1",45.8514819795874,3.53140036902483,0.84438982452717,4.18219200000698,2.88711991217626e-05,0.000641728016842814,"Up","COVID19_vs_Healthy"
"ANKRD18A",25.4946275459024,1.65865549737233,0.396862847793877,4.17941741483899,2.92256825994158e-05,0.000648685789100224,"Up","COVID19_vs_Healthy"
"MIRLET7D",23.5781229296729,3.67033541379122,0.878820794752684,4.17643214146305,2.96117024966819e-05,0.000656322833807476,"Up","COVID19_vs_Healthy"
"MAP9",37.6524195462451,1.42497253936762,0.342136668658773,4.16492200310981,3.11459024567338e-05,0.000688377233958998,"Up","COVID19_vs_Healthy"
"TMEM117",23.3542973845171,3.15566014853114,0.757775482946873,4.16437351108176,3.12208652129484e-05,0.000689060788225975,"Up","COVID19_vs_Healthy"
"CEACAM21",15.1860803779297,-2.12972811793152,0.511576166971737,-4.16307141620455,3.1399510534041e-05,0.000691333629091697,"Down","COVID19_vs_Healthy"
"ADAMTSL3",7.31042270617495,-1.71107886079151,0.411246401189668,-4.16071449097583,3.17253498633193e-05,0.000697244767782614,"Down","COVID19_vs_Healthy"
"SNORD116_1",35.2094728414343,2.18067304681585,0.524192668760539,4.16006017781989,3.18163752916535e-05,0.000698264573020749,"Up","COVID19_vs_Healthy"
"CRAT",22.6004693149438,-1.81525975146035,0.436480175087706,-4.15885956583388,3.19840453964303e-05,0.000700961263814203,"Down","COVID19_vs_Healthy"
"DFNA5",2.70360550253653,-2.2480986155032,0.540615454562669,-4.15840612126377,3.2047588821873e-05,0.000701371566272265,"Down","COVID19_vs_Healthy"
"POMGNT2",4.39264860045228,-1.60140284684194,0.385134804898588,-4.15803200976245,3.21001051959322e-05,0.00070153972919825,"Down","COVID19_vs_Healthy"
"SENP7",16.7053288391633,1.24243057292238,0.298833609823594,4.15759985516957,3.21608712168978e-05,0.000701887465553719,"Up","COVID19_vs_Healthy"
"CCR1",23.9217956504153,3.07188741151908,0.739590116371549,4.15349981499192,3.27428477684385e-05,0.000712600948373472,"Up","COVID19_vs_Healthy"
"IPPK",11.7451987816242,-1.38774315657291,0.334802925782804,-4.14495528474915,3.39880027009039e-05,0.000738005763285742,"Down","COVID19_vs_Healthy"
"RAI1",138.432289711153,-1.01845897546653,0.245717070903577,-4.14484419711395,3.40044833415785e-05,0.000738005763285742,"Down","COVID19_vs_Healthy"
"GZMB",5.46332265358644,3.09574922725503,0.747343424728218,4.14233821402904,3.43782869332192e-05,0.000744054542089923,"Up","COVID19_vs_Healthy"
"WARS",157.585125155033,1.67354991253399,0.404141860515967,4.14099620959179,3.45800675629355e-05,0.000747387979592286,"Up","COVID19_vs_Healthy"
"RAPGEF6",21.9146725773102,1.33114860881204,0.321718935745261,4.13761349088276,3.50936878821897e-05,0.000757442797214489,"Up","COVID19_vs_Healthy"
"FCHSD2",32.6355221047457,1.19876689442154,0.289771938439947,4.13693230916484,3.51979887647451e-05,0.000758647559491366,"Up","COVID19_vs_Healthy"
"ISG20",55.2090256980362,1.8248188728832,0.441233759324004,4.13571907026998,3.53844864157119e-05,0.000761618216551664,"Up","COVID19_vs_Healthy"
"TNFAIP6",5.87908380110138,4.71535975893727,1.1404077304765,4.1348016441164,3.55261347504756e-05,0.000763616698592639,"Up","COVID19_vs_Healthy"
"HLA_B",1042.7455942221,1.00489032164263,0.243284065202095,4.13052256755027,3.61939560771434e-05,0.000775839759856356,"Up","COVID19_vs_Healthy"
"NEXN",15.9260589755294,2.35526059747926,0.570382553687258,4.1292647929948,3.63925085261635e-05,0.000778700559817375,"Up","COVID19_vs_Healthy"
"SEPT7",56.2363817198537,1.09344244040538,0.264857222671042,4.1284222094387,3.65260968560265e-05,0.00077975492988145,"Up","COVID19_vs_Healthy"
"NTN4",85.9627268010984,-1.23066213370387,0.298202407364527,-4.12693560920684,3.67629276370886e-05,0.000783741541778151,"Down","COVID19_vs_Healthy"
"STK17A",25.4802988752686,1.1765785730945,0.285119318840207,4.12661820980957,3.68136811620213e-05,0.000783755758943278,"Up","COVID19_vs_Healthy"
"CCDC30",39.6661953791798,1.38936018789445,0.337609511115421,4.11528746125714,3.86697178931241e-05,0.00082103628981222,"Up","COVID19_vs_Healthy"
"STAP1",8.03780461684022,1.94441829138617,0.47260326434268,4.1142718175901,3.88403545898406e-05,0.000823541827400847,"Up","COVID19_vs_Healthy"
"MSL3",44.4707369801997,1.53201282566373,0.372445796320882,4.11338466106306,3.89899889159531e-05,0.000824480198049776,"Up","COVID19_vs_Healthy"
"SOX8",4.22492763854406,-2.75689044772564,0.670194858809624,-4.11356549738732,3.89594434069312e-05,0.000824480198049776,"Down","COVID19_vs_Healthy"
"MIR6821",5.27858156724357,-2.90417655276897,0.706624566399902,-4.10992865357783,3.95781382611047e-05,0.000833537964346926,"Down","COVID19_vs_Healthy"
"LEO1",17.5648798433623,1.07356249800418,0.261466908770782,4.10592110126385,4.02706928674101e-05,0.000846983604824239,"Up","COVID19_vs_Healthy"
"FAM207A",5.52427797892251,-1.33982953983093,0.326514476021268,-4.10343074572796,4.07068342959036e-05,0.000853861317777882,"Down","COVID19_vs_Healthy"
"COMMD7",20.0419037585429,-1.04131359272896,0.253848080543892,-4.10211332107716,4.09393667912092e-05,0.000856442796188291,"Down","COVID19_vs_Healthy"
"CCDC91",21.2121888117603,1.12603099267035,0.274685194328108,4.09935087846535,4.14310514874614e-05,0.000864417458234395,"Up","COVID19_vs_Healthy"
"DYNLL1",115.666791504797,1.14877744605461,0.28053599610045,4.09493776920976,4.22281798303096e-05,0.000879875576544188,"Up","COVID19_vs_Healthy"
"SHISA7",8.13124187085866,-3.22467210501153,0.788645379296374,-4.08887465731248,4.33470987789595e-05,0.000898404505553853,"Down","COVID19_vs_Healthy"
"ABCA3",21.8844529005404,-1.9582755742401,0.479003721043617,-4.08822622499373,4.34684148720812e-05,0.000899727190368156,"Down","COVID19_vs_Healthy"
"PCMTD1",31.2727293006992,1.03890660864809,0.254172023620218,4.08741526250906,4.36205922705095e-05,0.000901684316841391,"Up","COVID19_vs_Healthy"
"APRT",8.23527609689957,-1.27968861378603,0.313159644396985,-4.0863777842454,4.38160123187511e-05,0.000904528971983928,"Down","COVID19_vs_Healthy"
"PINK1",5.49580344648323,-1.41320104149837,0.346380713003863,-4.07990684366601,4.50537523542847e-05,0.000922776330942209,"Down","COVID19_vs_Healthy"
"CLEC4E",19.841302147376,3.44489694988191,0.844439485686535,4.07950718585973,4.51312748424365e-05,0.000923155802267251,"Up","COVID19_vs_Healthy"
"HRASLS2",13.5674323286054,2.09370432860106,0.513326629339979,4.07869806266058,4.52886097078246e-05,0.000924428427825339,"Up","COVID19_vs_Healthy"
"MYL12A",62.4896527547649,1.00718561714211,0.246984433310662,4.07793156694719,4.54381352980939e-05,0.000925802006698663,"Up","COVID19_vs_Healthy"
"COX8A",20.1637261007222,-1.4128851098286,0.346659459608217,-4.07571485695325,4.58732034825491e-05,0.0009322388157077,"Down","COVID19_vs_Healthy"
"CCER2",2.52304301820268,-1.94135666977622,0.47652250734623,-4.07400834136398,4.62108252363301e-05,0.000935455360023407,"Down","COVID19_vs_Healthy"
"EVI2A",9.44077738140385,2.89715699768235,0.711034095251729,4.07456831821357,4.60997789758132e-05,0.000935455360023407,"Up","COVID19_vs_Healthy"
"FYTTD1",27.8839116453352,1.33909204646011,0.328854150256376,4.07199375594364,4.66124292240487e-05,0.000942366010979216,"Up","COVID19_vs_Healthy"
"ORAI3",4.37484849336262,-1.50880860451041,0.370566610146944,-4.0716258917988,4.66861187072547e-05,0.000942637916814351,"Down","COVID19_vs_Healthy"
"IL1B",37.8275319261899,3.31688175310264,0.814817941660931,4.07070289387772,4.68714975823948e-05,0.000944221092403812,"Up","COVID19_vs_Healthy"
"SNORA19",9.09853154060019,2.34487818365623,0.576047306492149,4.07063475035655,4.68852114517997e-05,0.000944221092403812,"Up","COVID19_vs_Healthy"
"IFITM2",103.902892770075,2.52578172560374,0.620551608976111,4.07022025093318,4.69687113658243e-05,0.000944686883614935,"Up","COVID19_vs_Healthy"
"SLC26A11",9.67126816046355,-1.73726406429061,0.426879865519934,-4.06967909384681,4.70779383945009e-05,0.000945668267005327,"Down","COVID19_vs_Healthy"
"MYO15A",15.3360241417031,-1.89658672260032,0.46634202074733,-4.06694365556201,4.7633754228984e-05,0.000954444007345485,"Down","COVID19_vs_Healthy"
"UBE2L6",66.9649997831461,1.46478815184413,0.360170599486402,4.06692871081897,4.76368078819545e-05,0.000954444007345485,"Up","COVID19_vs_Healthy"
"MITD1",9.76713605685069,1.53631352052891,0.37789271852697,4.06547531933792,4.79346670953524e-05,0.000959183722133088,"Up","COVID19_vs_Healthy"
"IGSF1",6.41731655476245,-2.89793408583873,0.713063963726729,-4.06405909323069,4.82266075749982e-05,0.000963793046403029,"Down","COVID19_vs_Healthy"
"MIRLET7BHG",6.67937866313602,-1.15089394046674,0.283669970668152,-4.05715817488874,4.96734418570934e-05,0.000988715869133177,"Down","COVID19_vs_Healthy"
"RAD50",54.1655459492764,1.10340671567175,0.271995296536309,4.05671248629277,4.97682848111793e-05,0.000988715869133177,"Up","COVID19_vs_Healthy"
"MAFB",23.6650055925107,-1.5297010898575,0.377265640337643,-4.05470556101651,5.01974911558764e-05,0.000994291571654625,"Down","COVID19_vs_Healthy"
"SOD2",177.987840090919,2.01853455391207,0.497800520818528,4.05490647256258,5.01543661601054e-05,0.000994291571654625,"Up","COVID19_vs_Healthy"
"BCL3",575.405796245103,2.69972899073886,0.666269140851161,4.05200965377137,5.07795693070124e-05,0.00100328118752037,"Up","COVID19_vs_Healthy"
"ARL5A",54.1898821930305,2.42056663202777,0.597832324273747,4.04890557727588,5.14576987503209e-05,0.00101539731405425,"Up","COVID19_vs_Healthy"
"PHF20L1",68.3113538921461,1.11337715131501,0.275028712332848,4.04822151793216,5.16082909472204e-05,0.00101580696445548,"Up","COVID19_vs_Healthy"
"PIAS1",20.32716842322,1.43206827926971,0.353742368589791,4.04833688703649,5.15828637775161e-05,0.00101580696445548,"Up","COVID19_vs_Healthy"
"BEST3",3.38659903659902,-2.70878522988758,0.669219190308938,-4.04768014592813,5.17277672215979e-05,0.00101687952447684,"Down","COVID19_vs_Healthy"
"CRIP1",68.5301819700228,-1.28381617492511,0.317267985383188,-4.04647249036033,5.19952319524281e-05,0.00101991903839122,"Down","COVID19_vs_Healthy"
"TIGD3",1.50487952711706,-2.24008595848522,0.553600603830069,-4.0463936328596,5.2012742371945e-05,0.00101991903839122,"Down","COVID19_vs_Healthy"
"TRPV2",29.1121995518909,-2.08442104785084,0.515178748605141,-4.04601520053857,5.20968515905458e-05,0.00102028977933525,"Down","COVID19_vs_Healthy"
"RNVU1_15",51.4115883348762,-2.09442189460706,0.517739297606606,-4.04532146640039,5.22513736557806e-05,0.00102203686870707,"Down","COVID19_vs_Healthy"
"MMP21",5.34970231663962,-2.42287028796824,0.59903350913316,-4.04463231359843,5.24053052376256e-05,0.00102376806037249,"Down","COVID19_vs_Healthy"
"ZNF503_AS2",4.88526525608577,-1.77020736731817,0.437897321845609,-4.04251699886462,5.28804776343884e-05,0.00103176273568941,"Down","COVID19_vs_Healthy"
"GLRX5",8.76613946375124,-1.09016720699128,0.2700283891553,-4.03723182737019,5.40856157615353e-05,0.00105134374588386,"Down","COVID19_vs_Healthy"
"PDGFA",6.44790146137292,-1.51284512026682,0.375092154635958,-4.03326249714581,5.50077739496348e-05,0.00106398225805177,"Down","COVID19_vs_Healthy"
"RALA",34.3412651441474,1.00717335040531,0.249667418841404,4.03406001103052,5.48213073710994e-05,0.00106398225805177,"Up","COVID19_vs_Healthy"
"ZNF267",21.1066016194171,1.62930139452215,0.403955769974425,4.03336581781044,5.49835827289028e-05,0.00106398225805177,"Up","COVID19_vs_Healthy"
"HDHD3",5.98064257114987,-1.02416907916925,0.254029732258272,-4.03168979498818,5.53772493280194e-05,0.00106980641664796,"Down","COVID19_vs_Healthy"
"MARCH7",31.2349450326007,1.16094032554101,0.28804337312758,4.03043580880024,5.56735320012638e-05,0.00107420398120318,"Up","COVID19_vs_Healthy"
"SURF1",5.28251270461008,-1.09623286692958,0.27210387228346,-4.02872938826684,5.60791253348181e-05,0.00107992268203976,"Down","COVID19_vs_Healthy"
"IRS2",60.7671982779672,-1.35635391705281,0.336705808730514,-4.02830566590663,5.61802714075979e-05,0.00107998634764876,"Down","COVID19_vs_Healthy"
"PPP1R3E",12.8700030987516,-1.02870643216072,0.255568297306834,-4.02517230423795,5.69336127583572e-05,0.00109178575054262,"Down","COVID19_vs_Healthy"
"MFHAS1",20.2756188003449,-1.80323448596898,0.448566527277439,-4.01999341527702,5.81997680848288e-05,0.00111197798655849,"Down","COVID19_vs_Healthy"
"SETX",98.3080612140639,1.02490575291516,0.255163838892998,4.01665752232608,5.90294122040993e-05,0.00112508190276461,"Up","COVID19_vs_Healthy"
"SCGB1B2P",82.035451159999,3.1022978609727,0.772421715228397,4.01632657369736,5.91123277833416e-05,0.00112529161210916,"Up","COVID19_vs_Healthy"
"BCLAF1",193.667869383227,1.60361187261142,0.399383915341657,4.01521396083163,5.93918902461228e-05,0.00112786929438268,"Up","COVID19_vs_Healthy"
"SNORD25",3.41243090503293,-1.98002506218146,0.493253135193346,-4.01421688157203,5.96434863050977e-05,0.00112893001868876,"Down","COVID19_vs_Healthy"
"SPRR3",243.13826050363,3.19116891952606,0.79498295089332,4.01413504017936,5.96641823527352e-05,0.00112893001868876,"Up","COVID19_vs_Healthy"
"IL32",11.8181706502374,-1.58198935369989,0.394675172022881,-4.00833258801538,6.11489634537441e-05,0.00115284214472794,"Down","COVID19_vs_Healthy"
"TANK",19.2129361663509,1.42074213802909,0.354494550605751,4.00779683524434,6.12878066965026e-05,0.00115406931310093,"Up","COVID19_vs_Healthy"
"C19orf66",51.6858691501824,1.57210677109457,0.39246625406443,4.0057119683887,6.18309572307839e-05,0.00116289761868667,"Up","COVID19_vs_Healthy"
"LOC145783",3.78390231037058,-1.51452492427487,0.378201912522011,-4.00454062798196,6.21381116062323e-05,0.00116727151310243,"Down","COVID19_vs_Healthy"
"FTH1",1000.3767666937,1.45192595313001,0.362597112059849,4.00424025685665,6.22171087241418e-05,0.00116735409750044,"Up","COVID19_vs_Healthy"
"TRIM21",34.9910084647393,1.15765413617251,0.289518275918844,3.99855288063755,6.37309433632638e-05,0.00119432551107587,"Up","COVID19_vs_Healthy"
"SPSB4",5.45918335211644,-2.96609704265656,0.741902097109243,-3.99796287706114,6.38899680908288e-05,0.00119587346971924,"Down","COVID19_vs_Healthy"
"CEP63",24.926520792055,1.27113421130408,0.318131702511077,3.99562257162918,6.45244622167128e-05,0.00120630679183647,"Up","COVID19_vs_Healthy"
"BRE_AS1",14.0599261242057,3.40695954642497,0.853314054047335,3.99262092340504,6.53469898655687e-05,0.001220226369232,"Up","COVID19_vs_Healthy"
"C11orf84",6.00722582253185,-1.15078890284112,0.288340489952671,-3.99107632448713,6.57741065528835e-05,0.00122673804450479,"Down","COVID19_vs_Healthy"
"CAMK2N2",7.94105813541011,-2.00177834881346,0.501725130956,-3.98979087413703,6.61315757517802e-05,0.00123047193503431,"Down","COVID19_vs_Healthy"
"PIGQ",613.994309388639,3.0232005764983,0.758825094702551,3.98405455697713,6.77493080838167e-05,0.00125758146250957,"Up","COVID19_vs_Healthy"
"SMIM12",13.5475388177523,-1.02156887515409,0.256603926402732,-3.98111162785081,6.85937246300265e-05,0.00127024213374042,"Down","COVID19_vs_Healthy"
"NSA2",23.9428806943077,1.1889887122732,0.298981897981822,3.97679163955768,6.98513182887195e-05,0.0012904763029302,"Up","COVID19_vs_Healthy"
"RPS19BP1",19.9668468334275,-1.11335836125732,0.280230752797881,-3.97300563960707,7.09713681548501e-05,0.00130962260481969,"Down","COVID19_vs_Healthy"
"DGKZ",273.450045766713,2.13296330864045,0.536972441477046,3.97220256364242,7.12111242077017e-05,0.0013109549077672,"Up","COVID19_vs_Healthy"
"COX7B",14.9561540732778,1.32381139552567,0.3333827562803,3.97084543392712,7.16180337348055e-05,0.00131689658270533,"Up","COVID19_vs_Healthy"
"C9orf69",46.5184945926681,-1.78368600124703,0.449284717556368,-3.97005714093368,7.18553971669477e-05,0.0013176230602748,"Down","COVID19_vs_Healthy"
"ZNF777",70.8494378858196,1.97219436914904,0.496789962164881,3.96987564031031,7.19101542353448e-05,0.0013176230602748,"Up","COVID19_vs_Healthy"
"ALDH5A1",14.8006038562406,-1.29442799162016,0.326121022103726,-3.96916452447662,7.21250718416364e-05,0.0013195708025114,"Down","COVID19_vs_Healthy"
"CATIP",22.5113521146198,-1.39529894783474,0.351576883430121,-3.96868797010104,7.22694387622874e-05,0.0013195708025114,"Down","COVID19_vs_Healthy"
"CHD2",374.464564013939,1.00064093914281,0.252131119032271,3.96873239203264,7.22559700824327e-05,0.0013195708025114,"Up","COVID19_vs_Healthy"
"EXOC3L4",4.45510034876508,-1.62641604438994,0.409855385747058,-3.96826807930171,7.23968665450335e-05,0.00132035683880732,"Down","COVID19_vs_Healthy"
"CFB",170.471276096154,1.18039910451588,0.297681712636431,3.96530607829962,7.33018256745114e-05,0.00133375228855204,"Up","COVID19_vs_Healthy"
"IFT74",34.3247038141641,1.17565706036477,0.296692043542212,3.96255001087518,7.41534673825873e-05,0.0013445578882998,"Up","COVID19_vs_Healthy"
"TMEM87A",81.334887443244,1.66500697829996,0.420169310782836,3.9627048800823,7.41053647579975e-05,0.0013445578882998,"Up","COVID19_vs_Healthy"
"CRACR2B",78.8933539777787,-1.02861633967066,0.259649569520406,-3.96155611415261,7.44628768684686e-05,0.00134860543661782,"Down","COVID19_vs_Healthy"
"G0S2",251.854460446575,2.99701249364721,0.757603297063461,3.95591268578675,7.62430063746806e-05,0.001374482216303,"Up","COVID19_vs_Healthy"
"CACNA1G",9.12532998875445,-2.37353178479283,0.600272804717668,-3.95408848466689,7.68269757661486e-05,0.00138341601471656,"Down","COVID19_vs_Healthy"
"DLK2",7.21213006527794,-1.65962695334887,0.419884951471518,-3.95257545556843,7.7314537752887e-05,0.00139059527213468,"Down","COVID19_vs_Healthy"
"NUCB2",231.530655398803,1.30873721538949,0.331213696919259,3.9513378449096,7.77155219782546e-05,0.00139620262676892,"Up","COVID19_vs_Healthy"
"CPEB4",207.444718059874,1.08479120486914,0.274640212680961,3.94986296536736,7.8195948871173e-05,0.00140322271552307,"Up","COVID19_vs_Healthy"
"PFKFB3",147.566507280153,2.46525061635698,0.624851043202661,3.9453412828142,7.96864006120848e-05,0.00142833080959668,"Up","COVID19_vs_Healthy"
"RNASEH2A",59.9841170929028,2.58166070881169,0.65444328379709,3.94481962414352,7.9860069003722e-05,0.00142854518985902,"Up","COVID19_vs_Healthy"
"EEA1",43.2488616297864,1.06732052195261,0.270717344282611,3.94256424456646,8.0615046195191e-05,0.0014400276745004,"Up","COVID19_vs_Healthy"
"RNU6_31P",36.5508123523852,2.12883518658869,0.540142324909131,3.94124860877516,8.10585592139098e-05,0.00144629912722835,"Up","COVID19_vs_Healthy"
"ASGR1",31.9990297663871,-2.39204412386424,0.60697926198733,-3.94089925911533,8.11767151725371e-05,0.0014463752885882,"Down","COVID19_vs_Healthy"
"SAPCD2",3.51246338212584,-1.84843011000933,0.46910516584225,-3.94033202915298,8.13689087524002e-05,0.00144688714108813,"Down","COVID19_vs_Healthy"
"LOC101928865",11.1411214561053,3.43309427868722,0.871592843343767,3.93887387316828,8.18649491640864e-05,0.00145240671714243,"Up","COVID19_vs_Healthy"
"CEP83",49.006026978295,1.07778291943364,0.27366556772577,3.93832124512516,8.20536898240631e-05,0.00145334478746125,"Up","COVID19_vs_Healthy"
"LOC344887",31.5801565473659,2.63187868009914,0.668299004044504,3.93817537385388,8.21035782282559e-05,0.00145334478746125,"Up","COVID19_vs_Healthy"
"PPP1R15A",427.544237654867,1.73105994900189,0.439664600528959,3.93722839391495,8.24281459838443e-05,0.00145744138797197,"Up","COVID19_vs_Healthy"
"BCAM",14.2063093056672,-1.40941806726312,0.358030992112853,-3.93658118518093,8.26506674066319e-05,0.00145972646002142,"Down","COVID19_vs_Healthy"
"SCARNA9",13.0349766512844,2.10609927973005,0.535477330907059,3.9331250048671,8.38486041767736e-05,0.0014792141580137,"Up","COVID19_vs_Healthy"
"RB1",21.9896376214407,1.10876353166601,0.282299752151011,3.92761071597718,8.57939294047326e-05,0.00150843079474748,"Up","COVID19_vs_Healthy"
"OGFOD3",10.5896084877885,-1.19487781347078,0.304831451077158,-3.91979833199147,8.86230957871981e-05,0.0015546795996391,"Down","COVID19_vs_Healthy"
"C9orf72",29.7274362563267,1.23469156714347,0.315046621280107,3.91907572957498,8.88891845858347e-05,0.00155760129943913,"Up","COVID19_vs_Healthy"
"MORC3",34.2810818937227,1.04117368298023,0.265755893114454,3.91778210740118,8.93674298863558e-05,0.00156422991371554,"Up","COVID19_vs_Healthy"
"GIMAP7",9.49665964439485,2.03960270512815,0.520727895978203,3.91683011584524,8.97209276103741e-05,0.00156691191433832,"Up","COVID19_vs_Healthy"
"RAB8B",17.0456447814807,1.79020126409121,0.457455903712685,3.91338542045701,9.10110951315765e-05,0.00158767181339901,"Up","COVID19_vs_Healthy"
"EIF2S2",40.7636039158994,1.2038828578983,0.307693830233328,3.91259992761436,9.13077352870679e-05,0.00159107287502454,"Up","COVID19_vs_Healthy"
"IQUB",48.8752879504954,1.37044268590711,0.350321631389111,3.91195565193324,9.15517264805509e-05,0.00159354996214423,"Up","COVID19_vs_Healthy"
"C15orf52",19.4905809354409,-1.46905790563283,0.375667480469733,-3.9105272135771,9.20948829507364e-05,0.00160122303157014,"Down","COVID19_vs_Healthy"
"IL1RN",105.035418048581,2.53934881090597,0.649456675052399,3.90995875236958,9.23118828957405e-05,0.00160321458773868,"Up","COVID19_vs_Healthy"
"OR4D2",6.03756364410646,-3.79248187241326,0.970180680497911,-3.90904699366607,9.26609392698738e-05,0.00160749265819843,"Down","COVID19_vs_Healthy"
"ABCA10",5.78528821971955,1.72154332000604,0.441409483748543,3.90010496690358,9.61509920710004e-05,0.00166434814593696,"Up","COVID19_vs_Healthy"
"DAB2",13.971999170876,-1.45542813297255,0.373236548120313,-3.89947913810249,9.63998424889507e-05,0.00166681186217359,"Down","COVID19_vs_Healthy"
"RNU5E_1",264.779206370884,-1.52347068542672,0.391048462174936,-3.89586159463067,9.78502574839008e-05,0.00168630047258599,"Down","COVID19_vs_Healthy"
"FRMPD4",17.8649585145035,3.43391740502796,0.881687685650929,3.89470949964871,9.83164866335898e-05,0.00169247126825348,"Up","COVID19_vs_Healthy"
"DOCK11",14.6281499275712,2.26176203146798,0.581534252417261,3.88930148493665,0.000100533165012983,0.00172872853420127,"Up","COVID19_vs_Healthy"
"LOC646903",50.3749257522971,-2.00437083607999,0.515872792039869,-3.88539746039772,0.00010216260742981,0.00174979336531997,"Down","COVID19_vs_Healthy"
"ARAP2",36.7455681836366,1.01132690535342,0.260432078918073,3.88326549307915,0.000103062928586106,0.00176062085864125,"Up","COVID19_vs_Healthy"
"KRT74",2.45371940690039,-2.95488561856869,0.761226148567807,-3.88174476681877,0.00010370969522201,0.00176973752544603,"Down","COVID19_vs_Healthy"
"NEURL1B",10.0837411478909,-1.6227498133873,0.418215130212029,-3.88017959217445,0.000104379364739289,0.00177728868274254,"Down","COVID19_vs_Healthy"
"RPL26",150.004807207021,1.34063606679241,0.34549907921534,3.88028839277117,0.00010433268207721,0.00177728868274254,"Up","COVID19_vs_Healthy"
"LMF2",12.8840740146243,-1.10179838914161,0.284020404778668,-3.87929307403187,0.000104760475090921,0.00177990435854803,"Down","COVID19_vs_Healthy"
"PSME1",268.27471243781,1.00632673749236,0.259394284580085,3.87952548423118,0.000104660436132796,0.00177990435854803,"Up","COVID19_vs_Healthy"
"BTN2A2",12.1884268428495,1.08095381572857,0.278777333390452,3.87748100816576,0.000105543563549164,0.00178738710218325,"Up","COVID19_vs_Healthy"
"ZFYVE16",27.0965027094898,1.21418498858457,0.313244808185899,3.87615359250903,0.000106120711115839,0.0017952182568007,"Up","COVID19_vs_Healthy"
"ENTPD1_AS1",21.000659734685,4.3035821963784,1.11090453034073,3.87394423088583,0.000107087928852693,0.00180767196406358,"Up","COVID19_vs_Healthy"
"EXOC6",10.6560753311255,1.23019637448172,0.317600056044421,3.87341359382398,0.00010732146765048,0.00180966198900292,"Up","COVID19_vs_Healthy"
"PVRIG",10.6109645463141,-1.03049122630137,0.266144322318422,-3.87192639438864,0.000107978562799461,0.00181878207824109,"Down","COVID19_vs_Healthy"
"ACOXL",22.4922150820163,3.23541540016192,0.835963058918933,3.8702851347833,0.000108708132459704,0.00182517688490284,"Up","COVID19_vs_Healthy"
"TNK1",9.16179885213694,-1.0514240269119,0.271661298169231,-3.87034897498324,0.000108679667610602,0.00182517688490284,"Down","COVID19_vs_Healthy"
"ERBB2IP",100.297916356433,1.069031507356,0.276466308174064,3.86676956919806,0.000110286544967498,0.00184376480304638,"Up","COVID19_vs_Healthy"
"SNORA81",4.61181188789511,2.89312682662122,0.748374404278304,3.86588158291065,0.000110688638188734,0.00184654137566877,"Up","COVID19_vs_Healthy"
"SNORD76",188.453274488367,1.70803116108624,0.441810443924175,3.86598185845372,0.000110643162779422,0.00184654137566877,"Up","COVID19_vs_Healthy"
"HSPB1",128.332593912853,-1.08119649478209,0.279774576560518,-3.86452732079542,0.000111304531827849,0.00185483846010882,"Down","COVID19_vs_Healthy"
"SNORA73A",139.420423810285,1.25555978883603,0.325028920344559,3.86291714443448,0.000112041017423976,0.00186512536239401,"Up","COVID19_vs_Healthy"
"SEMA4C",15.1617038920828,-1.07240480837906,0.277655898556301,-3.86235197579136,0.000112300610525013,0.00186547765763843,"Down","COVID19_vs_Healthy"
"ANKRD18B",16.2234591519393,1.44595964769663,0.374563451898866,3.86038637877313,0.000113207872738613,0.00187275630507509,"Up","COVID19_vs_Healthy"
"DMBT1",2.89893315794573,-2.42553460356868,0.628243985539277,-3.86081627424835,0.00011300885681682,0.00187275630507509,"Down","COVID19_vs_Healthy"
"FAM195A",2.80710971618552,-1.5409915077627,0.399182789510468,-3.86036559755614,0.000113217501572152,0.00187275630507509,"Down","COVID19_vs_Healthy"
"LOC100419583",21.1948699732042,1.40400950197299,0.363862636249608,3.85862510216586,0.000114026695467514,0.00188414966280428,"Up","COVID19_vs_Healthy"
"ESCO1",19.3506417133403,1.22370690528913,0.317191341355476,3.8579454913863,0.000114344139564143,0.00188740199989421,"Up","COVID19_vs_Healthy"
"SNORD116_20",22.2406803616991,2.12182709842143,0.550085841969672,3.85726542392708,0.000114662631214244,0.00189066475578555,"Up","COVID19_vs_Healthy"
"RPL23A",79.3605752651878,1.54540579262878,0.400729479608852,3.8564814201771,0.000115030836928571,0.00189473951185083,"Up","COVID19_vs_Healthy"
"MEGF8",51.5540826274003,-1.33289890442042,0.345764907044037,-3.85492823958175,0.000115763580317294,0.00190421623815465,"Down","COVID19_vs_Healthy"
"MEX3D",9.32757211155044,-1.43811608218504,0.373076684192195,-3.85474660604677,0.000115849556411249,0.00190421623815465,"Down","COVID19_vs_Healthy"
"KDF1",3.18199996972958,-1.00937982050168,0.261913555717329,-3.85386627941875,0.000116267112259375,0.00190907426299549,"Down","COVID19_vs_Healthy"
"MNS1",97.5050900118853,1.25979058964754,0.326934057120789,3.85334767733327,0.000116513759121125,0.0019111187659616,"Up","COVID19_vs_Healthy"
"ZEB2",49.1446521100338,1.73777282868345,0.451352845346053,3.85014262478195,0.000118049062466845,0.00193427406228396,"Up","COVID19_vs_Healthy"
"CEP295",19.2481263873369,1.14559573821281,0.29767148593772,3.84852359843593,0.000118831851292009,0.00194506360775874,"Up","COVID19_vs_Healthy"
"HOXC11",4.76869360056421,-2.44264249473267,0.634946721105374,-3.84700387219937,0.000119571080375075,0.00195511835497302,"Down","COVID19_vs_Healthy"
"SUB1",20.7721355171406,1.27689852855135,0.33202098847554,3.84583677801267,0.000120141722572056,0.00196239840794105,"Up","COVID19_vs_Healthy"
"CCDC39",69.3558147780465,1.49129228377584,0.387817599948593,3.84534452271769,0.000120383176290973,0.0019642919109501,"Up","COVID19_vs_Healthy"
"DYNC1LI1",25.1236678781089,1.20137337949883,0.312577795058015,3.84343801285005,0.000121322653404576,0.00197344790070147,"Up","COVID19_vs_Healthy"
"HBP1",37.6925584591087,1.15177617124869,0.299633677177986,3.84394765667321,0.000121070839871082,0.00197344790070147,"Up","COVID19_vs_Healthy"
"TYMP",199.475855050968,1.22100509384212,0.317669701385166,3.84363094282537,0.000121227269236899,0.00197344790070147,"Up","COVID19_vs_Healthy"
"CNTD1",14.5732610767,-2.363026107727,0.615054804138048,-3.84197650653033,0.000122047520642792,0.00198060501014105,"Down","COVID19_vs_Healthy"
"IL18R1",9.64143979749124,2.60523934255754,0.678463302753158,3.83991194805327,0.000123078445667296,0.00199165617146002,"Up","COVID19_vs_Healthy"
"DNLZ",1.89478827612826,-1.90473523619154,0.496099117104319,-3.83942476517452,0.000123322911875474,0.00199355054238369,"Down","COVID19_vs_Healthy"
"CD69",7.18468367865919,3.19697037273843,0.83333996405021,3.83633392211321,0.000124884579674682,0.00201463288943239,"Up","COVID19_vs_Healthy"
"HMX3",4.97552320529407,-2.47854432304937,0.646368435604884,-3.8345689339392,0.00012578469342688,0.0020270637309411,"Down","COVID19_vs_Healthy"
"GKAP1",13.2734069880262,2.32269908584088,0.605884016901778,3.83357048716705,0.000126296588703536,0.00203321915641249,"Up","COVID19_vs_Healthy"
"HIVEP2",76.0128911796034,1.24650446624139,0.325178056437501,3.83329822404841,0.00012643651606425,0.0020333798595821,"Up","COVID19_vs_Healthy"
"MUC15",24.930110439909,1.43731542645779,0.3752568475961,3.83021771798502,0.000128029929694068,0.00205689151935603,"Up","COVID19_vs_Healthy"
"SCARNA5",126.456240809932,1.18517246713722,0.30961810718926,3.82785256940015,0.000129266142962345,0.00206825828739752,"Up","COVID19_vs_Healthy"
"FRMPD1",7.42007226512654,-2.02544924514926,0.52938350600288,-3.82605279949587,0.00013021437235492,0.0020813018371908,"Down","COVID19_vs_Healthy"
"GSDMB",47.1602120008573,1.39050864628631,0.36367775049708,3.82346361410821,0.000131590018256032,0.00209686416056048,"Up","COVID19_vs_Healthy"
"EMILIN3",4.18269709561915,-2.66485914056844,0.697467386651474,-3.82076523084809,0.000133038247395365,0.00211563261711653,"Down","COVID19_vs_Healthy"
"RASSF7",17.6519279892383,-1.18702756972273,0.310662561058033,-3.82095469013079,0.000132936075906772,0.00211563261711653,"Down","COVID19_vs_Healthy"
"BUB1",75.5563869723673,1.94712273758778,0.509920855994204,3.81848028904689,0.00013427631084235,0.00212890063880767,"Up","COVID19_vs_Healthy"
"INHBB",30.0001990864271,-1.70844612287959,0.447416152565274,-3.81847216083766,0.000134280734311297,0.00212890063880767,"Down","COVID19_vs_Healthy"
"SNORD102",33.8365014369891,2.83117318822009,0.741729254400271,3.81699005590557,0.000135089612526789,0.00213776538987254,"Up","COVID19_vs_Healthy"
"PEX10",5.08825390390602,-1.10572600721206,0.290102669066852,-3.81149891095024,0.000138126664335208,0.0021810353617733,"Down","COVID19_vs_Healthy"
"MTIF2",27.6894180572168,1.19509537197215,0.313581466426118,3.81111608920205,0.000138340776722257,0.00218221418765108,"Up","COVID19_vs_Healthy"
"LMNB1",45.7921076323478,1.89191974034376,0.496550058300915,3.81012892600898,0.000138894341011548,0.00218873982693727,"Up","COVID19_vs_Healthy"
"HIF1A",40.4901731896172,1.45410269208064,0.381716628338569,3.80937738659606,0.000139317174451231,0.00219319431168295,"Up","COVID19_vs_Healthy"
"FCGR2A",28.3933864028356,2.83587281369465,0.744719062402893,3.80797666779804,0.00014010848895597,0.00220343480922917,"Up","COVID19_vs_Healthy"
"IRF7",53.3212659461198,1.99809410152002,0.524840881800876,3.80704737531878,0.0001406358123633,0.0022095072207439,"Up","COVID19_vs_Healthy"
"DUSP15",6.95726575879319,-2.3286510945518,0.611769431725027,-3.80641950021207,0.000140993155213945,0.0022128995915625,"Down","COVID19_vs_Healthy"
"TDRD7",30.44417007294,1.06485318217646,0.280464263122218,3.79675175126474,0.000146604470653717,0.00229177498180756,"Up","COVID19_vs_Healthy"
"TAF1D",17.3184257472373,1.07196522919378,0.282490070187765,3.79470056586863,0.000147821746695002,0.00230795545400176,"Up","COVID19_vs_Healthy"
"ZBTB8A",8.69613036827933,-1.25774183539441,0.331592459213926,-3.79303509608153,0.000148817113613863,0.0023194125436551,"Down","COVID19_vs_Healthy"
"CDK14",12.6324293129781,1.37531817107226,0.363092170643312,3.78779351985345,0.000151991077282385,0.00236303166226101,"Up","COVID19_vs_Healthy"
"SNORD83B",21.6749987721087,-1.64920670793344,0.435414981138914,-3.78766643173282,0.000152068819267436,0.00236303166226101,"Down","COVID19_vs_Healthy"
"FLYWCH1",25.6977220799139,-1.37831513456308,0.364240749881797,-3.78407724838686,0.000154279903469852,0.00238554538487771,"Down","COVID19_vs_Healthy"
"REEP6",4.38050249377532,-1.2784870846351,0.337956492490576,-3.78299311610578,0.000154953701593234,0.00239123818790032,"Down","COVID19_vs_Healthy"
"MCAT",9.49400408368477,-1.07395492970123,0.283957469612095,-3.78209783024311,0.000155512217058791,0.00239749278082361,"Down","COVID19_vs_Healthy"
"HMGB1",29.6313098921205,1.56978312152034,0.415182845579551,3.78094407857601,0.000156234768437924,0.00240626147294945,"Up","COVID19_vs_Healthy"
"FBXO36",42.4903000899044,1.47594967646971,0.390629739787202,3.77838532538189,0.000157848509343111,0.00242633936561985,"Up","COVID19_vs_Healthy"
"LOC101929762",2.02381393177942,-2.16666088567937,0.573888560468208,-3.77540351024195,0.000159748854139246,0.00245073536232443,"Down","COVID19_vs_Healthy"
"TRAF3IP3",13.6294749096114,2.03468348608628,0.539009518207468,3.77485631951887,0.00016009991463714,0.00245371544000192,"Up","COVID19_vs_Healthy"
"POU3F1",15.00418000209,-2.08547420908966,0.552670450180698,-3.77344981698915,0.00016100561701719,0.00246095234370912,"Down","COVID19_vs_Healthy"
"KLHL31",6.92777864589274,-1.81070595513074,0.480003183770658,-3.77227905220704,0.000161763193224044,0.00246905443117284,"Down","COVID19_vs_Healthy"
"SLAMF7",10.1745841936881,2.26596324095512,0.600719178064192,3.77208406806181,0.000161889688546992,0.00246905443117284,"Up","COVID19_vs_Healthy"
"SNORD79",62.6381901024813,2.19880225125256,0.583198710495505,3.77024539266279,0.000163087108852738,0.00248489491657998,"Up","COVID19_vs_Healthy"
"BPHL",7.00358196447916,-1.08861893877737,0.288808746988195,-3.76934199580134,0.000163678486065762,0.00248905826040528,"Down","COVID19_vs_Healthy"
"NUBP2",7.43014386377096,-1.15669247484685,0.306858136252377,-3.76946979139415,0.000163594706796257,0.00248905826040528,"Down","COVID19_vs_Healthy"
"CCL2",5.9416336770119,4.04564557173919,1.0735464815978,3.7684866385272,0.000164240274883409,0.00249517652560736,"Up","COVID19_vs_Healthy"
"PTGS1",67.872443020147,-1.91344532327496,0.507907130515941,-3.7673133695352,0.00016501381582982,0.00250449678962659,"Down","COVID19_vs_Healthy"
"ZNF316",72.9234756711393,-1.0667227237028,0.283216301267738,-3.76645948318623,0.00016557894015787,0.00251063881355654,"Down","COVID19_vs_Healthy"
"SNORD47",88.7765330891717,1.61182042508043,0.428148750342163,3.764627185744,0.000166797753945423,0.00252667110720037,"Up","COVID19_vs_Healthy"
"LAG3",12.9543289640123,2.109577244298,0.561652129364042,3.75602109207113,0.000172636150406801,0.00259501487182097,"Up","COVID19_vs_Healthy"
"PLEK",117.490835034254,2.41545353464352,0.643080880462906,3.75606491815589,0.000172605937670065,0.00259501487182097,"Up","COVID19_vs_Healthy"
"RNF44",21.8032008707354,-1.01830869727208,0.271466977620585,-3.75113284937116,0.00017603738946322,0.00263853742367861,"Down","COVID19_vs_Healthy"
"UNKL",20.2184065182636,-1.09515422927631,0.292084592445344,-3.74944196853257,0.000177228501383031,0.00265131127116794,"Down","COVID19_vs_Healthy"
"SNORD87",201.301966950406,1.60617972782131,0.428807049605219,3.74569338190695,0.00017989620675754,0.00268608381998281,"Up","COVID19_vs_Healthy"
"FBXO44",10.3128635117272,-1.06146275830723,0.2834239594176,-3.74514123819455,0.000180292318773389,0.00268943203447664,"Down","COVID19_vs_Healthy"
"PFDN4",6.13372813904438,1.74398799310296,0.465848175708379,3.74368320848528,0.000181342265725005,0.00270251788006179,"Up","COVID19_vs_Healthy"
"ITPR2",30.3771897969179,1.34753363197695,0.359978032132149,3.74337740554754,0.000181563206636611,0.00270323602040884,"Up","COVID19_vs_Healthy"
"USP1",16.7767892451717,1.01138670366226,0.270405670726756,3.74025700327959,0.000183832192852703,0.00273181970917293,"Up","COVID19_vs_Healthy"
"ALG9",27.0996238712744,2.40587508093853,0.643699365898837,3.73757565782134,0.00018580318857203,0.00275066063838706,"Up","COVID19_vs_Healthy"
"LAD1",20.9488277193093,-1.14604689130786,0.306614554322359,-3.73774458893745,0.000185678427139039,0.00275066063838706,"Down","COVID19_vs_Healthy"
"PROK2",22.9780625951362,3.58352366804916,0.959657232791984,3.73417043669166,0.000188334927408634,0.00278236072096283,"Up","COVID19_vs_Healthy"
"MBD5",11.5870018326783,1.18347739845631,0.317190567842369,3.73112418350487,0.000190627222016546,0.00280878980236809,"Up","COVID19_vs_Healthy"
"SNORD116_15",30.5511497449153,2.14008127734027,0.573674529416378,3.73047985853139,0.000191115422186374,0.00281190486677841,"Up","COVID19_vs_Healthy"
"PATL1",36.2828754785884,1.10940774870608,0.297514641003017,3.72891816337477,0.000192303586773061,0.00281588309512897,"Up","COVID19_vs_Healthy"
"NEK5",53.3869153452605,1.32945332371644,0.356751966830851,3.7265479866206,0.000194120128489865,0.00283887081365365,"Up","COVID19_vs_Healthy"
"EFNA3",1.80022258688784,-1.97280260622153,0.529872570010142,-3.72316424340246,0.000196741443456006,0.00287451924108271,"Down","COVID19_vs_Healthy"
"RPS27A",69.6294626996451,1.41797325092093,0.380879028436116,3.72289662873565,0.000196950171939688,0.00287488459935844,"Up","COVID19_vs_Healthy"
"REEP2",1.43781989625099,-1.84125260703028,0.494751471221794,-3.72157075649172,0.000197987370697327,0.0028819594201598,"Down","COVID19_vs_Healthy"
"TNFRSF1B",39.2892757292834,2.52030609577105,0.677191115829214,3.72170578860143,0.000197881503990494,0.0028819594201598,"Up","COVID19_vs_Healthy"
"PLCL2",13.0872478351342,1.21862929009855,0.327528532017852,3.72068131771838,0.000198686031616143,0.0028867586097766,"Up","COVID19_vs_Healthy"
"LINC01267",3.10141444069533,-1.80249047423389,0.484899263199543,-3.71724729450072,0.000201405278603938,0.00291628690606902,"Down","COVID19_vs_Healthy"
"PSMA3",18.0918029668142,1.12223786643129,0.302100295940988,3.71478572351518,0.000203375956455615,0.00294124488596808,"Up","COVID19_vs_Healthy"
"KIF20B",8.99198574583843,1.51972613982135,0.409161028403699,3.71424948693284,0.000203807651321008,0.00294428725929517,"Up","COVID19_vs_Healthy"
"ZNF653",44.0455691031941,2.10019330539329,0.56547144477473,3.7140572257012,0.000203962639894936,0.00294428725929517,"Up","COVID19_vs_Healthy"
"CARD10",150.282004224188,2.42093933250745,0.652252894317797,3.71165747764072,0.000205906500297895,0.00296960821812116,"Up","COVID19_vs_Healthy"
"DCK",7.11187824960317,1.51518938400023,0.408633739236653,3.70793999249957,0.000208952153365459,0.00300298040924327,"Up","COVID19_vs_Healthy"
"S100A8",113.616967894433,2.59708099700005,0.700462890471932,3.70766393527326,0.000209180000388239,0.00300298040924327,"Up","COVID19_vs_Healthy"
"SLFN12",6.19826318181464,1.51132817760554,0.407601011540003,3.70786169517936,0.000209016753272611,0.00300298040924327,"Up","COVID19_vs_Healthy"
"HOMER3",7.22243364511745,-1.39635171990752,0.376695262088626,-3.70684704704091,0.000209855596159248,0.00300991784482119,"Down","COVID19_vs_Healthy"
"SNORA65",66.7412466965055,1.28699768823675,0.347221381172791,3.70656232023998,0.000210091556629201,0.00301054274554372,"Up","COVID19_vs_Healthy"
"SNORD116_8",76.9082040070185,1.98124014109045,0.53469887358176,3.70533816130717,0.000211108890294072,0.00302028647682501,"Up","COVID19_vs_Healthy"
"TRIM5",22.5315262045997,1.27410342035583,0.343861599850632,3.70527974309805,0.00021115755404183,0.00302028647682501,"Up","COVID19_vs_Healthy"
"BTN3A2",22.9487978517256,1.02731664084027,0.277537402284893,3.70154304386595,0.00021429229334174,0.00304819008793647,"Up","COVID19_vs_Healthy"
"CEBPA",7.7930470426606,-1.29449385358914,0.349655084377051,-3.70220228856509,0.000213736093130047,0.00304819008793647,"Down","COVID19_vs_Healthy"
"LOC100506526",2.845735529407,-2.18106320637235,0.589236210846286,-3.70150911675949,0.000214320954148196,0.00304819008793647,"Down","COVID19_vs_Healthy"
"C1GALT1",18.7223294628478,1.24915501033718,0.337524894523865,3.70092704450533,0.000214813235818592,0.0030502699764876,"Up","COVID19_vs_Healthy"
"VNN3",39.5386861076415,1.1768144330749,0.318002207068449,3.70064863361655,0.000215049074187335,0.00305085032899675,"Up","COVID19_vs_Healthy"
"KIAA1407",106.840617119844,1.1243124247607,0.303835143765627,3.70040282643529,0.000215257496429323,0.00305104103634605,"Up","COVID19_vs_Healthy"
"ECM1",77.2682995908067,3.78242013891744,1.02253066166844,3.69907747582428,0.000216384546089972,0.0030614695996527,"Up","COVID19_vs_Healthy"
"SNRPB2",11.7689167335956,1.5030887339827,0.406318255047774,3.69928920325269,0.000216204126536256,0.0030614695996527,"Up","COVID19_vs_Healthy"
"BCAN",3.16637680789388,-1.72398977966291,0.466182119305239,-3.69810361288033,0.000217216227127634,0.00306768909936211,"Down","COVID19_vs_Healthy"
"HDAC6",84.625145746703,1.72831869082092,0.467347638174382,3.69814362938115,0.000217181993902827,0.00306768909936211,"Up","COVID19_vs_Healthy"
"CASC10",3.36578169790192,-1.93921851642455,0.52499858548987,-3.69375950720912,0.000220962789581767,0.0031121743756755,"Down","COVID19_vs_Healthy"
"PSMC1",24.4668443370387,1.12843065747895,0.305992985795281,3.68776641904435,0.00022623117541904,0.00318351207999743,"Up","COVID19_vs_Healthy"
"GDPD3",12.1214174694682,-1.4251049090204,0.386512951632178,-3.6870819024367,0.000226840364445942,0.00318921655242596,"Down","COVID19_vs_Healthy"
"TMEM154",32.5664449242641,1.51862376252748,0.411956818911123,3.68636636854679,0.000227478803189345,0.0031938381826306,"Up","COVID19_vs_Healthy"
"NDUFS5",38.826765194944,1.14530899260041,0.31075884267874,3.68552341979345,0.000228233092188728,0.00319813954503681,"Up","COVID19_vs_Healthy"
"SNORA40",14.8058936930205,1.77578608896713,0.481836051799063,3.68545708096512,0.000228292553157344,0.00319813954503681,"Up","COVID19_vs_Healthy"
"ABCA5",32.9658230686734,1.11819981974991,0.303598126683615,3.68315783751594,0.000230362423776773,0.00322035065873977,"Up","COVID19_vs_Healthy"
"HAAO",19.0878710784769,2.93978896740608,0.798202659784623,3.68301073839984,0.000230495445922069,0.00322035065873977,"Up","COVID19_vs_Healthy"
"TEAD4",1.4555442376411,-1.91325155460482,0.519528722542,-3.68266752460477,0.000230806095499416,0.00322181425724787,"Down","COVID19_vs_Healthy"
"ADPRH",91.140487756156,-2.00743417505186,0.54527822436882,-3.68148604755955,0.000231878480688584,0.00323389881088678,"Down","COVID19_vs_Healthy"
"NFIL3",29.3438894441642,2.04439380606837,0.555476552126904,3.68043223110039,0.000232838936514889,0.00324440220711041,"Up","COVID19_vs_Healthy"
"KLHDC8B",6.82627605426536,-1.25535165459915,0.341319060082763,-3.67794184800214,0.000235123545948018,0.0032733213941233,"Down","COVID19_vs_Healthy"
"IL2RG",13.3644377849941,2.19077056543414,0.596233445764872,3.67435034212772,0.000238455360859902,0.00331486765478471,"Up","COVID19_vs_Healthy"
"SAA2",15.5387458874704,1.95264428868064,0.531672746999389,3.67264318079271,0.000240054568319035,0.00333307354485915,"Up","COVID19_vs_Healthy"
"IL7R",8.58553386373774,2.23794233806981,0.6096068967678,3.6711237191305,0.000241486403829047,0.00334788827033031,"Up","COVID19_vs_Healthy"
"RTN1",15.6693814033929,2.29877055612639,0.626187649261166,3.67105700477914,0.000241549454064604,0.00334788827033031,"Up","COVID19_vs_Healthy"
"TRIM9",2.14389548620589,-2.47062916289138,0.673584486277239,-3.66788311373683,0.000244566934510478,0.0033807273774028,"Down","COVID19_vs_Healthy"
"LINC00479",18.398382020958,2.54861807506854,0.695248984453405,3.66576310366311,0.000246602128706134,0.00340585181817616,"Up","COVID19_vs_Healthy"
"MILR1",3.23678971783258,2.36243257592606,0.644558658713225,3.6651940734802,0.00024715109164396,0.0034098203973238,"Up","COVID19_vs_Healthy"
"SNORD56",33.6339446198913,1.62766960758217,0.444335855014935,3.66315162103554,0.000249130971221636,0.00343169140640507,"Up","COVID19_vs_Healthy"
"GRIN3A",3.81982904210312,-1.74707614548049,0.477050671904663,-3.66224438696448,0.000250015174073201,0.00343781849200128,"Down","COVID19_vs_Healthy"
"NEK7",21.7503201967677,1.05552200469266,0.288200018691374,3.66246334571891,0.000249801504791699,0.00343781849200128,"Up","COVID19_vs_Healthy"
"SERPINB3",437.182597028716,1.22601278112292,0.334842795779402,3.66145784402848,0.000250784130851161,0.00344536442454695,"Up","COVID19_vs_Healthy"
"HELB",8.84894131018426,2.15075420649195,0.587881813218612,3.65848059615371,0.000253714945730554,0.00347951925573331,"Up","COVID19_vs_Healthy"
"NUDT8",1.22639403324394,-2.13569743406423,0.584147979844291,-3.65608973711338,0.000256091738995155,0.00350903987022433,"Down","COVID19_vs_Healthy"
"OLA1",15.4787370058393,1.08659818411398,0.297299797614511,3.65489042654143,0.000257291842331122,0.0035193205846131,"Up","COVID19_vs_Healthy"
"NMNAT3",1.59027115150162,-1.55812732068288,0.426552008802956,-3.6528425339163,0.000259353287414298,0.00354441942485497,"Down","COVID19_vs_Healthy"
"COX7C",71.1282879173747,1.49648802592453,0.409874466745122,3.65108868041568,0.000261131048004754,0.00356540593680732,"Up","COVID19_vs_Healthy"
"SLFN5",74.0607084144773,1.00792899298165,0.276078463918115,3.65087873453469,0.000261344619728911,0.00356540593680732,"Up","COVID19_vs_Healthy"
"RSBN1L",22.6754194681371,1.15874183166371,0.31750473105596,3.64952619071205,0.000262724453435004,0.00358110822939978,"Up","COVID19_vs_Healthy"
"DACT2",3.0625586214602,-2.25053902131427,0.616718366932156,-3.64921679324956,0.000263041051985458,0.00358230320406306,"Down","COVID19_vs_Healthy"
"MT2A",50.6604028760214,1.49883854835956,0.411041996986078,3.64643651828678,0.000265902128807225,0.00361256466175571,"Up","COVID19_vs_Healthy"
"SARDH",98.550547801357,-1.84509303139498,0.506350769082202,-3.64390289115063,0.000268534771193452,0.00364443373775815,"Down","COVID19_vs_Healthy"
"ZNF277",12.2604270108241,1.16214296833324,0.319065209121364,3.64233684873863,0.000270174212746206,0.00366350613609413,"Up","COVID19_vs_Healthy"
"NCBP2_AS2",4.03563840631636,-1.17771296751024,0.32340635336588,-3.64158884095221,0.000270960585497417,0.0036694223932901,"Down","COVID19_vs_Healthy"
"SNORD31",91.243896197624,-1.55439878115471,0.426920473432117,-3.64095628550798,0.000271627258094511,0.00367048647207505,"Down","COVID19_vs_Healthy"
"LY96",3.72479252983999,3.38410236884619,0.929850399135376,3.63940519033266,0.000273268525084151,0.00367995342557383,"Up","COVID19_vs_Healthy"
"VTRNA1_2",72.4007842945589,-2.0716047091975,0.569527898759753,-3.63740690088893,0.000275396686075859,0.00370542333939384,"Down","COVID19_vs_Healthy"
"HIST2H2BE",19.2107736879083,1.16389815434003,0.320370878468303,3.63297113615521,0.000280176369774377,0.00375681219728317,"Up","COVID19_vs_Healthy"
"KISS1R",2.03765263229716,-2.68827614155,0.739941944247393,-3.63309062616296,0.000280046602844718,0.00375681219728317,"Down","COVID19_vs_Healthy"
"SNORA18",30.660059450773,2.30054615940225,0.633379828132146,3.63217465606163,0.000281042792965541,0.00376520344548354,"Up","COVID19_vs_Healthy"
"GALNT4",6.49390173456358,-1.15582425673004,0.31836022704411,-3.63055481980761,0.000282812626325271,0.00378335182248533,"Down","COVID19_vs_Healthy"
"RTP4",14.0031610862611,1.83702616238592,0.506029903329747,3.63027194697,0.000283122762278267,0.00378335182248533,"Up","COVID19_vs_Healthy"
"PTRF",9.17326518532097,-1.51494642496843,0.417483167807108,-3.62876049093407,0.000284785298933727,0.00380232112433018,"Down","COVID19_vs_Healthy"
"LOXHD1",23.758126531266,-1.79156801019821,0.49397236117762,-3.62685881033333,0.000286890060835822,0.0038267635536606,"Down","COVID19_vs_Healthy"
"AKAP7",5.32070720502522,1.39376161476339,0.384372745846032,3.62606774238278,0.000287769892118158,0.00383236023137441,"Up","COVID19_vs_Healthy"
"AIM2",5.8977333156236,2.66441074406339,0.735900244123816,3.62061402389629,0.000293904689472676,0.00390409217391209,"Up","COVID19_vs_Healthy"
"GAPT",5.3285706680262,3.03009806908713,0.837349582819595,3.61867746907322,0.000296112405881888,0.0039273614970774,"Up","COVID19_vs_Healthy"
"SHISA8",1.50463758141801,-1.83593311673849,0.507547017257442,-3.61726707933199,0.000297730047534092,0.00394486010483782,"Down","COVID19_vs_Healthy"
"SNORA60",121.080069806902,-1.15128721042996,0.318311104456093,-3.61686159958885,0.000298196640697829,0.00394769969005045,"Down","COVID19_vs_Healthy"
"SNORA80B",18.5435421566856,-1.55555706971982,0.430563992970047,-3.61283594336241,0.000302866337707827,0.0040027470037602,"Down","COVID19_vs_Healthy"
"CPB1",8.89305625094699,-2.21631972860809,0.613637106889018,-3.61177592379356,0.00030410728468657,0.00400898971421689,"Down","COVID19_vs_Healthy"
"DBF4",5.02573186849759,1.82743080000629,0.505941063238497,3.61194402428816,0.000303910175132309,0.00400898971421689,"Up","COVID19_vs_Healthy"
"YDJC",3.1039695734614,-1.48404527270534,0.410858440133503,-3.6120598428576,0.000303774439398844,0.00400898971421689,"Down","COVID19_vs_Healthy"
"PHEX",6.36200562896147,-1.27662925760024,0.353599597083419,-3.61038097364988,0.000305747585743755,0.00402722072535208,"Down","COVID19_vs_Healthy"
"CASC1",113.486693333498,1.1758430623178,0.325926178026495,3.60769751431938,0.000308926348844754,0.00406566821423272,"Up","COVID19_vs_Healthy"
"GPR65",12.5336302994528,2.40956331963024,0.668362241901247,3.60517570947143,0.000311941799966097,0.00408816188096272,"Up","COVID19_vs_Healthy"
"NFKBIA",154.647036530642,1.71852662597349,0.476682249270698,3.60518275770234,0.000311933333764754,0.00408816188096272,"Up","COVID19_vs_Healthy"
"STK17B",43.8433537181398,1.34069699850379,0.371915104449737,3.60484686548939,0.000312337040374453,0.00408991632450163,"Up","COVID19_vs_Healthy"
"COX20",6.95680837137966,-1.26374103843249,0.350751653842988,-3.60295104694844,0.000314624798998109,0.00411298985356926,"Down","COVID19_vs_Healthy"
"LRRIQ1",165.114378765678,1.34225627483612,0.372611753306982,3.60229183036607,0.000315423970574543,0.00411999523501707,"Up","COVID19_vs_Healthy"
"DYNC2LI1",32.4359538047742,1.1508626659305,0.319537288002345,3.60165373226191,0.000316199349782765,0.00412323952116726,"Up","COVID19_vs_Healthy"
"ID1",17.9780937892347,-1.11159663808692,0.308625795532254,-3.60176192067765,0.000316067760102838,0.00412323952116726,"Down","COVID19_vs_Healthy"
"MAMDC4",11.8093594690369,-1.82942214519671,0.508108622722855,-3.60045483068796,0.000317661012238985,0.00413885055746515,"Down","COVID19_vs_Healthy"
"DNPH1",18.4380845410464,-1.08293391562961,0.3010065725171,-3.59770853697251,0.000321033077730585,0.00417583175422128,"Down","COVID19_vs_Healthy"
"PMAIP1",14.4059871038783,1.60050042582835,0.44500604254287,3.59658133332912,0.000322426800794961,0.00419047722494979,"Up","COVID19_vs_Healthy"
"AGR3",9.94013986409827,1.69344599939809,0.471258723494073,3.59345284229924,0.000326324730812558,0.00423469122847646,"Up","COVID19_vs_Healthy"
"AK9",232.028700852023,1.19255632449896,0.331872537127496,3.59341672203752,0.000326369991151752,0.00423469122847646,"Up","COVID19_vs_Healthy"
"CLPB",33.9580188399687,2.00357256785293,0.557766743403546,3.59213343489599,0.0003279818260632,0.00425207921643493,"Up","COVID19_vs_Healthy"
"HIST2H2BF",13.7092754956455,1.63373380195714,0.454854121471162,3.5917753073734,0.000328432969359463,0.00425440323223251,"Up","COVID19_vs_Healthy"
"ZBBX",166.603235079794,1.26311254613864,0.352068946220291,3.58768519546824,0.000333626755317087,0.00431097561288338,"Up","COVID19_vs_Healthy"
"TFEC",11.7057051603478,2.37449779147674,0.661966227787739,3.58703766416031,0.000334456029022567,0.00431812536480622,"Up","COVID19_vs_Healthy"
"SNORD116_24",48.9799233438809,2.06284640358198,0.575186444895187,3.58639606668387,0.000335279605419884,0.0043251898315007,"Up","COVID19_vs_Healthy"
"GATA6",3.47739111071412,-1.12831000339181,0.314887748886358,-3.58321340662578,0.000339393103461087,0.00436745335769661,"Down","COVID19_vs_Healthy"
"GNAO1",7.147840739164,-1.97201615981936,0.550501343321818,-3.58221861534411,0.000340688497693887,0.00438052063427605,"Down","COVID19_vs_Healthy"
"HACD2",4.28066031380831,-1.15026896555987,0.321166846419851,-3.58153084100143,0.000341586804503881,0.00438846495638483,"Down","COVID19_vs_Healthy"
"FAM83G",10.3205669651724,-1.16938127814231,0.326546895663239,-3.58105158454262,0.000342214074160745,0.00438976310103407,"Down","COVID19_vs_Healthy"
"NDRG4",78.2059275877796,2.09194715282942,0.584562762589131,3.57865277556137,0.000345369957066076,0.00442616632937752,"Up","COVID19_vs_Healthy"
"ZBED3",4.75232366610653,-2.65045554303867,0.740771316901149,-3.57796729242469,0.000346276770475753,0.00443415622291701,"Down","COVID19_vs_Healthy"
"PMF1",2.61556412320984,-1.16322337470233,0.3253564414895,-3.57522773908218,0.000349923160386001,0.00447352746218966,"Down","COVID19_vs_Healthy"
"CD83",13.1605950846745,2.49808191373887,0.69923060874983,3.57261521803979,0.000353433895952727,0.0045073623503409,"Up","COVID19_vs_Healthy"
"LYSMD4",11.8558253096005,-1.51976447455736,0.425669668272171,-3.57029073912222,0.000356585224976539,0.00454197729702251,"Down","COVID19_vs_Healthy"
"C1orf131",6.45084058764045,1.12387770657887,0.31484893505322,3.5695776019979,0.000357557290201689,0.00454882640412685,"Up","COVID19_vs_Healthy"
"PVRL3",11.2361748915153,2.08181532942765,0.583314679463038,3.5689404068213,0.000358427935982416,0.00455619849086341,"Up","COVID19_vs_Healthy"
"LRRC26",2.85320399394414,-1.45508814615202,0.407770141146101,-3.5684028802655,0.000359163938532,0.00455814867003142,"Down","COVID19_vs_Healthy"
"PARP12",35.9600948758205,1.10681678790301,0.310155523609791,3.56858641439351,0.000358912477621319,0.00455814867003142,"Up","COVID19_vs_Healthy"
"TATDN1",6.84196141486608,1.47086849751458,0.412388705268672,3.56670412822365,0.000361499238204001,0.00458035633960827,"Up","COVID19_vs_Healthy"
"UQCRH",27.9440816823618,1.03767859827563,0.290969447716092,3.56628026213985,0.000362084142530943,0.00458405555204223,"Up","COVID19_vs_Healthy"
"FAM184A",25.209508888305,1.31383699517247,0.36847544102625,3.56560261251948,0.000363021088253303,0.00458849272131477,"Up","COVID19_vs_Healthy"
"TXN",80.553189645881,1.02365452754883,0.287319074033322,3.56277957178059,0.000366948785540689,0.00462320015792328,"Up","COVID19_vs_Healthy"
"IKZF3",27.1819866699226,1.66237044610606,0.466626546820218,3.56252865901892,0.000367299796378396,0.00462322510748732,"Up","COVID19_vs_Healthy"
"DMD",102.921210620864,1.0420944109648,0.292589992902437,3.56162013822627,0.000368573386542341,0.00463247899808398,"Up","COVID19_vs_Healthy"
"MAD2L2",25.8045787075469,2.11139607333604,0.593290949291215,3.55878692546794,0.00037257162770526,0.00467711347744987,"Up","COVID19_vs_Healthy"
"FAM173A",4.09874485199093,-1.33716570323278,0.375884363245209,-3.55738581857548,0.000374563824857746,0.00468893978509921,"Down","COVID19_vs_Healthy"
"LINC01004",69.8642211936225,-1.48906120850815,0.418548201993893,-3.55768153205417,0.000374142530384123,0.00468893978509921,"Down","COVID19_vs_Healthy"
"FAM65B",41.9320866114148,1.73344907620017,0.487595693407229,3.5550951323773,0.000377842353495088,0.004726200757387,"Up","COVID19_vs_Healthy"
"CAV1",2.03689790784859,-2.12817421375195,0.598967398371615,-3.55307186924985,0.000380760424439756,0.00475197040663638,"Down","COVID19_vs_Healthy"
"SCAMP5",7.26787144520426,-1.29625202385747,0.364829496380848,-3.55303514851855,0.000380813579366182,0.00475197040663638,"Down","COVID19_vs_Healthy"
"SPRR2D",21.0408317784885,3.6547636702639,1.02854875021612,3.55332080224292,0.000380400265435554,0.00475197040663638,"Up","COVID19_vs_Healthy"
"MIR6723",5.12445280839001,2.84187266008448,0.800491255884206,3.55016077839027,0.000384995946732618,0.00479269417221321,"Up","COVID19_vs_Healthy"
"SCARNA3",29.5807551252645,1.42332605503023,0.400905813790597,3.55027541649389,0.000384828323314542,0.00479269417221321,"Up","COVID19_vs_Healthy"
"RBM48",5.71056969159128,1.37149877656423,0.386373990012665,3.54966641651854,0.000385719582768181,0.0047978855573581,"Up","COVID19_vs_Healthy"
"SPRR2A",56.8716978808628,2.86393915164903,0.807234175263818,3.5478418027991,0.000388401430403675,0.00482222666787346,"Up","COVID19_vs_Healthy"
"MED22",8.12866885828656,-1.10708330238141,0.312175104265045,-3.54635359212203,0.00039060171885921,0.00484321370579153,"Down","COVID19_vs_Healthy"
"RASGRP1",6.14754018624011,1.2997044453825,0.366749322574988,3.54384961438273,0.000394330102587044,0.00487399482249768,"Up","COVID19_vs_Healthy"
"ZCCHC17",20.2462059064731,1.07852438766918,0.304325684004297,3.54398082172372,0.000394133914225522,0.00487399482249768,"Up","COVID19_vs_Healthy"
"PFKFB4",28.766697512552,2.67523451913193,0.755164101051734,3.54258698924654,0.000396222718062198,0.00488966332195368,"Up","COVID19_vs_Healthy"
"ATP5G1",5.39079369246085,-1.13245917530957,0.319951911376371,-3.53946682311712,0.000400936163136116,0.00493698595927148,"Down","COVID19_vs_Healthy"
"MORN4",6.7094650906938,-1.19166092072396,0.336682329458979,-3.53942222818423,0.000401003908118229,0.00493698595927148,"Down","COVID19_vs_Healthy"
"TSPO",10.2911706014326,-1.51103980502976,0.427297559808341,-3.53627061597898,0.000405818754653282,0.00498449911523906,"Down","COVID19_vs_Healthy"
"KIAA1804",3.47772200584477,-1.56274421375594,0.441950574142849,-3.5360158017372,0.000406210395172713,0.00498539628522558,"Down","COVID19_vs_Healthy"
"CATSPERD",14.066169943656,1.54532084996681,0.43716363476236,3.53487968139627,0.000407960872355652,0.00500295590174078,"Up","COVID19_vs_Healthy"
"SLC9A5",3.60747809763874,-1.77936175816703,0.504387582048602,-3.5277667839086,0.000419081212790531,0.00511926839792836,"Down","COVID19_vs_Healthy"
"SNORD8",269.428747489979,1.27208818974041,0.360690544507011,3.52681324507437,0.000420593316414767,0.00512973048734083,"Up","COVID19_vs_Healthy"
"PAPD4",27.4069468535541,1.06091997603066,0.301100781149177,3.52347135062741,0.000425933141941136,0.00518273857316866,"Up","COVID19_vs_Healthy"
"CALML3_AS1",1.12210715302421,-2.2116168744789,0.628080473587234,-3.52123170116629,0.000429547107049189,0.00521859715147959,"Down","COVID19_vs_Healthy"
"LRRK2",40.3884730129723,2.16709407821646,0.615848028421188,3.51887799945078,0.000433375950429069,0.00526102938115909,"Up","COVID19_vs_Healthy"
"SYT8",12.7532861474155,-1.32059409732635,0.375512852339036,-3.51677469652632,0.000436824396950879,0.00529878152208322,"Down","COVID19_vs_Healthy"
"CLEC7A",27.7480865379015,1.67437640270851,0.47628833633143,3.51546799488152,0.000438979667390401,0.00532080080195585,"Up","COVID19_vs_Healthy"
"MSH3",26.0868722689152,1.10663585848113,0.314895892288516,3.51429118506,0.000440929186149191,0.0053361638862046,"Up","COVID19_vs_Healthy"
"SNORA78",14.4771904618051,-1.35269809908112,0.384900436845481,-3.51441040225206,0.000440731322103772,0.0053361638862046,"Down","COVID19_vs_Healthy"
"LMNTD2",13.5963909247485,-1.05679152616968,0.300811103473913,-3.51314002031619,0.000442844037766247,0.0053551959064654,"Down","COVID19_vs_Healthy"
"HAGLR",117.610124149903,2.79550193357107,0.796685568882863,3.50891498824437,0.000449938695970382,0.00543678819655949,"Up","COVID19_vs_Healthy"
"ZNF546",4.42187946256718,1.57360203328761,0.448699520784683,3.50702855785471,0.000453140514641246,0.00546703374950363,"Up","COVID19_vs_Healthy"
"HSH2D",30.0427220652087,1.37288062189306,0.391571696543445,3.50607726250902,0.00045476319122,0.00548238398783556,"Up","COVID19_vs_Healthy"
"KLF17",22.2630742885116,6.98757275843957,1.99391736012501,3.50444451619675,0.000457560902491928,0.00550655121067409,"Up","COVID19_vs_Healthy"
"LINC00467",14.5691825667607,1.21341303349309,0.346452761340864,3.50239100071497,0.000461102405110806,0.00553747539153791,"Up","COVID19_vs_Healthy"
"SIVA1",3.94280886493157,-1.25424376118815,0.358361136552974,-3.49994358554765,0.000465356631625149,0.005575727849671,"Down","COVID19_vs_Healthy"
"FASTK",8.62824121419651,-1.0173800426108,0.290739792513025,-3.49928034899185,0.000466515795114834,0.00558533983317286,"Down","COVID19_vs_Healthy"
"LINC01342",60.9375477884337,2.47861081251407,0.708531177839172,3.49823817220459,0.000468342690186428,0.00560292539452387,"Up","COVID19_vs_Healthy"
"CALML5",1.29134620369605,-2.51119720721683,0.718737525519596,-3.49390023207903,0.000476018873064145,0.0056758634307677,"Down","COVID19_vs_Healthy"
"OPLAH",7.98267967114537,-1.50913118320276,0.431949345031566,-3.49376888878596,0.000476253111234534,0.0056758634307677,"Down","COVID19_vs_Healthy"
"FBXL19_AS1",8.02933696850972,-1.6299137708616,0.466712768230912,-3.49232736237287,0.000478831010563352,0.00569357724414539,"Down","COVID19_vs_Healthy"
"HP",3.18275735082002,-1.85620515444375,0.531479213854074,-3.49252634168567,0.000478474400776493,0.00569357724414539,"Down","COVID19_vs_Healthy"
"SMAD7",7.77036546758147,-1.29984126399059,0.372239477593948,-3.4919489797063,0.000479509830239278,0.00569731953195461,"Down","COVID19_vs_Healthy"
"NRIR",1.74626214877294,2.9578928415844,0.847848398225351,3.48870487669214,0.000485366708186372,0.00575380170431844,"Up","COVID19_vs_Healthy"
"PCDHGA6",1.56367964500338,-1.87508023354548,0.537545524051729,-3.488225926266,0.000486237032313354,0.00575539870018107,"Down","COVID19_vs_Healthy"
"SBK1",6.4233046085079,-1.4219962831523,0.407785738862697,-3.48711626629762,0.000488259044797613,0.00576682816116608,"Down","COVID19_vs_Healthy"
"ZC4H2",8.8143178568366,4.42556864158328,1.26912970442897,3.48708932281632,0.000488308238340047,0.00576682816116608,"Up","COVID19_vs_Healthy"
"BIN2",23.3795495138912,1.83973897563825,0.527618546735556,3.48687320986146,0.000488702985706747,0.00576713749648505,"Up","COVID19_vs_Healthy"
"TCEB1",14.2761908457406,1.21268138954441,0.347906140061777,3.48565676170324,0.000490930481752844,0.00578905816011191,"Up","COVID19_vs_Healthy"
"STAT4",3.37962938182165,1.92784841946223,0.55328277220367,3.48438179591929,0.000493275291662204,0.00580795467564347,"Up","COVID19_vs_Healthy"
"KCNS3",7.14253828754705,-1.2514751666702,0.359294185248768,-3.48314895718033,0.000495552552788034,0.00582600025997533,"Down","COVID19_vs_Healthy"
"SLFN11",11.8285346106393,1.11324350838997,0.320211068073956,3.47659284573155,0.000507828363748543,0.00593931633630667,"Up","COVID19_vs_Healthy"
"MXD1",160.816163863442,2.01129649099764,0.578598061517887,3.47615490746933,0.000508658387483385,0.00594435134230023,"Up","COVID19_vs_Healthy"
"OAS1",76.5942480201014,1.27117555803688,0.365707377654763,3.47593632425131,0.00050907314090926,0.00594475858876724,"Up","COVID19_vs_Healthy"
"LY9",3.83938685633475,2.51432511288818,0.723502791117146,3.47521135199197,0.000510451006362987,0.00595254576459753,"Up","COVID19_vs_Healthy"
"SNORD116_21",9.6979395270781,2.19868472760902,0.632681312553039,3.47518519037134,0.000510500793461777,0.00595254576459753,"Up","COVID19_vs_Healthy"
"RASGEF1A",3.19606916766131,-1.7739253628947,0.510596962161421,-3.47421840385703,0.000512343822600631,0.00596666291804523,"Down","COVID19_vs_Healthy"
"TMEM140",13.9901981377591,1.94922970515921,0.561066621880296,3.47415017957544,0.000512474115660326,0.00596666291804523,"Up","COVID19_vs_Healthy"
"GPN2",4.18499596180725,-1.07198231057811,0.308596679369622,-3.47373248723179,0.000513272487899954,0.00597151516034087,"Down","COVID19_vs_Healthy"
"EIF4E3",22.473527469057,1.38968397706109,0.400159728208878,3.47282317308976,0.000515014551192519,0.00598733112708807,"Up","COVID19_vs_Healthy"
"SRFBP1",13.0561606468977,1.15966828645535,0.333977744995156,3.47229210279318,0.000516034522911736,0.00599473512585215,"Up","COVID19_vs_Healthy"
"TGM3",26.8215306783566,3.49962963437225,1.00899279845195,3.46843866451927,0.00052349201084143,0.006067854063442,"Up","COVID19_vs_Healthy"
"MYH11",7.91646442028385,-1.29463017654374,0.373407427769297,-3.46707130138719,0.000526162299660302,0.00608978377595,"Down","COVID19_vs_Healthy"
"MBNL1",41.8902385223374,1.01911014480627,0.293972549349485,3.46668471958146,0.00052691954396479,0.00609404066811606,"Up","COVID19_vs_Healthy"
"CXCR1",25.8228914611375,3.42573181278166,0.988289324428067,3.466324818154,0.0005276254389716,0.00609769783532319,"Up","COVID19_vs_Healthy"
"MRPS31",20.7569787586993,1.24630900021696,0.359584626435205,3.46596853311673,0.000528325108886056,0.00610127771501772,"Up","COVID19_vs_Healthy"
"C1orf122",4.81320011910926,-1.35407790684969,0.390865764030011,-3.46430419714559,0.000531604987487738,0.00613010673854688,"Down","COVID19_vs_Healthy"
"PRDM15",95.2626738428758,1.57768214954796,0.455469467942343,3.46385929374233,0.000532484959440213,0.00613474025684107,"Up","COVID19_vs_Healthy"
"HDAC9",23.8989616672785,1.29455468395869,0.373929265543586,3.46203093271339,0.000536115534236135,0.00615176767377199,"Up","COVID19_vs_Healthy"
"PLVAP",6.96836060135609,2.06939716959805,0.597751194824439,3.46197077900587,0.000536235372381454,0.00615176767377199,"Up","COVID19_vs_Healthy"
"SPATA20",9.15569127978224,-1.01554654085898,0.293371025203704,-3.46164567599623,0.00053688347429474,0.00615469055367333,"Down","COVID19_vs_Healthy"
"SLC39A7",255.963508066964,-1.214799599093,0.351036608445838,-3.46060658593798,0.000538959826816834,0.00616543758952097,"Down","COVID19_vs_Healthy"
"SNTA1",4.89463434314375,-1.31839405444325,0.380974327442082,-3.46058503021751,0.000539002979451987,0.00616543758952097,"Down","COVID19_vs_Healthy"
"TBC1D22A_AS1",5.45060075366978,-1.0505556046272,0.303549149613894,-3.46090775073321,0.000538357258235932,0.00616543758952097,"Down","COVID19_vs_Healthy"
"FGL2",26.2014169279073,1.53072548719647,0.442427758653168,3.45983148041227,0.000540513543973578,0.00617820009941457,"Up","COVID19_vs_Healthy"
"MSMB",73.6852872268693,1.56842465647178,0.453566018376346,3.45798537131672,0.000544230934559331,0.00621615011969666,"Up","COVID19_vs_Healthy"
"KIAA1644",2.82394323074305,-2.39068697775103,0.691594332443676,-3.456776415885,0.000546678221350864,0.00623954836447726,"Down","COVID19_vs_Healthy"
"NPM1",76.8747321387797,1.15608088354391,0.334570455289241,3.45541832898683,0.000549439619867877,0.00626649502309952,"Up","COVID19_vs_Healthy"
"GALNT14",27.4171662332699,-1.46287486454461,0.423704234424315,-3.45258495358728,0.000555242605997961,0.00631427056588379,"Down","COVID19_vs_Healthy"
"ZNF213_AS1",3.11879034738032,-1.39340629907952,0.403634598290093,-3.45214782127788,0.000556142955562997,0.00631991646234552,"Down","COVID19_vs_Healthy"
"SNORD116_2",37.7828541210817,1.67246729610484,0.484718126696246,3.45039148319887,0.000559774163025005,0.00635195511458686,"Up","COVID19_vs_Healthy"
"ZFP36",247.413056645681,2.1244649819956,0.615826095627528,3.44978070445482,0.000561042106861408,0.00635712301822397,"Up","COVID19_vs_Healthy"
"BATF2",10.433934771567,1.76900603361837,0.513030439034786,3.44815024415818,0.000564439967729696,0.00638176055999587,"Up","COVID19_vs_Healthy"
"PGAP3",7.74927751646355,-1.1366892468784,0.329639025189784,-3.44828482071857,0.000564158787705859,0.00638176055999587,"Down","COVID19_vs_Healthy"
"ALKBH4",2.76499351768785,-1.38048746095127,0.400679536793929,-3.44536552077842,0.000570287653774286,0.00642805235214311,"Down","COVID19_vs_Healthy"
"THAP7",4.69200100267809,-1.11542526345281,0.323848958631376,-3.4442762087818,0.00057259042981555,0.0064445710023097,"Down","COVID19_vs_Healthy"
"FILIP1",40.4241215579248,1.19252059523736,0.346301635316039,3.44358926907477,0.000574047050322635,0.00645308063466135,"Up","COVID19_vs_Healthy"
"MLKL",26.1775983001985,1.64051548847681,0.476777169349784,3.44084321553002,0.000579904450280913,0.0065095730545163,"Up","COVID19_vs_Healthy"
"BAMBI",9.80602111041591,-1.50088145236881,0.436337571949244,-3.4397254530797,0.000582304561829349,0.00652852590962432,"Down","COVID19_vs_Healthy"
"PVRL1",16.777634143665,-1.25066242175847,0.363697292013193,-3.43874548758836,0.000584416394486837,0.00653677465398859,"Down","COVID19_vs_Healthy"
"CCBL1",3.0523832053315,-1.37123771950431,0.398915988796712,-3.43740977552817,0.000587306347832052,0.00656440695062568,"Down","COVID19_vs_Healthy"
"KCNJ5",4.37773825250169,-1.9430956523143,0.565356245542731,-3.43694027904294,0.000588325308826264,0.00657110237866765,"Down","COVID19_vs_Healthy"
"TBK1",23.494563732657,1.28589343302982,0.374346468831803,3.43503556222293,0.000592476072815415,0.00660332306795984,"Up","COVID19_vs_Healthy"
"TNF",5.60213266371154,2.73424531446249,0.797778657724535,3.42732321551599,0.000609563059122754,0.00677927700721595,"Up","COVID19_vs_Healthy"
"TIPARP",21.5730212699184,1.21526041104416,0.354781810622435,3.42537405993866,0.000613953498791269,0.00682325592974842,"Up","COVID19_vs_Healthy"
"SMG8",38.449700974196,2.20810392743118,0.644936756772787,3.42375264588789,0.000617628107531512,0.00685922258811434,"Up","COVID19_vs_Healthy"
"MTMR9LP",126.908081313146,2.43383666119756,0.711219146952315,3.42206290652737,0.000621479330189976,0.00689221017633788,"Up","COVID19_vs_Healthy"
"TUSC1",4.13417985074217,-1.20610603374338,0.352618896079409,-3.42042371283406,0.000625236690641545,0.00692896865096239,"Down","COVID19_vs_Healthy"
"LTB4R",14.8610070196971,-1.21270196136117,0.354688471548429,-3.41906224374025,0.000628373505994107,0.00695880298782434,"Down","COVID19_vs_Healthy"
"NOTCH3",16.8292975108443,-1.08496380335094,0.317402723202288,-3.41825612712046,0.000630237687424198,0.00697451155078773,"Down","COVID19_vs_Healthy"
"CFAP53",78.1099602748672,1.2555315802777,0.367569826334756,3.41576345587805,0.000636034705475295,0.00702376222390785,"Up","COVID19_vs_Healthy"
"CXorf21",4.06554575146669,2.41581138431084,0.707705910545174,3.41358090742783,0.000641151182882945,0.00706530542940304,"Up","COVID19_vs_Healthy"
"DAAM1",50.523856600879,1.01711991645341,0.298275364544509,3.41000309565167,0.000649621421230133,0.00714592686627159,"Up","COVID19_vs_Healthy"
"SNORD20",38.058296103841,-1.31664356167594,0.386122391432975,-3.40991248083185,0.000649837291072627,0.00714592686627159,"Down","COVID19_vs_Healthy"
"CD22",7.4696618777489,3.37603688144792,0.99029412517044,3.40912542611203,0.000651715083695386,0.00715651763485291,"Up","COVID19_vs_Healthy"
"MTRNR2L2",543.006339432668,1.72004584918366,0.504840062005657,3.4071104467228,0.000656545539122562,0.00718435286446842,"Up","COVID19_vs_Healthy"
"ALOX15P1",1.93325225662303,-1.69162602559804,0.496665083140388,-3.40596930008041,0.000659295924752056,0.00720940784802249,"Down","COVID19_vs_Healthy"
"SMTNL1",6.01464362994338,2.55860558555091,0.751483759770407,3.40473836232018,0.000662274733653404,0.00723187371403242,"Up","COVID19_vs_Healthy"
"SF3B6",13.5196968749264,1.16989387260752,0.34366246766249,3.40419447187485,0.000663594904060612,0.0072412364426363,"Up","COVID19_vs_Healthy"
"ENDOG",7.35573218371709,-1.697423782487,0.49873628232947,-3.40344956368278,0.000665406970197638,0.00725595001369522,"Down","COVID19_vs_Healthy"
"LPIN1",33.0378432099784,1.67674790521402,0.493017723889472,3.40098910032273,0.000671425049118594,0.00731138425094485,"Up","COVID19_vs_Healthy"
"CIAPIN1",9.56150585407409,-1.06880571767576,0.314390874540745,-3.399607953752,0.000674825349352801,0.0073433011590213,"Down","COVID19_vs_Healthy"
"CD48",9.16686531501583,2.23759279828267,0.65841720602157,3.39844216982592,0.000677707891507063,0.00735931511887753,"Up","COVID19_vs_Healthy"
"PRSS35",193.730429562393,2.78844980072596,0.820478978009187,3.39856337025461,0.000677407676471097,0.00735931511887753,"Up","COVID19_vs_Healthy"
"HIAT1",17.4087471753394,1.02864428488755,0.302754838191653,3.3976146872883,0.000679760883734477,0.00737648981184265,"Up","COVID19_vs_Healthy"
"SNORD32A",21.8258552472818,-1.35685851899053,0.399463472673276,-3.39670235656394,0.000682031085161833,0.00739121722944376,"Down","COVID19_vs_Healthy"
"TAP1",49.5525292075719,1.20317592581544,0.354361042882979,3.39533916038498,0.000685436335031236,0.00741421338033634,"Up","COVID19_vs_Healthy"
"BRIP1",5.946493496996,1.51401936000945,0.446019009324835,3.39451756170956,0.000687496305611951,0.0074205775073928,"Up","COVID19_vs_Healthy"
"MPHOSPH6",13.7450097884914,1.03666188524407,0.305426818867962,3.39414164442522,0.000688440749609446,0.0074205775073928,"Up","COVID19_vs_Healthy"
"OMA1",10.325805071321,1.20044647898726,0.353670851352734,3.39424771477702,0.000688174139389889,0.0074205775073928,"Up","COVID19_vs_Healthy"
"PRMT8",2.75046528536119,-1.78632486257181,0.526304214451912,-3.3940918835926,0.000688565857664516,0.0074205775073928,"Down","COVID19_vs_Healthy"
"SERPINI2",27.982460896145,1.35244496427673,0.398966367113996,3.38987211894554,0.000699252345538439,0.0075305579511256,"Up","COVID19_vs_Healthy"
"KIAA0922",14.0064904114044,1.33811513140606,0.394890766515596,3.38857032088444,0.000702580110383172,0.00755095243195632,"Up","COVID19_vs_Healthy"
"ST13",55.6017832744347,1.10147683017132,0.325051473355292,3.38862278888171,0.000702445703178939,0.00755095243195632,"Up","COVID19_vs_Healthy"
"ZNF436_AS1",2.08162515082312,-1.45671247208257,0.429994629853772,-3.38774573202915,0.000704695600338476,0.0075620597111999,"Down","COVID19_vs_Healthy"
"BACH1",30.9371160495389,1.29441395380593,0.382261311240736,3.38620183560965,0.00070867240490362,0.00759541492598072,"Up","COVID19_vs_Healthy"
"POLK",10.6941888503809,1.06068649227129,0.313326284615836,3.38524581035959,0.000711145401143231,0.00761262380860308,"Up","COVID19_vs_Healthy"
"FCHO2",29.463665286282,1.1805839145205,0.348910457524061,3.38363006628737,0.0007153431590908,0.0076417258042074,"Up","COVID19_vs_Healthy"
"GABPB1",4.52126637131227,1.49634427039724,0.442235068848146,3.38359477979585,0.00071543509094861,0.0076417258042074,"Up","COVID19_vs_Healthy"
"OIP5",4.71116841080674,-1.7093359131935,0.505332696988492,-3.38259511680169,0.000718044076802304,0.00766436133274383,"Down","COVID19_vs_Healthy"
"B3GNT5",44.5940941756579,1.12089592641003,0.331453133649497,3.38176294810761,0.000720222664065574,0.00768237508336613,"Up","COVID19_vs_Healthy"
"CCR5",7.76041750446798,1.68506250679832,0.498585816583602,3.37968399972679,0.000725692137681209,0.00772491875539833,"Up","COVID19_vs_Healthy"
"CD53",15.7689589611095,2.02777083708225,0.600100267620825,3.37905337906548,0.000727358839911452,0.00773484573661245,"Up","COVID19_vs_Healthy"
"MIR200B",2.27044112041166,-1.67895479065884,0.496904354718484,-3.37882889275549,0.000727953004920366,0.00773484573661245,"Down","COVID19_vs_Healthy"
"EGR1",115.807228018374,1.8439142623086,0.546397751159375,3.37467395939329,0.000739031908287907,0.00782433782198184,"Up","COVID19_vs_Healthy"
"TMEM229A",13.3532630107665,3.19226822875929,0.946223518741269,3.373693599379,0.000741668720891037,0.00784164334088036,"Up","COVID19_vs_Healthy"
"RASGEF1B",25.7925953940059,1.00612869105358,0.298274633778955,3.37316210334936,0.000743101902340593,0.00784619336560432,"Up","COVID19_vs_Healthy"
"TNFAIP8",13.2354829386488,1.05745127511059,0.313483345907072,3.37322951575251,0.000742919982170055,0.00784619336560432,"Up","COVID19_vs_Healthy"
"TRIM25",103.167293473566,1.42387723703902,0.422274587142084,3.37192263137521,0.000746454143222583,0.00787627406146121,"Up","COVID19_vs_Healthy"
"ALOX15B",1.75682760513024,-2.07831480342086,0.616401290805542,-3.3716911927696,0.000747081639450142,0.00787758321705917,"Down","COVID19_vs_Healthy"
"CEP97",20.9598890394888,1.01487377309114,0.301348421774362,3.36777530512848,0.00075777327263138,0.00796884151218806,"Up","COVID19_vs_Healthy"
"MYRFL",10.443224650066,-1.6622133499787,0.493991806945142,-3.36486015883111,0.000765824624849949,0.00804667536588288,"Down","COVID19_vs_Healthy"
"ACOT7",7.13811754469031,-1.04826543644217,0.312101768406851,-3.35872956373534,0.000783016545409522,0.00820123353585556,"Down","COVID19_vs_Healthy"
"LOC101928540",18.7774827664482,2.86459973592374,0.853151986089681,3.35766637437403,0.000786034232979528,0.00821634180204652,"Up","COVID19_vs_Healthy"
"SLC18A1",12.2845961050437,3.2065291937813,0.955127979204374,3.35717229899636,0.000787440255123074,0.00822554413362207,"Up","COVID19_vs_Healthy"
"PIGZ",2.65850872875801,-1.49122682692645,0.444976639641291,-3.35124744554808,0.000804483823959571,0.00838678406217146,"Down","COVID19_vs_Healthy"
"KCNJ2",13.0979560338076,1.76103584959258,0.525717465546288,3.34977619159491,0.000808768800991665,0.00842584167637655,"Up","COVID19_vs_Healthy"
"TRAF1",29.0000022540849,2.66463023628328,0.795961334302969,3.34768803640031,0.000814886850821964,0.0084745716336724,"Up","COVID19_vs_Healthy"
"SNORD22",2611.50253431014,1.56290265948231,0.467949201397456,3.33989812316156,0.000838091283177665,0.00868506781401597,"Up","COVID19_vs_Healthy"
"MIR200A",1.41200493374804,-1.61564734061656,0.483964627132862,-3.33835832215279,0.000842749950749038,0.00872756534038448,"Down","COVID19_vs_Healthy"
"GPC1",18.7142118202014,-1.09861093191405,0.329176664721719,-3.33745082702871,0.000845506814506961,0.00874454106636148,"Down","COVID19_vs_Healthy"
"LTBP4",17.4939453737088,-1.11493071086024,0.334187235054678,-3.33624565485819,0.00084918091700622,0.00877094586753356,"Down","COVID19_vs_Healthy"
"NPAT",8.63481820526572,1.39482614751143,0.418295162488221,3.33455003212167,0.000854375289472959,0.00880715713417184,"Up","COVID19_vs_Healthy"
"CEACAM1",27.8482566060699,1.71352282168681,0.513924086178529,3.33419442242597,0.000855468395701858,0.00881261978666404,"Up","COVID19_vs_Healthy"
"MBD6",159.282895184347,-1.56570546299242,0.470295775686968,-3.32919312469981,0.000870979872311581,0.00895525353848688,"Down","COVID19_vs_Healthy"
"TEX264",78.5753253187152,1.76454599245377,0.530133214838263,3.32849544805849,0.000873164318730309,0.00897129038705967,"Up","COVID19_vs_Healthy"
"SLC6A19",24.4912027412318,2.64404844653934,0.794941362415173,3.32609242838522,0.000880727183206935,0.00902529074186124,"Up","COVID19_vs_Healthy"
"NUDT16L1",6.98994121097506,-1.12239347237032,0.337697779376969,-3.32366257912937,0.000888436198129373,0.0090983309085919,"Down","COVID19_vs_Healthy"
"MATN2",8.70788318750981,-1.15550659167366,0.347912804908945,-3.32125341571166,0.00089614129729828,0.00916524118962319,"Down","COVID19_vs_Healthy"
"LOC730668",13.0599387777042,2.89819440595933,0.872671374779109,3.32106046986235,0.000896761056983593,0.00916558917026731,"Up","COVID19_vs_Healthy"
"ADARB2",31.8218561119774,1.64643013871669,0.495968646166425,3.3196254469768,0.000901382961730175,0.0092057129082547,"Up","COVID19_vs_Healthy"
"B4GALT2",4.22610471896872,-1.1304480048089,0.340707726620665,-3.31794061737704,0.000906837615431222,0.00924442671418095,"Down","COVID19_vs_Healthy"
"CSF3R",146.605511771548,2.62117579274312,0.790093458122903,3.31755157038065,0.000908101499139314,0.00924638993300638,"Up","COVID19_vs_Healthy"
"DBI",54.3997001058547,1.09938648442436,0.331414483028173,3.31725540289952,0.000909064742533129,0.0092490540254606,"Up","COVID19_vs_Healthy"
"ZNF280B",3.58391325733312,-1.4208334354494,0.428513221253348,-3.31572834857612,0.000914046318587789,0.00928766025536475,"Down","COVID19_vs_Healthy"
"LIN7B",1.71632034839076,-1.32145511884623,0.398963796079577,-3.31221813064626,0.000925593459412908,0.00938670541341101,"Down","COVID19_vs_Healthy"
"ERAP2",11.9359452084567,1.34117488110398,0.405151122810945,3.31030769901091,0.000931934631351511,0.00943877871287278,"Up","COVID19_vs_Healthy"
"FOXL1",3.9288542595017,-2.63231707939373,0.795762706632456,-3.30791711832449,0.000939926224482729,0.00951356116475146,"Down","COVID19_vs_Healthy"
"RYR3",22.9507488944412,1.79162610919619,0.542000301817764,3.30558138655537,0.000947795736923597,0.0095870120823403,"Up","COVID19_vs_Healthy"
"ZNF438",12.6636242712989,2.0954220967659,0.634486326543303,3.30254886371123,0.00095810393435233,0.00968501961546851,"Up","COVID19_vs_Healthy"
"TRMT10C",6.69546127788682,1.15721846914208,0.350502661083704,3.30159681402738,0.000961361511546589,0.00971167523091093,"Up","COVID19_vs_Healthy"
"GPR161",4.238897940584,-1.50556833877154,0.456150447751934,-3.30059599018592,0.000964797034352227,0.00974009289906042,"Down","COVID19_vs_Healthy"
"LYN",106.690086942019,1.05252416328814,0.318921828192412,3.30025752471585,0.00096596145350622,0.00974556081525811,"Up","COVID19_vs_Healthy"
"BLM",10.5857180766737,-1.85579338009992,0.563237174172577,-3.29487019891073,0.000984671512198825,0.00989604355997895,"Down","COVID19_vs_Healthy"
"DNAJB4",12.4547718512516,1.08906703034554,0.330661312951682,3.29360281256938,0.000989121602056794,0.00993104747397728,"Up","COVID19_vs_Healthy"
"FBXL13",19.0533446371977,1.39942803970313,0.424944116319869,3.29320488496831,0.000990522655395713,0.00993184651245667,"Up","COVID19_vs_Healthy"
"GJB5",3.04413022006696,-1.25991684541887,0.382609931593878,-3.29295384510878,0.000991407480346199,0.00993184651245667,"Down","COVID19_vs_Healthy"
"XXYLT1",5.7547963056918,-1.21194514924646,0.368025356453362,-3.29310230394422,0.000990884128123726,0.00993184651245667,"Down","COVID19_vs_Healthy"
"PLA2G2F",3.14680977014617,-2.32500996644801,0.706202344118172,-3.29227166379804,0.000993815621000087,0.00994323966586276,"Down","COVID19_vs_Healthy"
"ZNF707",68.6595409871716,2.02916793578292,0.616577022350591,3.29102101153084,0.000998244568584101,0.00998116997393228,"Up","COVID19_vs_Healthy"
"INPP5J",6.27468047375371,-1.78205492365179,0.541716600986362,-3.28964429077309,0.00100314108802048,0.0100173272146423,"Down","COVID19_vs_Healthy"
"RPL12",125.582574767209,1.2933734243068,0.393163981331343,3.28965389944202,0.00100310683639417,0.0100173272146423,"Up","COVID19_vs_Healthy"
"CD2",6.59573942792051,1.83985229735178,0.559629731387077,3.28762428828002,0.00101036579441368,0.0100637835461395,"Up","COVID19_vs_Healthy"
"LRR1",2.14197461677167,-1.23391119398689,0.375659370521252,-3.2846543725896,0.00102107544483316,0.0101446276576186,"Down","COVID19_vs_Healthy"
"MAFK",27.7943842112598,-1.0155244958975,0.309580540612902,-3.28032406005553,0.00103687913636542,0.0102560586130506,"Down","COVID19_vs_Healthy"
"SPATC1L",12.6573090718007,-1.58056949509915,0.481985817457716,-3.27928631476342,0.00104069991297076,0.0102873482237311,"Down","COVID19_vs_Healthy"
"CXCR4",13.3227436237565,2.03048861874834,0.619474018579105,3.27776235620937,0.00104633445133901,0.0103365160950459,"Up","COVID19_vs_Healthy"
"ARHGEF38",19.8245879782609,1.05102155281128,0.320906202562966,3.27516746144865,0.0010559935609329,0.0104140723924057,"Up","COVID19_vs_Healthy"
"TTLL4",48.3608612753218,1.04560372824994,0.319408833541755,3.27355920829049,0.00106202138409758,0.0104584711254619,"Up","COVID19_vs_Healthy"
"FCER1G",16.2194973278162,2.02413281904903,0.618388075527831,3.27324037954858,0.00106322014648708,0.0104636911020313,"Up","COVID19_vs_Healthy"
"ECI1",12.7978568901267,-1.03651623923897,0.316842048765129,-3.27139735170482,0.00107017430416385,0.0105122959896773,"Down","COVID19_vs_Healthy"
"FGB",3.14711172514344,-3.88988217787529,1.18915327481143,-3.2711360766274,0.00107116355189338,0.0105154123337689,"Down","COVID19_vs_Healthy"
"FHL2",9.93825627803019,-1.13592093489076,0.347315437337761,-3.27057427564353,0.00107329352562959,0.0105231184768495,"Down","COVID19_vs_Healthy"
"NOS2",61.9284695576867,1.32591508845251,0.405402755377838,3.27061193063859,0.00107315064065684,0.0105231184768495,"Up","COVID19_vs_Healthy"
"STMN3",49.5778890933839,2.15098349233692,0.658130154213043,3.26832538908501,0.00108185909063032,0.0105871989056806,"Up","COVID19_vs_Healthy"
"IRF8",17.0929515634376,1.82160668741862,0.557473668601776,3.26761027473723,0.00108459604137906,0.0106007238322921,"Up","COVID19_vs_Healthy"
"ALS2CR12",38.2071288188559,1.14106162600075,0.349438805268894,3.26541187983601,0.001093050095199,0.0106766840759513,"Up","COVID19_vs_Healthy"
"ATAD2",25.357136475224,1.44972751246328,0.444283145912166,3.26307114236084,0.00110211849525704,0.0107451403201135,"Up","COVID19_vs_Healthy"
"C1orf216",2.43534430026532,-1.59387798354102,0.488679731051584,-3.26160035348953,0.0011078521114699,0.0107608130603855,"Down","COVID19_vs_Healthy"
"TMEM121",1.2776637830648,-1.91335933724132,0.587346811979324,-3.25763126353476,0.00112346285667905,0.0108989130696303,"Down","COVID19_vs_Healthy"
"C14orf37",6.50529280284164,1.48343367295594,0.455498309208721,3.25672706784118,0.00112704745609241,0.0109201477355628,"Up","COVID19_vs_Healthy"
"ZBTB46",5.54316105781724,-1.01916546677408,0.313031451746174,-3.25579254445168,0.00113076339614923,0.0109426008799896,"Down","COVID19_vs_Healthy"
"KPNA5",8.88067398606525,1.11408801201893,0.342289333463319,3.25481370028821,0.00113466771083701,0.0109735972430021,"Up","COVID19_vs_Healthy"
"ZNF81",21.555636451611,2.42694113005006,0.745757588930391,3.25432977964183,0.0011366025245997,0.0109787384598371,"Up","COVID19_vs_Healthy"
"SCEL",44.522194925603,2.164293870861,0.665225776947512,3.25347264922924,0.0011400369940669,0.0110051196071307,"Up","COVID19_vs_Healthy"
"RNY5",3138.26840719463,-1.49032769620075,0.458176052932236,-3.25274026580601,0.00114297920768275,0.0110199252260134,"Down","COVID19_vs_Healthy"
"CLCN1",17.3460202889823,4.38065434614079,1.34692798424009,3.25233004095039,0.0011446302745914,0.0110262746254463,"Up","COVID19_vs_Healthy"
"ILDR2",12.0479092757539,3.73711552316402,1.14961381328535,3.25075732387396,0.00115098057105537,0.0110483656163395,"Up","COVID19_vs_Healthy"
"LOC729867",1.86002839418744,-1.46447517743911,0.450483794735593,-3.25089424870137,0.00115042640639824,0.0110483656163395,"Down","COVID19_vs_Healthy"
"TXLNB",22.8576847295714,1.20349772920439,0.370237513443853,3.2506099071641,0.00115157747445359,0.0110483656163395,"Up","COVID19_vs_Healthy"
"ZNF844",5.4920829385147,1.39060877137632,0.427924856590879,3.24965645243138,0.00115544501240156,0.0110718943993017,"Up","COVID19_vs_Healthy"
"DZIP3",66.6082510998955,1.04125288228835,0.320504368639148,3.24879466295414,0.00115895105029857,0.0110919058318483,"Up","COVID19_vs_Healthy"
"PELI1",68.984152514281,1.32239350942166,0.407367174114422,3.24619555391625,0.0011695846958432,0.0111403923082041,"Up","COVID19_vs_Healthy"
"VMP1",45.9973153407365,1.18540534019631,0.365171074370286,3.24616439634619,0.00116971271487598,0.0111403923082041,"Up","COVID19_vs_Healthy"
"CYTIP",18.4146315458358,1.98718514904585,0.612277061405914,3.2455652421191,0.00117217701690996,0.0111507203213882,"Up","COVID19_vs_Healthy"
"ADM",33.4935242786466,1.90076254345355,0.585756647442422,3.2449696503707,0.00117463142060053,0.0111600682875271,"Up","COVID19_vs_Healthy"
"INTS6",27.2227243637259,1.09593180462638,0.337721067535415,3.2450797713751,0.00117417725992547,0.0111600682875271,"Up","COVID19_vs_Healthy"
"C21orf62",5.28791747078813,1.970565419069,0.60764397997479,3.24296049004017,0.0011829461430165,0.0112322459016518,"Up","COVID19_vs_Healthy"
"GPR55",15.2638840527455,-1.76004937519321,0.542916541026856,-3.24184150268161,0.00118760051246268,0.0112627714054642,"Down","COVID19_vs_Healthy"
"ADIRF",9.2745401976589,-1.41382047753027,0.436276881345679,-3.24064954615379,0.00119257699991994,0.0112826148093997,"Down","COVID19_vs_Healthy"
"GDA",5.28436653427269,1.69286796513949,0.522383157743691,3.2406633714062,0.00119251916842112,0.0112826148093997,"Up","COVID19_vs_Healthy"
"NFKBIZ",85.9565815030968,1.45376795154626,0.44855264649018,3.24101967276676,0.00119102964129712,0.0112826148093997,"Up","COVID19_vs_Healthy"
"AFAP1_AS1",2.3738408846645,-1.54591606881505,0.477259063869127,-3.23915497022172,0.00119884416428562,0.011307723618289,"Down","COVID19_vs_Healthy"
"BCL2L14",8.07097900908158,1.71900589092559,0.530670078130559,3.23931188466719,0.00119818475259423,0.011307723618289,"Up","COVID19_vs_Healthy"
"FAM198B",5.96254281320951,-1.49768606313771,0.462291817287622,-3.23969840505722,0.00119656188202603,0.011307723618289,"Down","COVID19_vs_Healthy"
"VIPR2",2.0126809143168,-2.00001855526525,0.617364073116572,-3.23960956323353,0.00119693471945881,0.011307723618289,"Down","COVID19_vs_Healthy"
"RGMA",3.71058838453508,-1.88244040738272,0.581612839590059,-3.23658674507517,0.00120968454095154,0.011389376472208,"Down","COVID19_vs_Healthy"
"SYCE1L",2.45687557698099,-1.55867827094268,0.481746857285369,-3.23547159129546,0.00121441969539197,0.0114270832191784,"Down","COVID19_vs_Healthy"
"TRIM69",2.89194207258717,2.71044980788291,0.838148162569318,3.23385521668878,0.00122131352693315,0.0114850445128906,"Up","COVID19_vs_Healthy"
"RGS18",5.20002351458326,2.84632363448865,0.880727002926541,3.23178876658793,0.00123017957183767,0.0115476004439807,"Up","COVID19_vs_Healthy"
"EMB",27.2732442838146,1.05674385528184,0.327559385879289,3.2261138005408,0.00125483452844573,0.0117578746713286,"Up","COVID19_vs_Healthy"
"TXNDC17",3.34694287588907,-1.24668162306614,0.386625483234058,-3.22452005138889,0.00126184019607516,0.0118093752321676,"Down","COVID19_vs_Healthy"
"MEMO1",3.3958240041834,-1.27586304603691,0.39572229341292,-3.22413739957176,0.00126352759175372,0.0118180990769648,"Down","COVID19_vs_Healthy"
"RN7SL1",2156.12681676748,-1.0760675349282,0.333985055930459,-3.22190324333628,0.00127342130486402,0.0118822281326847,"Down","COVID19_vs_Healthy"
"FAM114A2",7.33706449961884,1.03539816412828,0.321449028774512,3.22103372990617,0.00127729114468823,0.011904140459846,"Up","COVID19_vs_Healthy"
"FRMD4A",13.5539816825147,-1.00578250465936,0.312325249936804,-3.22030481001094,0.00128054362352464,0.0119202537899545,"Down","COVID19_vs_Healthy"
"PSMC3IP",7.41391575166272,1.01488314894787,0.315306535914004,3.21871903481465,0.00128764586026962,0.0119792404408436,"Up","COVID19_vs_Healthy"
"EZH1",30.1269128190021,1.02064200182686,0.317304944965065,3.21659658326231,0.00129720862236182,0.0120500496190875,"Up","COVID19_vs_Healthy"
"SNORD116_22",23.7137670730966,1.83787003170534,0.571385100509396,3.21651724916673,0.00129756733180997,0.0120500496190875,"Up","COVID19_vs_Healthy"
"DYSF",59.3693729884278,2.43598917251602,0.757779330433063,3.21464188146156,0.00130607352130355,0.0120901828578503,"Up","COVID19_vs_Healthy"
"TRAPPC10",58.9037065688679,1.35450458108923,0.421388420786004,3.21438491015653,0.00130724307814863,0.0120901828578503,"Up","COVID19_vs_Healthy"
"MSR1",8.54978906785988,1.57408994821229,0.489785773873083,3.21383354147845,0.00130975579203946,0.0121057641074032,"Up","COVID19_vs_Healthy"
"ZUFSP",5.33915325591296,1.20968319793292,0.376577975672505,3.21230469140589,0.00131674644613056,0.0121416902705074,"Up","COVID19_vs_Healthy"
"IFT80",31.5218103057558,1.12864369408618,0.351384376005245,3.21199168533702,0.00131818190314158,0.0121425168157034,"Up","COVID19_vs_Healthy"
"TMPRSS11B",16.8416541106955,4.07883012278607,1.26989343999881,3.21194676207627,0.00131838804127557,0.0121425168157034,"Up","COVID19_vs_Healthy"
"RIMS2",15.1820777156798,4.55051840656127,1.41691522181067,3.21156716825032,0.00132013106103623,0.012151418142997,"Up","COVID19_vs_Healthy"
"STARD4",34.8593446460183,-1.84500738415941,0.574674832183578,-3.21052407523917,0.0013249316936539,0.0121741228081598,"Down","COVID19_vs_Healthy"
"EFCAB10",23.8141131522432,1.21959031211814,0.380059132483315,3.20894883948536,0.00133221194779648,0.0122123330750553,"Up","COVID19_vs_Healthy"
"PPID",18.9033672730749,1.03424382704355,0.322318355817741,3.20876490083728,0.00133306445784867,0.0122129933468477,"Up","COVID19_vs_Healthy"
"C8orf82",6.11386099128211,-1.2002943472748,0.374359602090647,-3.20626034585901,0.00134472264630433,0.0122877812799244,"Down","COVID19_vs_Healthy"
"KRT75",2.40235651667621,-2.74859187711371,0.857282531225843,-3.20616806828369,0.00134515397063589,0.0122877812799244,"Down","COVID19_vs_Healthy"
"TMEM222",9.58033543667408,-1.27150821165338,0.396569403488776,-3.2062690678288,0.0013446818846275,0.0122877812799244,"Down","COVID19_vs_Healthy"
"IL18RAP",11.2910813083513,2.53572767076874,0.791053550251055,3.20550697227005,0.00134824780370475,0.012308857428455,"Up","COVID19_vs_Healthy"
"CETN3",10.1111722216347,1.28071097384025,0.399888550537957,3.20266977415921,0.00136160015995016,0.0124018156594296,"Up","COVID19_vs_Healthy"
"FGFR1OP2",20.5649321078207,1.43539295700869,0.44839969898919,3.20114612084807,0.00136882097991083,0.0124530876125841,"Up","COVID19_vs_Healthy"
"FOXD1",2.16978207991527,-1.92800017210931,0.602568089139719,-3.19963869122559,0.00137599965608158,0.0125055726636335,"Down","COVID19_vs_Healthy"
"IFI30",80.3969017279417,1.21248251986482,0.378948256080446,3.19959915479181,0.00137618840278482,0.0125055726636335,"Up","COVID19_vs_Healthy"
"TSPAN10",127.547904274357,2.29002634613391,0.715935049757719,3.19865097666175,0.0013807221590146,0.0125394894627165,"Up","COVID19_vs_Healthy"
"SPAG17",175.315869473432,1.12481541487127,0.351820420231412,3.19712941656831,0.00138802636355889,0.0125839145637135,"Up","COVID19_vs_Healthy"
"MAK",21.0845488879214,1.00957965144102,0.316126379231472,3.19359508654543,0.00140513053735549,0.0127242376438303,"Up","COVID19_vs_Healthy"
"FSD1L",22.6546633196858,-1.0412894946111,0.326077256078336,-3.1933827803094,0.00140616414228428,0.0127262327926342,"Down","COVID19_vs_Healthy"
"SNX10",9.1013411143933,2.28343638864536,0.715440362520483,3.19165161523856,0.00141461845488681,0.0127805713522337,"Up","COVID19_vs_Healthy"
"GPATCH11",13.6955158457348,1.09471199683868,0.343487646426762,3.18704910708365,0.00143732369102096,0.0129653642909724,"Up","COVID19_vs_Healthy"
"NUAK1",9.53590361728691,-1.09171498404268,0.342552340692934,-3.18700196832489,0.0014375579655443,0.0129653642909724,"Down","COVID19_vs_Healthy"
"KCTD12",94.0304924152422,1.45226090161472,0.455809159178237,3.18611610225856,0.00144196717528592,0.0129976396076464,"Up","COVID19_vs_Healthy"
"FLI1",17.0930719690069,1.98473576313205,0.623072900349083,3.18539895094151,0.00144554577003269,0.0130223950543877,"Up","COVID19_vs_Healthy"
"LILRB1",3.93025992478396,2.24068529654913,0.704256478894261,3.18163249284861,0.00146447520681242,0.0131626123125794,"Up","COVID19_vs_Healthy"
"CPAMD8",7.45789044907214,-1.64291456930414,0.516544480159258,-3.18058682729046,0.0014697708719512,0.0131950514080851,"Down","COVID19_vs_Healthy"
"SRP9",22.4008264676566,1.26800442484206,0.398655488235619,3.18070229122902,0.00146918525126538,0.0131950514080851,"Up","COVID19_vs_Healthy"
"SPDL1",5.82631434705087,1.25204059265409,0.393815669949122,3.17925539330581,0.00147653932128393,0.0132482151946393,"Up","COVID19_vs_Healthy"
"FOXD2",2.94123041920371,-1.97889322251332,0.622823432192508,-3.17729410974002,0.00148656198927116,0.0133228648385539,"Down","COVID19_vs_Healthy"
"PYCARD_AS1",2.66241532246448,-1.77470973255675,0.559106751449034,-3.17418762688386,0.00150256526957082,0.0134473949500036,"Down","COVID19_vs_Healthy"
"BRCA2",8.06231926329744,1.58959932590846,0.501280103487903,3.17108003060173,0.001518732952942,0.0135568358514754,"Up","COVID19_vs_Healthy"
"HMGN5",68.6876443155728,1.1850203785875,0.373682854101453,3.17119280582719,0.00151814343360477,0.0135568358514754,"Up","COVID19_vs_Healthy"
"PAPOLG",11.2086969181424,1.09747389816805,0.346255126554676,3.16955277771102,0.0015267372808191,0.0136186338456422,"Up","COVID19_vs_Healthy"
"ZDHHC8",9.27917596310493,-1.00303216419937,0.316519555307955,-3.16894216290517,0.00152994837052534,0.01363026555626,"Down","COVID19_vs_Healthy"
"RPRM",6.10612753693578,-1.45170419999627,0.458465079246307,-3.16644443756282,0.00154314823163044,0.0137121996187127,"Down","COVID19_vs_Healthy"
"HOXA3",2.8746286414048,-2.07127195875473,0.654583728454809,-3.16425824339403,0.00155478771873044,0.0138018185164271,"Down","COVID19_vs_Healthy"
"NKIRAS1",7.42681502627765,1.24727336857551,0.394180491612726,3.16421891776657,0.00155499783003968,0.0138018185164271,"Up","COVID19_vs_Healthy"
"CAND2",24.2554599681869,2.3817874974937,0.752849020349114,3.16369874053792,0.001557779525419,0.0138030203928406,"Up","COVID19_vs_Healthy"
"PPP1R10",91.8269657199482,1.0077734651781,0.318623929100072,3.16289322030669,0.00156209616178342,0.0138334356194606,"Up","COVID19_vs_Healthy"
"CDR1",14.0118376328581,2.116868690798,0.669507363638847,3.16183033341498,0.00156780883475387,0.0138518392800825,"Up","COVID19_vs_Healthy"
"CEP76",21.0950130202301,1.72320832183405,0.545048909792517,3.16156640417833,0.00156923034720331,0.0138518392800825,"Up","COVID19_vs_Healthy"
"ITGAX",73.5197621024036,2.10271475100564,0.664950025661675,3.1622147076591,0.00156574073092121,0.0138518392800825,"Up","COVID19_vs_Healthy"
"USH1G",3.41028926689476,-2.05011073196068,0.64837887199507,-3.16190243160217,0.00156742072300184,0.0138518392800825,"Down","COVID19_vs_Healthy"
"SCX",2.79111709571051,-1.59571062254242,0.505405652232578,-3.15728685560506,0.00159244607557863,0.0139834995458218,"Down","COVID19_vs_Healthy"
"MAPK8IP2",5.23671865145164,-1.42992148445492,0.453205921847671,-3.15512533160486,0.00160429172599632,0.0140481012470008,"Down","COVID19_vs_Healthy"
"RND3",62.0186450266534,1.00863470209893,0.319671586420599,3.15522162414474,0.0016037622991812,0.0140481012470008,"Up","COVID19_vs_Healthy"
"RPL36AL",63.6494177983778,1.00478902160085,0.318531494388929,3.15444167782666,0.00160805515668322,0.0140731807001001,"Up","COVID19_vs_Healthy"
"ADCY5",22.7378314797891,-1.94565025908267,0.616997693809625,-3.15341577222005,0.00161371789093322,0.0141101195841139,"Down","COVID19_vs_Healthy"
"TSEN2",17.6639109430026,-1.2306135881915,0.390377708981139,-3.15236643865584,0.00161952892442774,0.0141419579293779,"Down","COVID19_vs_Healthy"
"SWT1",8.46689415558997,1.54603734329781,0.490485005560602,3.15205832139713,0.00162123888046151,0.0141489938658459,"Up","COVID19_vs_Healthy"
"CDK5R2",6.47523009769098,-2.06010590092743,0.653968774514099,-3.15015942841933,0.00163181388094083,0.0142254170523465,"Down","COVID19_vs_Healthy"
"KCNG2",53.0982335933015,-1.69343533027155,0.537634800809093,-3.14978741651969,0.00163389304986819,0.0142356116059785,"Down","COVID19_vs_Healthy"
"SPINK5",73.5458607968361,1.91939918642469,0.609757183989534,3.14780905715026,0.00164499108538248,0.0143163629054867,"Up","COVID19_vs_Healthy"
"DTHD1",114.360532486852,1.11536149216398,0.354451800926656,3.14672259880764,0.00165111527504346,0.0143377646081465,"Up","COVID19_vs_Healthy"
"TREML2",14.3824735419731,2.87975701179863,0.915126796448565,3.14683934835525,0.00165045617211891,0.0143377646081465,"Up","COVID19_vs_Healthy"
"CCDC144A",7.47149794881651,2.70081419049202,0.85848102470059,3.14603830810818,0.00165498327152745,0.0143633822700286,"Up","COVID19_vs_Healthy"
"SNORA28",4.45123879089974,1.87640237398658,0.596548965520375,3.14542892945893,0.00165843483950852,0.0143694287755422,"Up","COVID19_vs_Healthy"
"SNORD80",12.0102398008339,1.67662544016685,0.533017741916565,3.14553401944601,0.00165783912944369,0.0143694287755422,"Up","COVID19_vs_Healthy"
"GS1_279B7.1",7.66364421249729,4.97286892847082,1.58329201700391,3.14084128200245,0.00168463301897752,0.0145641643541217,"Up","COVID19_vs_Healthy"
"ARMT1",7.40278816572589,1.10128043922898,0.350711970258968,3.14012789017661,0.00168874094355665,0.0145835641748204,"Up","COVID19_vs_Healthy"
"ATF7IP2",11.329488106386,1.23783668297672,0.394273387735327,3.13953901399927,0.00169213880979699,0.0146048472673488,"Up","COVID19_vs_Healthy"
"PPP1R1B",4.25343866192082,-1.39028595914381,0.443013117627646,-3.13825009649568,0.00169959793204554,0.0146449936347184,"Down","COVID19_vs_Healthy"
"NRGN",141.232980511152,2.00398131070107,0.63869566088784,3.13761535175513,0.00170328238049523,0.0146686641111664,"Up","COVID19_vs_Healthy"
"CFTR",9.58587268077169,1.48086160205666,0.472412414227527,3.13467969396637,0.00172041849170373,0.0147915436249418,"Up","COVID19_vs_Healthy"
"PXK",17.1940506082781,1.3303596952502,0.424523823600704,3.13376922870058,0.00172576521130938,0.0147915436249418,"Up","COVID19_vs_Healthy"
"ST8SIA4",23.3301355649393,1.09589623694586,0.349594450467237,3.13476439766472,0.00171992184344752,0.0147915436249418,"Up","COVID19_vs_Healthy"
"TAGAP",36.7606584240754,2.27084138723067,0.724604863372932,3.13390304428847,0.00172497842073241,0.0147915436249418,"Up","COVID19_vs_Healthy"
"FAM8A1",21.6928589092869,1.0842664525126,0.346115418817854,3.13267307251402,0.00173222267525619,0.014828804784931,"Up","COVID19_vs_Healthy"
"LINC01003",3.39711629635379,-1.60474595058766,0.512530276043788,-3.13102664485437,0.00174196355112552,0.0148952162010995,"Down","COVID19_vs_Healthy"
"PI4KA",110.647842134269,1.29939838837682,0.415235123047232,3.12930750857754,0.00175218832969325,0.0149520317574445,"Up","COVID19_vs_Healthy"
"WDR78",71.035399372302,1.08427878889501,0.34654196933414,3.1288527360146,0.00175490236060082,0.0149649657431508,"Up","COVID19_vs_Healthy"
"SAC3D1",2.01134738920997,-1.33905594932621,0.428254055090285,-3.12677938109404,0.00176732495422788,0.0150626911131579,"Down","COVID19_vs_Healthy"
"EIF4A3",44.5041399465866,1.01476806486932,0.324593290537191,3.1262755406617,0.00177035592020729,0.015071798539472,"Up","COVID19_vs_Healthy"
"SNORA14B",263.032081511397,1.23480533489363,0.394968102236209,3.12634191951824,0.00176995633006794,0.015071798539472,"Up","COVID19_vs_Healthy"
"LRIF1",8.36229770897867,1.07751387870787,0.344783031565647,3.12519404976202,0.00177687801688506,0.0151029805585103,"Up","COVID19_vs_Healthy"
"FHAD1",429.596674743775,1.0002579259404,0.320117232870412,3.12466129040082,0.0017800990176946,0.0151188444639437,"Up","COVID19_vs_Healthy"
"ZNF117",10.8106847909656,1.52465575734773,0.487957637979314,3.12456582022468,0.00178067678598212,0.0151188444639437,"Up","COVID19_vs_Healthy"
"GSTZ1",5.8293538318015,-1.06586270580853,0.341149414939367,-3.12432810707874,0.00178211613210806,0.0151228596720319,"Down","COVID19_vs_Healthy"
"LRP3",2.8806174294187,-1.50235996900976,0.481043511032855,-3.12312698238881,0.00178940527470404,0.0151764844111484,"Down","COVID19_vs_Healthy"
"HCAR2",34.3395790271388,2.06512325718753,0.661501780316206,3.12187104953878,0.00179705632592067,0.0152196614343204,"Up","COVID19_vs_Healthy"
"ACBD5",103.763958586516,1.16360178863639,0.372850645581177,3.1208254630286,0.00180344888607209,0.0152542530644627,"Up","COVID19_vs_Healthy"
"CD109",10.0541438168864,-2.18835517650249,0.70170378558128,-3.11863099710898,0.00181693353961136,0.0153600086590159,"Down","COVID19_vs_Healthy"
"TET1",6.70299916892507,-1.33720989396277,0.428815466981454,-3.11838074166434,0.00181847719219575,0.0153647576152695,"Down","COVID19_vs_Healthy"
"SOX7",3.93341950979969,-1.48170211438883,0.47520327378887,-3.11803852396678,0.00182059004718834,0.0153743081804658,"Down","COVID19_vs_Healthy"
"GAS2L3",3.4192602414774,-1.19854506552677,0.384416136466629,-3.11783234841084,0.0018218640655757,0.0153767685534674,"Down","COVID19_vs_Healthy"
"SYNJ1",388.588863845584,1.99533967088877,0.640106922833031,3.11719745516523,0.0018257924021784,0.0153933187011248,"Up","COVID19_vs_Healthy"
"CD300A",10.834290247819,2.22091514878969,0.712653515733204,3.11640243085692,0.00183072250885049,0.0154099762337237,"Up","COVID19_vs_Healthy"
"CSPG4",6.8484189734097,-1.59310648080118,0.511153675905677,-3.11668790795346,0.00182895080168137,0.0154099762337237,"Down","COVID19_vs_Healthy"
"HAUS3",7.57466491645859,1.20158615196569,0.385681084163301,3.11549153252465,0.00183638620915687,0.0154493394628423,"Up","COVID19_vs_Healthy"
"TPCN2",25.8762610009018,-1.22722712569369,0.394155883516629,-3.11355780039223,0.00184846299658666,0.0155258985349372,"Down","COVID19_vs_Healthy"
"C16orf74",1.24465963829423,-1.76766204849841,0.567916130180393,-3.11254066324359,0.00185484459438866,0.0155711417451683,"Down","COVID19_vs_Healthy"
"MUC21",23.4617450201618,2.18056062673464,0.700970356510882,3.11077438080049,0.00186597450140563,0.0156477861725591,"Up","COVID19_vs_Healthy"
"ZNF766",7.99102004314061,1.07839293598842,0.346733817750073,3.11014640275361,0.00186994635177509,0.0156643043429211,"Up","COVID19_vs_Healthy"
"APOBEC3G",8.47185108775187,1.18210001819881,0.380218506019832,3.10900179629119,0.00187720577032703,0.0157082972695601,"Up","COVID19_vs_Healthy"
"BMI1",789.338566697954,2.32042889084396,0.746423521134577,3.10872959538689,0.00187893595150317,0.0157143718701879,"Up","COVID19_vs_Healthy"
"COL23A1",2.94838797601868,-1.79967664746103,0.579531832030789,-3.10539740527215,0.0019002352877983,0.0158755375245423,"Down","COVID19_vs_Healthy"
"INAFM1",6.41356595001957,-1.09216626181157,0.351727311349302,-3.10515057139517,0.00190182183636728,0.0158803138182899,"Down","COVID19_vs_Healthy"
"TRIM2",244.514441078265,1.29709881054894,0.417774217925799,3.10478424683285,0.00190417866546415,0.0158915134704976,"Up","COVID19_vs_Healthy"
"ASPG",2.11478625176833,-1.86521209077681,0.601007962996139,-3.10347317442913,0.00191263573268968,0.0159128848298068,"Down","COVID19_vs_Healthy"
"EMP1",101.450562251472,2.57857479536086,0.830736753537653,3.10396137450296,0.00190948257755255,0.0159128848298068,"Up","COVID19_vs_Healthy"
"LY6D",12.0920065407024,-1.77265850224915,0.571141555328983,-3.10371130538397,0.00191109711097575,0.0159128848298068,"Down","COVID19_vs_Healthy"
"PLAUR",78.8180432239061,1.98721248832955,0.640279741808493,3.10366291258348,0.00191140969651095,0.0159128848298068,"Up","COVID19_vs_Healthy"
"GLTPD2",5.01097254240671,-1.19863909343882,0.386285887243858,-3.10298442946255,0.00191579719617078,0.0159290087809141,"Down","COVID19_vs_Healthy"
"PRDM16",8.50644941334573,-1.8449892535172,0.594655979650812,-3.10261616237442,0.00191818251385362,0.0159402992411907,"Down","COVID19_vs_Healthy"
"ZNF791",9.41259528194079,1.07155646625373,0.345629327963404,3.10030538371207,0.00193321210395867,0.0160227240480642,"Up","COVID19_vs_Healthy"
"DCXR",9.17818219176494,-1.03701239520445,0.33495518836106,-3.09597352493201,0.00196167875716827,0.0162110643899062,"Down","COVID19_vs_Healthy"
"MIR191",203.936449427547,2.25118573447386,0.727151020778339,3.09589847245789,0.00196217533567839,0.0162110643899062,"Up","COVID19_vs_Healthy"
"SKAP2",12.9095187014265,1.96290266043768,0.634008230730416,3.09602078537103,0.00196136612156799,0.0162110643899062,"Up","COVID19_vs_Healthy"
"CD38",15.4701974714097,1.36547886948332,0.441871150299332,3.09021955508594,0.00200008586977426,0.0164636210890203,"Up","COVID19_vs_Healthy"
"KRT78",85.5117995999834,2.96660779325633,0.960458663931884,3.08874072842632,0.00201006773438493,0.0165110445709477,"Up","COVID19_vs_Healthy"
"CD164",248.430790469478,1.37774229039834,0.446114983498499,3.08831207504819,0.00201296961687689,0.0165262059626913,"Up","COVID19_vs_Healthy"
"BIK",4.00124993097883,-1.11837801976563,0.362262370764795,-3.08720449602466,0.00202048547587449,0.0165503661865173,"Down","COVID19_vs_Healthy"
"GLI4",1.63005466362015,-1.25697070613022,0.407168863469822,-3.08709928214682,0.00202120077852982,0.0165503661865173,"Down","COVID19_vs_Healthy"
"KCTD15",2.72423535529523,-1.63017479973877,0.528010775791073,-3.08738926264606,0.00201922989141156,0.0165503661865173,"Down","COVID19_vs_Healthy"
"SLC27A4",3.66456853194455,-1.12029011358412,0.36283452931522,-3.08760612089056,0.00201775714118584,0.0165503661865173,"Down","COVID19_vs_Healthy"
"LILRB3",19.0984393694376,2.340915114349,0.758668558530161,3.08555704336063,0.00203171248065976,0.0166016902858298,"Up","COVID19_vs_Healthy"
"MFAP3L",90.2056643085027,-1.72459421371784,0.559125378394444,-3.08444989327813,0.00203928957945729,0.0166288709428596,"Down","COVID19_vs_Healthy"
"TEX9",18.5133182184246,1.21084270762659,0.392542530473743,3.08461533114711,0.00203815571275779,0.0166288709428596,"Up","COVID19_vs_Healthy"
"CASP5",1.96117981661957,3.13752010703852,1.01823035680059,3.08134606877859,0.00206066993253598,0.0167769839252461,"Up","COVID19_vs_Healthy"
"INPP5A",7.97872470760703,-1.53950162547497,0.499724739300519,-3.08069924180633,0.00206515134071234,0.0167885487091789,"Down","COVID19_vs_Healthy"
"PPP1R14B",4.84706928491474,-1.13313818252235,0.367821218022868,-3.08067649988561,0.00206530906602565,0.0167885487091789,"Down","COVID19_vs_Healthy"
"ADAM28",69.8582059947003,1.10687851560133,0.359382302536378,3.07994719770399,0.00207037296357735,0.0167897566950704,"Up","COVID19_vs_Healthy"
"FAM109A",11.2018250438879,-1.36287510592984,0.44243640080609,-3.0803864768965,0.00206732147348087,0.0167897566950704,"Down","COVID19_vs_Healthy"
"MME",14.3318989520753,2.05387322105343,0.666803438246971,3.08017791037952,0.00206876978366002,0.0167897566950704,"Up","COVID19_vs_Healthy"
"ACRBP",4.31893887515957,1.76894937898187,0.574454335393679,3.07935595571681,0.00207448659929926,0.0168107541718461,"Up","COVID19_vs_Healthy"
"GID4",5.96031924418778,-1.18995679696098,0.38650480379415,-3.07876327869586,0.00207861774305159,0.0168355126517967,"Down","COVID19_vs_Healthy"
"BMS1P6",5.66467556408129,1.23157812669422,0.400219328586201,3.07725799012468,0.00208914401913287,0.0168945351996854,"Up","COVID19_vs_Healthy"
"IL21R",5.11169078786325,-1.42800516514678,0.464028026577497,-3.07741145654332,0.00208806861564579,0.0168945351996854,"Down","COVID19_vs_Healthy"
"TNIK",10.758023235135,1.30192714641758,0.423316425007153,3.07554129607793,0.00210120828632727,0.01696579322211,"Up","COVID19_vs_Healthy"
"MIS18BP1",13.5922963111912,1.08039540667742,0.351460350424324,3.07401789525629,0.00211196763672747,0.0170350874121193,"Up","COVID19_vs_Healthy"
"TTC33",8.55974559345944,1.094891902878,0.356224156258893,3.07360375101082,0.00211490134296646,0.0170499619859553,"Up","COVID19_vs_Healthy"
"ARHGAP25",25.0892339809545,1.58848467000486,0.516847403019102,3.07341134099913,0.00211626560400099,0.0170521751655033,"Up","COVID19_vs_Healthy"
"MEIS1_AS2",1.7687701962813,-1.37345189950507,0.44715394300593,-3.07154151492489,0.00212956548215446,0.0171240702285473,"Down","COVID19_vs_Healthy"
"SP5",3.20401298848727,-1.84873238795453,0.602173136214199,-3.07010106690797,0.00213986345580401,0.017189211168594,"Down","COVID19_vs_Healthy"
"SLC39A10",12.6729349743594,1.74551922094203,0.568720454520739,3.06920422338772,0.00214629816499114,0.0172152751487905,"Up","COVID19_vs_Healthy"
"ZNF205",7.95229974685491,-1.12851163933983,0.367696657424515,-3.06913760719052,0.00214677683269286,0.0172152751487905,"Down","COVID19_vs_Healthy"
"OSBPL8",36.5999261690368,1.02143608238103,0.332861221044092,3.06865449563957,0.00215025113895875,0.0172284330888,"Up","COVID19_vs_Healthy"
"ZNF493",9.02028371309459,1.15799869144158,0.377656823554859,3.06627239127156,0.00216745758720121,0.0173396606976097,"Up","COVID19_vs_Healthy"
"SLC2A6",215.854925985047,2.24560570126501,0.732742860735,3.06465722369848,0.00217919599646191,0.0174068703178335,"Up","COVID19_vs_Healthy"
"TMPRSS11E",19.2580142418071,2.51509549065309,0.821469402207387,3.06170319173754,0.00220081562186176,0.0175365359198741,"Up","COVID19_vs_Healthy"
"AACSP1",6.66443035145458,-2.15945948366296,0.705564374107438,-3.0606129828972,0.00220884405351245,0.0175808706761764,"Down","COVID19_vs_Healthy"
"GBP7",1.6904737502557,2.17871299958969,0.712105170265595,3.05953824036567,0.00221678485395655,0.0176351039119024,"Up","COVID19_vs_Healthy"
"CCDC138",13.8334813935669,1.13444527641355,0.37138431643023,3.05463969862246,0.00225331045248469,0.0178711616626865,"Up","COVID19_vs_Healthy"
"SOX15",4.86751654721248,-1.26600342929561,0.414435252835398,-3.05476771252959,0.00225234895160968,0.0178711616626865,"Down","COVID19_vs_Healthy"
"CCL20",2.08721960710802,2.79074757908848,0.914170727146608,3.05276410217073,0.0022674410744741,0.0179650217384156,"Up","COVID19_vs_Healthy"
"NAIP",9.83659082140812,2.10143596110281,0.689179451807974,3.04918545611011,0.00229462781413246,0.0181528493607405,"Up","COVID19_vs_Healthy"
"CSNK1E",3.37636283612468,-2.06174710009713,0.676306682413441,-3.04853870841503,0.00229957285411665,0.0181644200006145,"Down","COVID19_vs_Healthy"
"SLC46A1",21.2465184593482,-1.57208358865424,0.515673568108044,-3.04860222799873,0.00229908675077374,0.0181644200006145,"Down","COVID19_vs_Healthy"
"GBP1P1",4.67793911749303,1.82024176032928,0.597392653742894,3.04697714129018,0.00231155287658884,0.0182498382506873,"Up","COVID19_vs_Healthy"
"CAPZA1",29.2264587565923,1.0138618286575,0.332919323569816,3.04536792213229,0.0023239582577046,0.0183108251845728,"Up","COVID19_vs_Healthy"
"EMD",23.524416218519,1.35540657029232,0.445027882015355,3.04566663138997,0.00232165092622169,0.0183108251845728,"Up","COVID19_vs_Healthy"
"SERPINB9P1",4.578756412998,2.34619690922238,0.770412193121767,3.04537873383782,0.00232387470781239,0.0183108251845728,"Up","COVID19_vs_Healthy"
"CHORDC1",9.42199340560016,1.35469943028878,0.445991962104157,3.03749741115829,0.00238551453749084,0.0187486345970149,"Up","COVID19_vs_Healthy"
"IL12RB2",519.265853265759,2.34041009127992,0.771103993941902,3.03514196485443,0.00240422489831761,0.0188578001046987,"Up","COVID19_vs_Healthy"
"CCDC148",38.8012337217131,1.04317328299137,0.343812955514597,3.03413023348704,0.00241230269572794,0.0188927490404158,"Up","COVID19_vs_Healthy"
"PTMS",306.076404656795,-1.07395190716167,0.354250888029548,-3.03161387437959,0.00243250148568998,0.0190223804338215,"Down","COVID19_vs_Healthy"
"CBLC",7.8395411584263,-1.00116820482166,0.330351100534569,-3.03061864543992,0.00244053280567004,0.019063709593794,"Down","COVID19_vs_Healthy"
"AIF1",19.6040845416093,1.46495671511727,0.48345596680663,3.03017609813308,0.00244411187200289,0.0190750436773572,"Up","COVID19_vs_Healthy"
"LOC100506472",1.8470677117893,-1.64719366575794,0.543729648621022,-3.02943506931333,0.00245011564085781,0.0191123676710583,"Down","COVID19_vs_Healthy"
"TEK",18.8235007327604,4.19174142658532,1.38403026595054,3.02864867171563,0.00245650174272222,0.0191353985390525,"Up","COVID19_vs_Healthy"
"HPS6",8.02113917870155,-1.01554806108723,0.335360818544936,-3.02822513820634,0.0024599474400467,0.0191508743989307,"Down","COVID19_vs_Healthy"
"LOC100130705",2.32262321738683,-1.68786361648108,0.557414010389974,-3.02802510345987,0.00246157637902781,0.0191540264440712,"Down","COVID19_vs_Healthy"
"SNORD21",69.3117353726022,1.4524721063065,0.480009156268024,3.02592583358031,0.00247873095210051,0.0192779234286624,"Up","COVID19_vs_Healthy"
"LOC400548",2.26245181541137,-2.41680318352516,0.799094623815202,-3.02442678438551,0.00249104757587621,0.0193352740413249,"Down","COVID19_vs_Healthy"
"NKX2_2",10.038153520815,-2.17428576311482,0.718847293283167,-3.02468380062236,0.00248893188678182,0.0193352740413249,"Down","COVID19_vs_Healthy"
"TSPAN11",5.17967657947092,-1.37862170827884,0.455828026802184,-3.02443383736279,0.0024909894956996,0.0193352740413249,"Down","COVID19_vs_Healthy"
"PHTF2",9.87673498076135,1.2289008718591,0.406367971199459,3.02410858865625,0.00249366915762394,0.0193460262659888,"Up","COVID19_vs_Healthy"
"ZMAT5",2.72854055521414,-1.07616267046199,0.356181497657233,-3.02138847059827,0.0025161831585997,0.0194724204083917,"Down","COVID19_vs_Healthy"
"FAM171A2",4.78953588030684,-1.6321972148977,0.540277006392009,-3.02103771877612,0.00251909977250305,0.0194757278854386,"Down","COVID19_vs_Healthy"
"FLRT1",2.22382186719692,-1.33552910377049,0.442162720481059,-3.02044709313684,0.00252401800296937,0.0194848710954439,"Down","COVID19_vs_Healthy"
"STRA13",6.92610936733624,-1.17786032892395,0.389937693330074,-3.02063726864928,0.00252243342434201,0.0194848710954439,"Down","COVID19_vs_Healthy"
"INSIG1",24.6837555530878,-1.17849742949042,0.390312336190647,-3.01937018181968,0.00253300822262636,0.0195446314929276,"Down","COVID19_vs_Healthy"
"SNORA45A",160.524945581363,-1.0825630325883,0.35859205799973,-3.01892640519417,0.00253672145161342,0.01955399865756,"Down","COVID19_vs_Healthy"
"RNU12",535.596333850404,1.41969149114166,0.470445599004806,3.01775910784353,0.00254651240669766,0.019605996986022,"Up","COVID19_vs_Healthy"
"TVP23B",11.2770784343334,1.3110642554979,0.434461830540047,3.01767419676019,0.00254722596322743,0.019605996986022,"Up","COVID19_vs_Healthy"
"LSM3",14.5661891775265,1.12073331666213,0.37169225381099,3.01521838341037,0.002567942864647,0.0197266420942544,"Up","COVID19_vs_Healthy"
"TSEN34",14.5024077879245,-1.00177165532251,0.332453340374561,-3.01326993494441,0.00258448920047509,0.0198245524554089,"Down","COVID19_vs_Healthy"
"KITLG",10.27838999982,1.13469066147616,0.376762544046013,3.01168648372218,0.00259800769985504,0.0199184833352924,"Up","COVID19_vs_Healthy"
"CEP170",17.6300901876237,1.06192673458855,0.352691622518106,3.01092134541424,0.00260456310435151,0.0199491940562371,"Up","COVID19_vs_Healthy"
"LCA5L",13.5913823790437,1.11923117884094,0.372263543417441,3.00655596990835,0.00264225406809681,0.0201780073339405,"Up","COVID19_vs_Healthy"
"SLFN12L",2.38658012120564,2.02038778969035,0.672051212422548,3.00630034191508,0.00264447655495935,0.0201780073339405,"Up","COVID19_vs_Healthy"
"SPRED3",12.2201123958742,3.04265456605158,1.01210337398239,3.00626857321842,0.00264475287844529,0.0201780073339405,"Up","COVID19_vs_Healthy"
"RNF150",5.09878100314408,-1.23519328160748,0.410955636244532,-3.00566088567405,0.00265004361587181,0.0202085197374084,"Down","COVID19_vs_Healthy"
"SLC15A4",67.357073537625,1.88780215531114,0.628143773252725,3.0053663439749,0.00265261147677267,0.0202182486062049,"Up","COVID19_vs_Healthy"
"GSDMD",35.4311492200842,-1.04057292586422,0.346269945809259,-3.00509165885686,0.00265500827413404,0.0202266647875606,"Down","COVID19_vs_Healthy"
"MEF2C",17.3916489776127,1.49101350855306,0.496406564247403,3.00361360211577,0.00266793924795795,0.0203144919663935,"Up","COVID19_vs_Healthy"
"POU4F1",4.49214624512297,-2.21817493875135,0.738567626311147,-3.0033471001569,0.00267027689095423,0.0203144919663935,"Down","COVID19_vs_Healthy"
"NPTXR",4.37018091242455,-1.59014857558304,0.529854404335987,-3.00110476117645,0.00269002000638053,0.0204146159032742,"Down","COVID19_vs_Healthy"
"SYNPO2",27.9343593000474,-1.05903746017484,0.352954390251415,-3.00049380153755,0.00269542239670272,0.0204449683294252,"Down","COVID19_vs_Healthy"
"SLC22A18",5.49504196071136,-1.0294276679825,0.343165756387435,-2.99979717912259,0.00270159435305533,0.0204818548626986,"Down","COVID19_vs_Healthy"
"DOCK8",51.9374070016867,1.24722977258202,0.41612582549473,2.99724193060885,0.00272434414100535,0.0206243527423569,"Up","COVID19_vs_Healthy"
"NABP1",53.668700328657,1.63084152054538,0.544320778694833,2.99610373951881,0.00273453387310037,0.0206814818976678,"Up","COVID19_vs_Healthy"
"ZC2HC1C",15.9569037914895,1.04482265522523,0.348744981769328,2.99595036443078,0.00273590963279546,0.0206818907893639,"Up","COVID19_vs_Healthy"
"HSP90AB4P",9.31332036283731,1.10226204496789,0.368238772406891,2.99333510635846,0.00275946577077527,0.0208398264387507,"Up","COVID19_vs_Healthy"
"SAA1",24.9640620880758,1.74688436801534,0.583700005386787,2.9927777143976,0.00276451019795357,0.0208678512192848,"Up","COVID19_vs_Healthy"
"SLC25A26",2.68067826329582,-1.08751507914279,0.363567798438299,-2.99123047699549,0.0027785569540274,0.0209536670923474,"Down","COVID19_vs_Healthy"
"SMC6",41.1014247546863,1.07340251430094,0.359096248039637,2.98917774875347,0.0027972934777722,0.0210746501397108,"Up","COVID19_vs_Healthy"
"SNORD116_23",7.36455935474324,1.62798165073418,0.544925921849386,2.9875283693774,0.00281243191322283,0.02116831870039,"Up","COVID19_vs_Healthy"
"KCNK5",15.4397656976511,-1.02141825854645,0.342161932977315,-2.98518964298162,0.00283402562562742,0.0212796703406036,"Down","COVID19_vs_Healthy"
"RASGRP2",10.8627965594933,1.88412956136123,0.631340748839602,2.98433067218335,0.0028419945316202,0.0213292711898287,"Up","COVID19_vs_Healthy"
"SNORD45A",30.7490145422471,2.04991692054249,0.687569370693713,2.98139650763421,0.0028693701266193,0.0214729334009272,"Up","COVID19_vs_Healthy"
"NEIL2",5.14410029571677,-1.02408335162357,0.343600892203318,-2.98044439016645,0.00287830492873766,0.0215295007289134,"Down","COVID19_vs_Healthy"
"SNORD116_16",40.4933734290292,1.66253486770759,0.558093831518367,2.97895223673132,0.00289235860437437,0.0215933337028865,"Up","COVID19_vs_Healthy"
"SLC10A1",5.57128358394263,1.65830031928862,0.55680498800909,2.97824257145762,0.00289906445905719,0.0216323308406903,"Up","COVID19_vs_Healthy"
"SLC6A1",31.0234025205834,-2.3048001688473,0.773914489797487,-2.97810701212017,0.00290034701583386,0.0216323308406903,"Down","COVID19_vs_Healthy"
"ARRDC3",38.4200399792444,1.01828804530379,0.341954103792329,2.97785005066703,0.00290277960621037,0.0216346663673724,"Up","COVID19_vs_Healthy"
"IL17RE",5.58098835105723,-1.24204726788104,0.417120725636356,-2.97766855383698,0.0029044989137479,0.0216346663673724,"Down","COVID19_vs_Healthy"
"IL10RA",12.5101073296359,1.52324815446624,0.511828742643577,2.97608951501769,0.00291949631100719,0.0217145499000618,"Up","COVID19_vs_Healthy"
"FLG",18.5068880626427,3.13820762393371,1.05467750719873,2.97551393910819,0.00292498056961672,0.0217435135170368,"Up","COVID19_vs_Healthy"
"SCML1",3.28191300962966,1.49320266338023,0.502183962513549,2.97341766134147,0.00294503410055331,0.0218407078698854,"Up","COVID19_vs_Healthy"
"PAFAH1B3",81.6241236242859,-1.42740475370334,0.480087622935521,-2.97321714935161,0.00294695880901693,0.0218419762946269,"Down","COVID19_vs_Healthy"
"IFI27L1",2.75223057886561,-1.02931949952556,0.346695263344254,-2.96894595442883,0.00298823148619961,0.0221296007080225,"Down","COVID19_vs_Healthy"
"IL20RA",44.4223875321855,1.69074334300741,0.569532188220858,2.96865283117547,0.00299108319085014,0.0221328938489846,"Up","COVID19_vs_Healthy"
"MPHOSPH9",11.6646309304255,1.05948287740448,0.35692109592494,2.9683952265665,0.00299359139520332,0.0221328938489846,"Up","COVID19_vs_Healthy"
"WIPF1",50.470009544113,1.49277691345076,0.502875419679148,2.96848256055784,0.0029927408403153,0.0221328938489846,"Up","COVID19_vs_Healthy"
"EIF4E",10.9535570582309,1.167677727031,0.393549164253501,2.96704410297985,0.0030067782574359,0.0222039009779882,"Up","COVID19_vs_Healthy"
"PAG1",21.7785893071947,1.83125955628944,0.617402571059536,2.96607050590473,0.0030163133159199,0.0222521721114475,"Up","COVID19_vs_Healthy"
"PHOSPHO1",4.18513186020322,-1.79844055777315,0.606428939435654,-2.96562456179415,0.00302068993508622,0.0222646048536171,"Down","COVID19_vs_Healthy"
"COLGALT2",4.60017372624693,-1.32055310721635,0.445348763770503,-2.96521112136029,0.00302475272807694,0.0222649048916168,"Down","COVID19_vs_Healthy"
"SDR39U1",2.07376492980315,-1.18505089011262,0.400061232645548,-2.96217377094014,0.00305475328734156,0.0224311494323419,"Down","COVID19_vs_Healthy"
"SNORD61",99.841578226259,1.41566351816017,0.477965116793749,2.96185530788653,0.0030579144822174,0.0224438301208902,"Up","COVID19_vs_Healthy"
"DKFZP434A062",8.16768528765551,-1.59308307901947,0.538117291475446,-2.96047553991704,0.00307164511842418,0.0225292949716948,"Down","COVID19_vs_Healthy"
"SNORA13",17.873226715807,1.35689669229541,0.458537085064844,2.95918637006977,0.00308452495850677,0.0225861705899457,"Up","COVID19_vs_Healthy"
"MAP3K19",59.9896896643042,1.04073470061247,0.351735030236482,2.95885996885995,0.00308779377160686,0.0225995308410216,"Up","COVID19_vs_Healthy"
"CYSLTR1",1.72768840634025,2.46088411732044,0.831870628731561,2.9582534018214,0.00309387675455283,0.0226228894650667,"Up","COVID19_vs_Healthy"
"SNORA6",48.5743395593405,1.21752216749829,0.412062470662913,2.9547028768225,0.00312970304441755,0.0228102437070544,"Up","COVID19_vs_Healthy"
"SNORD74",7.53122071131333,1.81158124895327,0.613338170582757,2.95364178497486,0.00314048307746875,0.022867510095966,"Up","COVID19_vs_Healthy"
"ARHGAP26",61.3053376098183,1.09455620217693,0.370713189128355,2.95256881674622,0.00315141817628829,0.0229257980579075,"Up","COVID19_vs_Healthy"
"FBXL5",57.4124571167886,1.00134532041402,0.339171815559277,2.95232467580732,0.00315391116792216,0.0229332722842221,"Up","COVID19_vs_Healthy"
"TRAPPC5",10.595912618858,-1.13537744803792,0.384657149169829,-2.95166085041784,0.00316069876711712,0.0229506330894889,"Down","COVID19_vs_Healthy"
"TONSL",19.8366847609241,-1.49736582109521,0.507380552853661,-2.95116912280846,0.00316573525221288,0.0229658902302398,"Down","COVID19_vs_Healthy"
"H3F3AP4",9.07391675944419,1.44124115918471,0.48885932210128,2.94817157825646,0.00319659592635195,0.0231468454676332,"Up","COVID19_vs_Healthy"
"SNORD49A",3.09136243511999,2.07399576066679,0.703681878959625,2.94734854297106,0.00320511717811656,0.0231870890444604,"Up","COVID19_vs_Healthy"
"ARAP3",18.3230445847091,-1.10771234553929,0.375984592637311,-2.94616419723302,0.00321741556769637,0.0232545583387126,"Down","COVID19_vs_Healthy"
"WSB1",49.1685910857901,1.00199681753904,0.340340849426723,2.94409801005911,0.00323897409951734,0.0233779827994684,"Up","COVID19_vs_Healthy"
"LIMD2",32.827384269816,1.66586654923061,0.566377403273864,2.94126591138931,0.00326873799033809,0.0235458416498322,"Up","COVID19_vs_Healthy"
"TCF24",2.93055218918376,-1.63213933557324,0.55525534697163,-2.93943920481801,0.00328806769596026,0.0236559463477638,"Down","COVID19_vs_Healthy"
"TK1",3.49003870788658,-1.20444787260909,0.410052773932148,-2.93729965794207,0.00331084015778325,0.023797899305922,"Down","COVID19_vs_Healthy"
"C6orf223",3.71076986114456,-1.66560793247148,0.567209644155402,-2.93649438022451,0.00331944834723278,0.0238254160828066,"Down","COVID19_vs_Healthy"
"HELZ2",131.364248565269,1.26580032860356,0.43107628869122,2.93637196433751,0.00332075872166419,0.0238254160828066,"Up","COVID19_vs_Healthy"
"TMED5",21.1251706171498,1.12461628445724,0.382970897588773,2.93655808192722,0.00331876665242131,0.0238254160828066,"Up","COVID19_vs_Healthy"
"ANGPT1",5.81814761918153,1.86889246621752,0.636904470897184,2.93433717553415,0.00334260878993412,0.0239711926420207,"Up","COVID19_vs_Healthy"
"MYCT1",5.23023887105724,1.54855403100474,0.527873823208647,2.93356852134086,0.0033508968038203,0.0240196212488227,"Up","COVID19_vs_Healthy"
"FGD5",2.16994935489159,-1.35265038784121,0.461184820262499,-2.93298983056577,0.00335714888038623,0.0240314115646311,"Down","COVID19_vs_Healthy"
"ADGRG6",17.2211218918104,-1.88010361934174,0.641084354584238,-2.93269303157623,0.00336035956552141,0.0240324069841312,"Down","COVID19_vs_Healthy"
"SNORA20",291.522041644856,1.12261500204998,0.382785029631209,2.93275576406829,0.00335968071072272,0.0240324069841312,"Up","COVID19_vs_Healthy"
"FGD4",36.5806789433156,1.12120884857474,0.382547574929661,2.93090042142052,0.0033798110164634,0.0241384220838062,"Up","COVID19_vs_Healthy"
"YJEFN3",4.77927558706175,-1.53107239673276,0.522609950029427,-2.929665607489,0.00339326944318507,0.0242014039411851,"Down","COVID19_vs_Healthy"
"CTSF",3.20965366727745,-1.49041093045174,0.508927021504528,-2.92853565928897,0.00340562765616045,0.0242588393285876,"Down","COVID19_vs_Healthy"
"MZT2A",3.71032500885288,-1.10276649359138,0.376563068325174,-2.92850411086811,0.00340597328763465,0.0242588393285876,"Down","COVID19_vs_Healthy"
"OTOF",9.92626901971451,1.3606664077737,0.464598074018254,2.92869575632428,0.00340387419125651,0.0242588393285876,"Up","COVID19_vs_Healthy"
"CXCL1",59.534882726061,1.23409085436702,0.421481705708363,2.92798201595239,0.00341169778309532,0.0242713433561068,"Up","COVID19_vs_Healthy"
"TMEM201",7.42772350772402,-1.04997706498668,0.358608564624333,-2.92791965547897,0.00341238211806205,0.0242713433561068,"Down","COVID19_vs_Healthy"
"WDR63",45.1163704765659,1.06971094405531,0.36544800431287,2.9271221389391,0.00342114497617448,0.0242911776527083,"Up","COVID19_vs_Healthy"
"SIRPB1",6.82878915899661,2.74993567364351,0.939918199537412,2.92571808376187,0.00343662208091548,0.0243331503720206,"Up","COVID19_vs_Healthy"
"ADAMDEC1",4.07155196686948,1.58299557818535,0.541229169931859,2.92481570862977,0.00344660270896971,0.0243927811804423,"Up","COVID19_vs_Healthy"
"C15orf59",3.09756741879318,-1.93899417395521,0.663343389220628,-2.92306248236432,0.00346606955172986,0.0245083851538495,"Down","COVID19_vs_Healthy"
"DNER",11.7722449022064,-1.57546339033581,0.539427382638201,-2.92062183167385,0.00349333580195647,0.0246677430636348,"Down","COVID19_vs_Healthy"
"ABCA6",2.44093041363095,1.42107054838904,0.486740346177307,2.91956596478934,0.00350519201704035,0.024713686790974,"Up","COVID19_vs_Healthy"
"GK",25.1939501974319,1.30695303297074,0.447740086165267,2.91899937788533,0.00351156924532116,0.024740673368206,"Up","COVID19_vs_Healthy"
"DLX2",24.5937496254681,-1.51981365774312,0.521170457930497,-2.91615465653619,0.0035437479134452,0.0249337083406432,"Down","COVID19_vs_Healthy"
"CFAP54",85.8855454627939,1.04271406743893,0.357714454582953,2.91493411596854,0.00355763637937775,0.0249864874616261,"Up","COVID19_vs_Healthy"
"OSER1",18.1766338203992,1.0486657047851,0.359805217381936,2.91453723883035,0.00356216308038268,0.025002855290947,"Up","COVID19_vs_Healthy"
"SOS2",29.3758466500911,1.09968903794115,0.377407404097684,2.91379826151085,0.00357060567102324,0.0250438536710765,"Up","COVID19_vs_Healthy"
"FGR",14.9428924737944,2.07346619568394,0.712068123569753,2.91189301564182,0.00359245655258174,0.0251745455149123,"Up","COVID19_vs_Healthy"
"TSPAN4",2.51742342382894,-1.27509843830364,0.438264753785805,-2.90942501601858,0.00362094235558212,0.0253061661367347,"Down","COVID19_vs_Healthy"
"LILRA6",5.63245296552654,2.77542036675992,0.954278167176411,2.90839763731789,0.00363286086147068,0.0253663153943768,"Up","COVID19_vs_Healthy"
"TYW1B",9.66961827624068,1.0485845078517,0.360553392855735,2.90826415346272,0.00363441200883134,0.0253663153943768,"Up","COVID19_vs_Healthy"
"ADD2",2.17435640285596,-2.01706716761268,0.694473680722932,-2.90445444313017,0.0036789373905591,0.025585783238875,"Down","COVID19_vs_Healthy"
"LYRM5",6.45369460186072,1.34496435188737,0.463156686862059,2.90390787834602,0.0036853658021516,0.0256182530782173,"Up","COVID19_vs_Healthy"
"RNF152",12.007507975184,-1.2345115986926,0.425245443225612,-2.90305661908677,0.00369539821385476,0.0256546545032828,"Down","COVID19_vs_Healthy"
"OR1N1",8.01361091057174,-1.90575673059404,0.656701253920998,-2.90201475817999,0.00370771072606135,0.0257173126956596,"Down","COVID19_vs_Healthy"
"SNORD88A",8.55397110725814,-1.63966093470372,0.565002912668758,-2.90203979119129,0.00370741445399323,0.0257173126956596,"Down","COVID19_vs_Healthy"
"CFAP47",55.8357129769305,1.01589623300621,0.350298766272144,2.90008510111899,0.00373061359143686,0.0258303723357539,"Up","COVID19_vs_Healthy"
"CXCL2",14.6251146288607,2.02855590724152,0.699557928247079,2.89976830414114,0.00373438588186767,0.0258450554088745,"Up","COVID19_vs_Healthy"
"ZNF709",6.90455355481752,1.06636684927847,0.3678051118192,2.89927142122662,0.00374030954731313,0.0258746082212007,"Up","COVID19_vs_Healthy"
"LPAR6",6.54464547387501,1.45766624515859,0.503013876871633,2.8978648744726,0.00375712424678489,0.0259794433113963,"Up","COVID19_vs_Healthy"
"C7orf71",11.9736590416558,5.74432791599087,1.983207887153,2.89648299263127,0.00377371096615752,0.0260480940443021,"Up","COVID19_vs_Healthy"
"NIFK",8.15137997072525,1.16366268553117,0.401745167070111,2.8965194379752,0.00377327265985214,0.0260480940443021,"Up","COVID19_vs_Healthy"
"IFRD1",32.3523748957131,1.45348641973825,0.502143999641623,2.89456096413696,0.00379689172177158,0.0261504232668494,"Up","COVID19_vs_Healthy"
"GMPPA",12.0927490041731,-1.00408570722799,0.346934170667829,-2.8941678050772,0.00380164935518067,0.02615332461281,"Down","COVID19_vs_Healthy"
"CACNA2D4",3.45887980794449,-1.45575707178182,0.503108051054129,-2.89352768005136,0.00380940712504933,0.0261790086485604,"Down","COVID19_vs_Healthy"
"ACSL1",135.340504362798,1.55181578273493,0.53651691012147,2.89238932354172,0.00382323858136975,0.0262173997180965,"Up","COVID19_vs_Healthy"
"CFAP58_AS1",3.65550203534358,3.43787236999046,1.18852943790395,2.89254288564648,0.00382137008570838,0.0262173997180965,"Up","COVID19_vs_Healthy"
"PRDM1",42.8515826398148,1.63379578956295,0.564889263279574,2.892240826242,0.0038250462395459,0.0262173997180965,"Up","COVID19_vs_Healthy"
"RHOD",5.97008495345696,-1.37231153309161,0.474650548111583,-2.8912039363515,0.00383768996187839,0.0262625811551927,"Down","COVID19_vs_Healthy"
"PAOX",3.85941691557825,-1.09296274284572,0.378083875348517,-2.8907943821678,0.0038426944735537,0.0262808055603882,"Down","COVID19_vs_Healthy"
"TTC21B",24.1046534736412,1.03897637832243,0.359508657527719,2.88998986969409,0.00385254241059774,0.0263251456947744,"Up","COVID19_vs_Healthy"
"NEIL3",1.75827265122974,2.27002855427549,0.785574226747845,2.88964234948625,0.00385680344916664,0.0263427587833084,"Up","COVID19_vs_Healthy"
"CHST1",6.24210474629693,-2.14957461306669,0.744074281591649,-2.88892475690537,0.0038656155956461,0.0263914279409555,"Down","COVID19_vs_Healthy"
"TOR1B",12.960112107518,1.12955456183084,0.391036399805526,2.88861743406139,0.00386939515813518,0.0263942002765908,"Up","COVID19_vs_Healthy"
"PRKCA",4.88241043615079,-1.00170609602613,0.346975365802475,-2.88696603492127,0.0038897621817146,0.0264984756723858,"Down","COVID19_vs_Healthy"
"LOC101927697",20.4037863921358,6.43375434277087,2.23011072634527,2.88494838698641,0.00391477836888156,0.0266225345138021,"Up","COVID19_vs_Healthy"
"FAM81B",43.8408355047069,1.15230266537589,0.399487377109562,2.88445325535245,0.00392093963911325,0.02664127810371,"Up","COVID19_vs_Healthy"
"TEX101",191.571265412022,-1.22327138068878,0.424072823204944,-2.88457857649039,0.00391937934839168,0.02664127810371,"Down","COVID19_vs_Healthy"
"CRNN",48.462670468826,3.27213025101566,1.1354776583649,2.88172138563041,0.00395509283638571,0.0267630194824366,"Up","COVID19_vs_Healthy"
"LOC101927248",3.16748222829466,-1.35315483205191,0.469598223996519,-2.88151607673444,0.00395767044237975,0.0267630194824366,"Down","COVID19_vs_Healthy"
"SMOX",4.64639973220002,-1.34151363028803,0.465472731569663,-2.88204558356015,0.00395102571003599,0.0267630194824366,"Down","COVID19_vs_Healthy"
"SKA2",11.4305171327026,1.1257497824273,0.390955177236176,2.87948554713021,0.00398324554601407,0.0269010903340648,"Up","COVID19_vs_Healthy"
"MUC13",31.5851134913185,1.36030502907376,0.472738898108883,2.87749756687136,0.00400843001469278,0.0270594964926284,"Up","COVID19_vs_Healthy"
"PARL",42.3704963400602,-1.0670267201245,0.370928034897925,-2.87664080289357,0.00401932832542099,0.0271096765673222,"Down","COVID19_vs_Healthy"
"KIAA1683",15.0105372931831,1.24828148003085,0.434258888625725,2.87450991269567,0.00404655067490463,0.0272216203827152,"Up","COVID19_vs_Healthy"
"PLXNB3",6.06174541987263,-1.11356195458934,0.387408254308983,-2.87438881903948,0.00404810267322203,0.0272216203827152,"Down","COVID19_vs_Healthy"
"ACSL4",13.5021616950139,1.05353493266631,0.36660004685462,2.87379923081161,0.0040556668603883,0.0272607710615791,"Up","COVID19_vs_Healthy"
"CCBL2",5.48490467944707,1.26224849724348,0.439496672846657,2.87203197482199,0.00407841699119477,0.0273901584026677,"Up","COVID19_vs_Healthy"
"PRADC1",2.80933722718955,-1.14540452963515,0.398841970484584,-2.87182547073346,0.00408108289083647,0.0273963041938263,"Down","COVID19_vs_Healthy"
"ADGRF5",3.03018893845034,1.8803002853931,0.655116075023933,2.87017882338547,0.00410239721602771,0.0274851221376024,"Up","COVID19_vs_Healthy"
"PIH1D3",7.48216274801825,1.18153076099371,0.411959545374434,2.86807472787116,0.00412977978722874,0.0276283856821528,"Up","COVID19_vs_Healthy"
"SNORD99",320.112891894681,1.35105549819067,0.471203855602829,2.86724202725848,0.00414066223004595,0.0276893515281022,"Up","COVID19_vs_Healthy"
"RNA28S5",30.7749843442447,-1.43626193856783,0.501693547788425,-2.86282720776297,0.00419879473943995,0.0279943502696022,"Down","COVID19_vs_Healthy"
"POLR2J3",2.48131000978422,1.69144916634635,0.590948382810888,2.86226211213381,0.00420628888969296,0.0280323716124001,"Up","COVID19_vs_Healthy"
"CMKLR1",9.47137712321492,1.58850813813498,0.555109129139256,2.86161414891177,0.00421489693942064,0.0280419673928802,"Up","COVID19_vs_Healthy"
"JAKMIP1",7.46827603194358,-1.57065491216685,0.548862280251985,-2.86165577172793,0.00421434350952578,0.0280419673928802,"Down","COVID19_vs_Healthy"
"STATH",19.0528258905609,2.04053799675288,0.713205451928308,2.86108019959163,0.00422200234494105,0.0280653749760567,"Up","COVID19_vs_Healthy"
"ZNF540",10.4564397551307,3.04129236033197,1.06313216886173,2.86069074891055,0.00422719171897858,0.0280780863989888,"Up","COVID19_vs_Healthy"
"RPL26L1",6.04376696184013,1.57815741616521,0.552158473412495,2.85816027853698,0.00426105102600339,0.0282408152330226,"Up","COVID19_vs_Healthy"
"ARHGAP9",62.1407079568553,1.80956054138585,0.633340356399825,2.85716917152123,0.0042743795662119,0.0282933550981742,"Up","COVID19_vs_Healthy"
"SYDE1",3.81505996809137,-2.07523533697017,0.726822603114924,-2.85521574050723,0.0043007603197688,0.0283959061112836,"Down","COVID19_vs_Healthy"
"ARFGAP3",207.835715699998,-1.27273425599891,0.445841931638161,-2.85467598644769,0.00430807559297827,0.0284322087216044,"Down","COVID19_vs_Healthy"
"NKX2_5",63.4117858872396,-1.59035139845409,0.557172703594318,-2.85432396130453,0.00431285265747734,0.0284397464745914,"Down","COVID19_vs_Healthy"
"TMEM54",6.67057527182973,-1.07620935937963,0.377096818772794,-2.85393380639486,0.00431815276291571,0.028462701952024,"Down","COVID19_vs_Healthy"
"SAMD3",1.7672632494355,1.82464160316056,0.639404568769589,2.85365743737447,0.00432191070296273,0.0284754773389309,"Up","COVID19_vs_Healthy"
"IL1R2",10.1859218975234,2.74212304685449,0.961286473706609,2.85255553038335,0.0043369234296996,0.0285263462916937,"Up","COVID19_vs_Healthy"
"TREM1",33.4028228035556,2.23564572653778,0.784134397005307,2.85110018776876,0.00435682392923644,0.0286331712913447,"Up","COVID19_vs_Healthy"
"MOSPD2",5.45666782944931,1.15088463672652,0.403737702340658,2.85057508886165,0.00436402448165991,0.0286517095530736,"Up","COVID19_vs_Healthy"
"MAP7D3",8.12030137872969,1.04875123996205,0.368073891797291,2.84929538153614,0.00438161799703839,0.0287237362453527,"Up","COVID19_vs_Healthy"
"C12orf4",10.6062678725337,1.09240411155952,0.383576859875918,2.84794059764945,0.00440031370905271,0.028822146889601,"Up","COVID19_vs_Healthy"
"PRKCB",22.498383487818,1.84651391973399,0.64858684153708,2.84698023684532,0.00441361023186152,0.0288971434762214,"Up","COVID19_vs_Healthy"
"RNU5D_1",1.68906527855252,-2.18910011363738,0.769370530273959,-2.84531318460805,0.00443677763233287,0.0290084830518457,"Down","COVID19_vs_Healthy"
"CSGALNACT2",12.1230452001339,1.29238897547699,0.454481549464992,2.84365553892863,0.00445992352694644,0.0291269952519677,"Up","COVID19_vs_Healthy"
"CPTP",18.9873404045256,-1.27113980068528,0.447062711738337,-2.84331429866437,0.00446470186241005,0.0291341345884039,"Down","COVID19_vs_Healthy"
"FAM171A1",69.0447838874893,1.5550020525929,0.547146398641464,2.84202190940832,0.00448284107590094,0.0291946447329616,"Up","COVID19_vs_Healthy"
"SIGLEC5",6.36816532719091,3.08631994955185,1.085971801359,2.84198903294688,0.00448330338019597,0.0291946447329616,"Up","COVID19_vs_Healthy"
"ZMYM5",6.50595171852266,1.12290904955282,0.395414868288163,2.83982505365601,0.00451382812570166,0.0293202085973348,"Up","COVID19_vs_Healthy"
"ALDH4A1",3.95568649859225,-1.11291915615765,0.392025757025123,-2.83889294571613,0.00452703421140868,0.0293270683357692,"Down","COVID19_vs_Healthy"
"CCDC173",73.1303688782625,1.08855581360246,0.383412853755535,2.83912185765302,0.00452378775351252,0.0293270683357692,"Up","COVID19_vs_Healthy"
"FOXJ3",48.2480447686553,1.00722621848454,0.354765742250339,2.83913044166986,0.00452366605494292,0.0293270683357692,"Up","COVID19_vs_Healthy"
"EXOC3_AS1",1.94018238929157,-1.16141281123466,0.409179088567237,-2.8383972780755,0.00453407106619271,0.0293329850380222,"Down","COVID19_vs_Healthy"
"PEX11G",22.337718256958,1.87123024899238,0.659387796238605,2.83782966513269,0.0045421414775202,0.029370012330676,"Up","COVID19_vs_Healthy"
"MESP1",2.43593022928802,-1.6024147735974,0.564711532345752,-2.83758110435808,0.00454567964920917,0.0293802702800351,"Down","COVID19_vs_Healthy"
"DNAH14",10.046265521017,1.02749609756075,0.362172618861077,2.83703417666393,0.00455347375686336,0.0294068334079232,"Up","COVID19_vs_Healthy"
"NSL1",27.4220188266818,1.32138734605579,0.465879864444452,2.83632637274742,0.00456357843405821,0.0294214409712609,"Up","COVID19_vs_Healthy"
"FITM2",1.9286419078218,-1.31342255762637,0.463167281296109,-2.83574123360126,0.00457194726796895,0.0294532033137827,"Down","COVID19_vs_Healthy"
"VWA1",17.5294336883447,-1.11449124967053,0.393085477878556,-2.83523892992774,0.00457914244959649,0.0294866312612418,"Down","COVID19_vs_Healthy"
"COMMD5",6.90188618377436,-1.13846618173499,0.401973147983987,-2.83219460664158,0.00462297031968242,0.0297207229097743,"Down","COVID19_vs_Healthy"
"PTPN20",2.54421887794245,1.55157679322868,0.548086327960041,2.83089855388949,0.00464174407123567,0.0298169175807454,"Up","COVID19_vs_Healthy"
"HAUS7",3.61360862785316,-1.15115361682443,0.406767165692076,-2.83000623923481,0.00465470964039403,0.029863426179945,"Down","COVID19_vs_Healthy"
"KRT13",245.295263315956,2.24251680308441,0.792379259348103,2.83010537773206,0.00465326751420425,0.029863426179945,"Up","COVID19_vs_Healthy"
"SNORA64",79.0451736574725,1.21091369911927,0.428290963192766,2.82731554757147,0.00469400486883928,0.030035168446344,"Up","COVID19_vs_Healthy"
"ZBED2",2.59037631938419,2.60542252721546,0.92153748341552,2.82725616060555,0.00469487554146876,0.030035168446344,"Up","COVID19_vs_Healthy"
"CENPF",16.4843087271136,1.16444647418921,0.41208581854496,2.82573779971553,0.00471718595177586,0.0301406801851321,"Up","COVID19_vs_Healthy"
"ST8SIA5",5.4296132006202,-1.16828239593749,0.413896514283711,-2.82264371798182,0.00476294690402383,0.0303834460473563,"Down","COVID19_vs_Healthy"
"MYEOV2",6.61558481875649,-1.03738922052774,0.367556038959829,-2.82239743213991,0.00476660663736446,0.0303944012475465,"Down","COVID19_vs_Healthy"
"GRIN2D",11.7973803886065,-1.42568137280393,0.505425812633727,-2.82075299117557,0.00479110783159164,0.030538189551424,"Down","COVID19_vs_Healthy"
"FBLIM1",4.89092704727792,-1.03421931556832,0.366702298819694,-2.82032405822698,0.00479751739094996,0.0305643633222177,"Down","COVID19_vs_Healthy"
"PHACTR1",15.81146474144,1.80398413178381,0.639691114433745,2.82008627457753,0.00480107394210193,0.0305643633222177,"Up","COVID19_vs_Healthy"
"PROKR1",3.4006510391025,-2.39587069623052,0.850046180234857,-2.81851827811117,0.0048245864056378,0.030676606288265,"Down","COVID19_vs_Healthy"
"CXCR2",38.0271409123961,2.5483879760092,0.904503987168981,2.8174425012602,0.00484077813494641,0.0307545660802442,"Up","COVID19_vs_Healthy"
"LACTB2",4.17827378120727,1.2304953233737,0.437139608347326,2.81487950274234,0.0048795526149295,0.0309255728304645,"Up","COVID19_vs_Healthy"
"RDH14",3.43857278687321,-1.05489812661659,0.37483889167216,-2.8142707441874,0.00488880345086649,0.0309716584611979,"Down","COVID19_vs_Healthy"
"PCNX",46.5102144531973,1.05794658737702,0.376007307405734,2.81363305058174,0.00489851100200227,0.031020599012275,"Up","COVID19_vs_Healthy"
"SHROOM1",2.91636701245997,-1.32969569909659,0.473776460988735,-2.80658877885494,0.00500691134733868,0.0316430326183989,"Down","COVID19_vs_Healthy"
"LOC101927766",12.0003664274139,5.54087220819447,1.97601783192848,2.80405982105278,0.00504635411988346,0.0318537108785544,"Up","COVID19_vs_Healthy"
"ARL4D",10.3150766172393,-1.03236590639732,0.368453751995389,-2.80188734897247,0.00508046104827313,0.0319966778173273,"Down","COVID19_vs_Healthy"
"MGC72080",10.9702343610447,-1.04796000592849,0.374084444856014,-2.80139957792644,0.00508814744259618,0.0320142063456956,"Down","COVID19_vs_Healthy"
"SOST",3.3861621689826,-2.66832027546557,0.952605413951001,-2.80107611859827,0.00509325037480595,0.0320277343704844,"Down","COVID19_vs_Healthy"
"VNN2",14.9827190481447,1.61903418431238,0.578019262940112,2.80100385595649,0.00509439103068351,0.0320277343704844,"Up","COVID19_vs_Healthy"
"C6orf226",1.42277340966722,-1.15991281898109,0.414138083509741,-2.80078762414472,0.00509780559949593,0.0320363301288804,"Down","COVID19_vs_Healthy"
"NCKAP5L",74.8684273096161,1.93376454745324,0.690518314187455,2.80045367041239,0.00510308320837641,0.0320524845863588,"Up","COVID19_vs_Healthy"
"NUP62CL",6.51535224062263,1.01580234810679,0.362739165223033,2.80036578758242,0.00510447287763331,0.0320524845863588,"Up","COVID19_vs_Healthy"
"GPR160",6.48314894864517,1.28728556817057,0.459931163936507,2.79886571971514,0.0051282458836341,0.0321759388881742,"Up","COVID19_vs_Healthy"
"PDZD4",15.2506847860269,1.73554431458804,0.620265668920606,2.79806605709494,0.00514095974798336,0.0322304130125167,"Up","COVID19_vs_Healthy"
"DNAAF5",93.9097986903711,-1.30102096687508,0.465432363597159,-2.79529544705476,0.00518523040203051,0.0324294505719318,"Down","COVID19_vs_Healthy"
"ZNF654",6.48739075531573,1.25321537917547,0.448441049412623,2.79460451003975,0.00519632418391415,0.0324728757307862,"Up","COVID19_vs_Healthy"
"SEMA7A",19.9152679192422,1.98075036179766,0.70915075554017,2.79313015790119,0.00522006832640344,0.0325455437668844,"Up","COVID19_vs_Healthy"
"SNORD117",7.4010134455622,1.87701473609771,0.672006220977288,2.79315083328841,0.00521973467692306,0.0325455437668844,"Up","COVID19_vs_Healthy"
"CCDC18",8.38353564268628,1.15288912402177,0.412933513831161,2.79194854717741,0.00523916864149627,0.0326493472330281,"Up","COVID19_vs_Healthy"
"CMSS1",4.32452086756415,1.3990058004904,0.501116835251917,2.79177569395987,0.00524196803947509,0.032653788169469,"Up","COVID19_vs_Healthy"
"SNORD82",3.05220346089118,2.00011733950106,0.716529592669064,2.7913953030895,0.00524813331742564,0.032666185422067,"Up","COVID19_vs_Healthy"
"ADRA1A",5.0386332674889,-1.55140870900145,0.556165611826028,-2.78947255280275,0.00527939711561244,0.0327732539451761,"Down","COVID19_vs_Healthy"
"LOC643802",4.66212674421173,2.40808366793165,0.86322257614882,2.78964398576676,0.00527660281094987,0.0327732539451761,"Up","COVID19_vs_Healthy"
"TNNI2",65.3403838778004,-1.17623516229434,0.421677789554631,-2.78941692313618,0.00528030414929387,0.0327732539451761,"Down","COVID19_vs_Healthy"
"MRPL1",3.23116464933039,1.22000725495145,0.437464734745187,2.78881280719023,0.00529016324082845,0.0327771736847241,"Up","COVID19_vs_Healthy"
"RNU5F_1",9.80587366026323,-1.55079251062638,0.556376847867822,-2.78730597178768,0.00531482709256463,0.0328721005314037,"Down","COVID19_vs_Healthy"
"ORC3",25.6281986087083,1.23904482631586,0.444757694174445,2.78588733268744,0.00533814221250195,0.0329772006874183,"Up","COVID19_vs_Healthy"
"GRID2IP",4.50568263753008,-1.03683471673787,0.372268323889925,-2.78518114542682,0.0053497826931393,0.0330230373105498,"Down","COVID19_vs_Healthy"
"RPP25",5.37618551835657,-1.2872191469319,0.462314961346758,-2.78429048279583,0.00536449666940302,0.0330769365058615,"Down","COVID19_vs_Healthy"
"ATP11C",6.9977585557258,1.13329018399304,0.407187048066431,2.78321766218888,0.00538226845539813,0.0331702765507158,"Up","COVID19_vs_Healthy"
"MAN2B1",84.8207635778909,1.17541260601629,0.42252020726316,2.78190861835916,0.00540402539051553,0.0332790985087709,"Up","COVID19_vs_Healthy"
"FBXL6",2.64664188238609,-1.3992801981687,0.503076860246195,-2.78144416637236,0.00541176386922845,0.0333136432044401,"Down","COVID19_vs_Healthy"
"HIST1H4F",12.5847373450312,1.05518447331077,0.379537142980603,2.78018763861722,0.00543274971069573,0.0334165359563549,"Up","COVID19_vs_Healthy"
"FAM131C",12.0123874937574,3.03600130339091,1.0924541443186,2.77906520761524,0.00545155803631624,0.0335058837990089,"Up","COVID19_vs_Healthy"
"RPS6KA4",151.607715303079,1.60962269038363,0.579469553870349,2.77775196234687,0.0054736383991618,0.033615185898777,"Up","COVID19_vs_Healthy"
"LOC102723704",2.58490360591128,2.65428984219806,0.95571639059481,2.77727772414378,0.00548163186223415,0.0336246865465464,"Up","COVID19_vs_Healthy"
"PTPRD",2.49411346936628,-1.76530666742949,0.635619586468069,-2.77730061346712,0.00548124581221847,0.0336246865465464,"Down","COVID19_vs_Healthy"
"ZNF888",6.95797538076246,1.13555490033308,0.408922333530786,2.77694517325156,0.00548724341567407,0.0336459188747915,"Up","COVID19_vs_Healthy"
"SNRPG",9.6605306906859,1.16887649286368,0.421041689942037,2.77615381276042,0.00550061790196415,0.0337015148511884,"Up","COVID19_vs_Healthy"
"STK32B",3.93671613576653,-2.07594111330121,0.74801087843856,-2.77528198204101,0.00551538644152147,0.0337523531626625,"Down","COVID19_vs_Healthy"
"FAM175A",6.50583492449993,1.07823859976977,0.388845054885245,2.77292609542888,0.00555547359830307,0.0339843826685873,"Up","COVID19_vs_Healthy"
"UCMA",4.25139726041102,-1.93687336527792,0.698547779977854,-2.77271422341264,0.00555909161223261,0.0339932260837108,"Down","COVID19_vs_Healthy"
"MCTP2",40.9603849232967,1.02074963801341,0.368236896908941,2.7719917438524,0.00557144496356368,0.034055457339783,"Up","COVID19_vs_Healthy"
"TLR3",4.35707328720963,1.42347955952592,0.514172710653784,2.7684852385805,0.0056317536766542,0.0343034961200019,"Up","COVID19_vs_Healthy"
"EFNB1",5.88884082502287,-1.02813392617081,0.371862030486911,-2.76482631158817,0.00569531120680271,0.0346097979666209,"Down","COVID19_vs_Healthy"
"NT5DC2",5.21270634554387,-1.03786188039378,0.375889859172617,-2.7610797553258,0.00576106058156754,0.0349686097674045,"Down","COVID19_vs_Healthy"
"PNPLA8",12.3111461855055,1.04736768772961,0.379455331917576,2.76018703555105,0.00577682780351351,0.0350507179020471,"Up","COVID19_vs_Healthy"
"ADA",16.6269245333873,-1.78365449394227,0.646551369925038,-2.75872046199372,0.00580281491725726,0.0351583624175429,"Down","COVID19_vs_Healthy"
"BOD1",62.9546091949685,-1.63906755514679,0.594230657533687,-2.75830190577785,0.00581025087902069,0.0351852963447816,"Down","COVID19_vs_Healthy"
"NAT2",7.22560529323824,5.28762057019831,1.91726452696934,2.75789829510723,0.00581742945719004,0.0352151397083597,"Up","COVID19_vs_Healthy"
"NPDC1",4.23962786530788,-1.24587770158942,0.452578518334893,-2.75284321088238,0.00590801833698846,0.0356806912146644,"Down","COVID19_vs_Healthy"
"GATA2",61.8705485084467,-1.5379186175367,0.558881522055306,-2.75177932503646,0.00592724472432715,0.0356958839748619,"Down","COVID19_vs_Healthy"
"LAT",6.07056493529885,-1.11478541998046,0.405193463157917,-2.75124236035859,0.00593697006659113,0.0357153743502062,"Down","COVID19_vs_Healthy"
"DAO",10.0402570935616,4.54592739274889,1.65349341258719,2.74928666672821,0.00597251268353674,0.0358731399358486,"Up","COVID19_vs_Healthy"
"GRIK5",3.28400200104939,-1.82194214223114,0.662940469700079,-2.74827412943338,0.00599098968365317,0.0359597263405465,"Down","COVID19_vs_Healthy"
"C1D",5.96190737050964,1.15266062845084,0.419439906837507,2.74809480371496,0.00599426742159699,0.0359656045295819,"Up","COVID19_vs_Healthy"
"C4orf33",6.81791394898225,1.03317229468359,0.376099414311191,2.74707233079795,0.00601298719944062,0.0360364702017797,"Up","COVID19_vs_Healthy"
"MLLT4_AS1",157.73199676131,-1.66404584084617,0.606371769816597,-2.74426667545799,0.0060646249345206,0.0362948233943849,"Down","COVID19_vs_Healthy"
"NUDT12",7.34132487388984,1.04901343102644,0.382262017554834,2.74422616648268,0.00606537341361941,0.0362948233943849,"Up","COVID19_vs_Healthy"
"BFSP1",1.94781303834207,-1.24042777787402,0.452161710253344,-2.74332777355035,0.006081994304198,0.03636646804436,"Down","COVID19_vs_Healthy"
"FGFBP3",3.25481822683945,-1.00924077565459,0.368024808675617,-2.74231723477138,0.00610073898820079,0.0364228781714483,"Down","COVID19_vs_Healthy"
"ZNF358",6.27895715446732,-1.02416068069045,0.37348499808689,-2.74217354361362,0.00610340856517777,0.0364249188512211,"Down","COVID19_vs_Healthy"
"APTX",15.760129217344,1.08519140318442,0.396007209110169,2.74033244400488,0.00613770679914278,0.0365819380803448,"Up","COVID19_vs_Healthy"
"F5",8.80656744323433,1.84045346406492,0.671665417117148,2.74013432456345,0.0061414079330947,0.0365819380803448,"Up","COVID19_vs_Healthy"
"SNHG17",2.85465832479902,-1.09343719561956,0.399114596317277,-2.7396572455855,0.00615032864989303,0.0366211349747055,"Down","COVID19_vs_Healthy"
"LOC101927070",1.85349683511084,2.23317235991903,0.815783598637827,2.73745680061222,0.00619162514176333,0.0367970186928646,"Up","COVID19_vs_Healthy"
"ERO1A",37.8813803385368,1.16562347833864,0.426177744349263,2.73506416933725,0.00623681164607571,0.0369820841290105,"Up","COVID19_vs_Healthy"
"LIPE",77.3075340087758,-1.78418141712087,0.652337151826473,-2.73506025546047,0.00623688580494384,0.0369820841290105,"Down","COVID19_vs_Healthy"
"SGPP1",11.5575891817651,2.56463290451288,0.937700458728344,2.73502362149944,0.00623757997185066,0.0369820841290105,"Up","COVID19_vs_Healthy"
"B3GALT5_AS1",9.09107767522578,1.7415413522331,0.636807860770633,2.73479876665714,0.00624184220863799,0.0369830923440997,"Up","COVID19_vs_Healthy"
"EVPLL",4.57132017491756,-1.61387480470361,0.590183817261608,-2.73452906959025,0.00624695791071824,0.0369993934091291,"Down","COVID19_vs_Healthy"
"SLC26A4",23.9360506073022,1.53333342621807,0.560857166576392,2.73391073092266,0.0062587010106966,0.037054919945282,"Up","COVID19_vs_Healthy"
"CARD8_AS1",2.52613171758485,1.93733984864493,0.709128426024511,2.73200139431157,0.00629508745683882,0.0371814713900495,"Up","COVID19_vs_Healthy"
"CEP19",5.91304334441878,1.12924187538876,0.413320874097931,2.73211915041387,0.00629283786782059,0.0371814713900495,"Up","COVID19_vs_Healthy"
"TFF3",12.6556824415171,-1.40068147272945,0.51278938973593,-2.7314946462733,0.00630477653227802,0.0372150672112736,"Down","COVID19_vs_Healthy"
"SLC35E1",103.656348231605,-1.3414343186134,0.491683724084214,-2.72824633581656,0.00636720399684179,0.0375269333870359,"Down","COVID19_vs_Healthy"
"LOC102724312",1.17180134895261,-1.4846689712951,0.544278377619607,-2.72777503634863,0.00637630769990058,0.037541229378166,"Down","COVID19_vs_Healthy"
"RNF208",1.64148669010585,-1.26463878766433,0.463630864392118,-2.72768464050045,0.00637805514006335,0.037541229378166,"Down","COVID19_vs_Healthy"
"LINC00685",2.7228272940426,-1.31537464760701,0.482434152052526,-2.72653716991369,0.00640027435306259,0.0376509372468885,"Down","COVID19_vs_Healthy"
"TRMT61A",5.68063009719501,-1.03933713601863,0.381355122683524,-2.72537871972196,0.00642277679868622,0.0377549253740954,"Down","COVID19_vs_Healthy"
"C11orf74",18.5332807087677,1.14448637716343,0.420063752074514,2.72455400284197,0.00643883995378303,0.0378351361610202,"Up","COVID19_vs_Healthy"
"FBXO39",2.75775809868562,1.87070380115901,0.687335565699958,2.72167467320558,0.00649520491978851,0.0380805419950733,"Up","COVID19_vs_Healthy"
"SEPT4",6.32318740670539,-1.76476839558883,0.649042975252093,-2.71903165565175,0.00654733417944795,0.0383717922247197,"Down","COVID19_vs_Healthy"
"ADARB1",7.31384869588639,-1.10149680372521,0.405152188421294,-2.71872356907976,0.00655343511274197,0.0383787996422853,"Down","COVID19_vs_Healthy"
"FZD8",3.67381857275062,-1.07156745564216,0.394588633068826,-2.71565718279384,0.00661443697669265,0.0386636943635736,"Down","COVID19_vs_Healthy"
"MIR3609",38.8286492934489,1.53126482801069,0.563916904067177,2.71540863018406,0.00661940391548496,0.0386638419072448,"Up","COVID19_vs_Healthy"
"MED7",5.41388639677275,1.18824832383847,0.437811444474637,2.71406409959051,0.00664633046018233,0.0387632422813765,"Up","COVID19_vs_Healthy"
"LOC100507250",5.56538274688163,2.35225631285766,0.867912944844609,2.71024453181627,0.00672336196887038,0.0391038870756105,"Up","COVID19_vs_Healthy"
"NOL11",14.8620065642142,1.12478334552203,0.415022082768543,2.71017710194789,0.00672472904655341,0.0391038870756105,"Up","COVID19_vs_Healthy"
"C8orf76",3.15985366244327,-1.21362816943044,0.44792672797108,-2.70943458749976,0.00673979936681881,0.0391556881863509,"Down","COVID19_vs_Healthy"
"NCKAP1L",15.2695133726548,1.25046570265162,0.461564102098788,2.70919184781832,0.0067447326721034,0.0391619951217343,"Up","COVID19_vs_Healthy"
"OSGIN2",10.8042235034633,1.14656259591616,0.42338312583472,2.70809705430669,0.00676702299499644,0.0392622824715255,"Up","COVID19_vs_Healthy"
"GMFG",11.8237725818641,1.74698182397276,0.645493756682262,2.70642714338862,0.00680115040617826,0.0394018517422723,"Up","COVID19_vs_Healthy"
"FCHO1",12.1847449901636,-1.4358089620249,0.530667399779915,-2.70566641670541,0.00681674833832041,0.0394776010355432,"Down","COVID19_vs_Healthy"
"AXDND1",16.9974611641427,1.14045034864307,0.421802669118914,2.70375327644397,0.00685611751610043,0.0396322596571628,"Up","COVID19_vs_Healthy"
"ZNF221",3.44927762038769,1.37346618114902,0.508124020576883,2.70301368470968,0.00687139172927605,0.039705885443025,"Up","COVID19_vs_Healthy"
"KIF26B",6.63426470928918,-1.15662129359994,0.427957717959287,-2.70265319460828,0.00687884772779388,0.0397227218445908,"Down","COVID19_vs_Healthy"
"DPH5",5.29027294570246,1.15648981894281,0.427939316379993,2.70246218254902,0.00688280136588377,0.0397278036788452,"Up","COVID19_vs_Healthy"
"LOC101927027",4.40227542065948,1.29626594682328,0.479723515498769,2.70211049686723,0.00689008602594824,0.0397551866275952,"Up","COVID19_vs_Healthy"
"PARP15",5.48040696530364,1.47776710854966,0.547106202974739,2.70106078219312,0.00691187055671298,0.0398661815228325,"Up","COVID19_vs_Healthy"
"LUZP1",79.1819238595629,1.23978368835264,0.459194286737284,2.69991096178849,0.00693580355195381,0.0399894819384573,"Up","COVID19_vs_Healthy"
"CD177",20.3412585782871,1.69817692111636,0.629005193998606,2.69978203251549,0.00693849179296441,0.0399902466211076,"Up","COVID19_vs_Healthy"
"SNORA38B",69.7681098728775,-1.0729284720637,0.39752770665881,-2.69900299800881,0.00695475498133441,0.0400544740330957,"Down","COVID19_vs_Healthy"
"RNASE7",7.95982614717549,3.51264503521626,1.30189518834389,2.69810125013567,0.00697362269214313,0.0401188411347999,"Up","COVID19_vs_Healthy"
"MARCH1",4.57786565912247,1.42890775816854,0.530105669788722,2.69551495032687,0.00702799238700189,0.0403574403199286,"Up","COVID19_vs_Healthy"
"LY6H",2.71406451028317,-1.14565420604938,0.425092295706838,-2.69507167648004,0.00703734909406858,0.0403815323153594,"Down","COVID19_vs_Healthy"
"CYP2A7",3.12471053596053,-1.61664964639768,0.600032579947026,-2.69426977871836,0.0070543041278936,0.0404343410231791,"Down","COVID19_vs_Healthy"
"MYOM2",3.16434474792059,-1.49909472070368,0.556624310552402,-2.69318944983908,0.00707720420152235,0.0405123584621643,"Down","COVID19_vs_Healthy"
"ABHD11_AS1",3.03760289836087,-1.06518700011046,0.395947873942548,-2.6902202795134,0.00714048685426743,0.0407789555823273,"Down","COVID19_vs_Healthy"
"C17orf67",2.49782275596367,1.42562643277917,0.530001818868819,2.68985196281379,0.00714837218907513,0.0407919565687311,"Up","COVID19_vs_Healthy"
"C1QL3",10.0486642937464,2.02088230326959,0.751778842807373,2.68813404713945,0.00718525459897253,0.0409350134550094,"Up","COVID19_vs_Healthy"
"LINC00548",3.28153872305099,-1.54570539040747,0.57515412282616,-2.68746294091098,0.00719970909962664,0.040952761901475,"Down","COVID19_vs_Healthy"
"P2RX6",119.326887192381,1.779663215657,0.662145564348778,2.68772202288678,0.00719412581910437,0.040952761901475,"Up","COVID19_vs_Healthy"
"SNORD1C",28.6569706497834,1.59382153822958,0.593155447839293,2.68702166360512,0.00720922768832279,0.0409771140090356,"Up","COVID19_vs_Healthy"
"GPR37",1.42100200372667,-1.71244333949285,0.63830176937918,-2.68281151900674,0.00730061228650594,0.0413912974852337,"Down","COVID19_vs_Healthy"
"PPP1R9A",7.25979426889082,1.22986990316747,0.45852283669046,2.68224351058382,0.00731302061679466,0.0414316244068077,"Up","COVID19_vs_Healthy"
"SNORD63",23.0020845590727,1.76973533086467,0.659848672610387,2.68203211482342,0.00731764345595894,0.0414428102782647,"Up","COVID19_vs_Healthy"
"DND1",1.3458139268229,-1.2597322099214,0.470014218454336,-2.68020021620642,0.00735781366972161,0.0415950391270967,"Down","COVID19_vs_Healthy"
"NPEPL1",4.04192501592478,-1.13303209063219,0.423094857659089,-2.67796232953778,0.00740715484600177,0.0418286391303629,"Down","COVID19_vs_Healthy"
"FEZF1",1.39274530680782,-1.3304146667307,0.496910456224344,-2.67737305598183,0.00742019648341843,0.041872064396874,"Down","COVID19_vs_Healthy"
"ZC3H12A",56.7212044929755,-1.19364918490245,0.445996575703286,-2.67636401248195,0.0074425761871665,0.0419680836673086,"Down","COVID19_vs_Healthy"
"C15orf65",2.38731683341517,1.77937499444864,0.665065286404448,2.67548920508015,0.00746202762488262,0.0420408671268105,"Up","COVID19_vs_Healthy"
"FRG1BP",4.75095336336667,1.22708163788267,0.458649189559999,2.67542528323197,0.00746345071995882,0.0420408671268105,"Up","COVID19_vs_Healthy"
"FGF14",5.06269357626029,1.71545423511577,0.641402341258309,2.67453690884628,0.00748325385335142,0.0421215670133968,"Up","COVID19_vs_Healthy"
"LOC100129203",2.00852052929582,-1.29437753851676,0.484115167156061,-2.67369755449016,0.00750200753928445,0.0421788968088962,"Down","COVID19_vs_Healthy"
"SNORD116_25",4.78789699590037,1.86566730358539,0.697900199298197,2.67325801806832,0.00751184490088167,0.0421914389838465,"Up","COVID19_vs_Healthy"
"VSIG2",11.1667301407008,-1.02856537245471,0.384755466606906,-2.67329631863441,0.00751098722763648,0.0421914389838465,"Down","COVID19_vs_Healthy"
"GABRG3",8.79976355850216,2.42220505550431,0.906184643638718,2.67297075988633,0.00751828033821489,0.0422124329861451,"Up","COVID19_vs_Healthy"
"ZNF845",4.59951282981899,1.44020614329031,0.539127738632161,2.67136346377633,0.00755437985150271,0.0423543303175616,"Up","COVID19_vs_Healthy"
"SYT12",3.0825068904579,-1.51294845959503,0.566693944634561,-2.66978052954257,0.00759008401857107,0.0425248421859187,"Down","COVID19_vs_Healthy"
"NFE2",8.88977810586465,2.50512855566054,0.938793892887683,2.66845425246098,0.00762011550509688,0.0426464833418298,"Up","COVID19_vs_Healthy"
"FCAR",12.5740051883927,2.88729194472469,1.08318726658074,2.66555196299428,0.00768620522294517,0.0428399181907888,"Up","COVID19_vs_Healthy"
"LCP1",98.8239517148247,1.35775306933253,0.509360240623636,2.66560473520697,0.00768499894509952,0.0428399181907888,"Up","COVID19_vs_Healthy"
"RPS26",26.3033700084604,1.12075811559998,0.42043658916912,2.66570071319164,0.00768280549593596,0.0428399181907888,"Up","COVID19_vs_Healthy"
"RPS7",28.514502194818,1.06168175862804,0.39823798946073,2.66594796761029,0.00767715740953593,0.0428399181907888,"Up","COVID19_vs_Healthy"
"TNFSF15",2.50669423415177,2.25276576375917,0.845021376931535,2.66592754367881,0.00767762381679234,0.0428399181907888,"Up","COVID19_vs_Healthy"
"ZNF585A",11.0635433402326,1.96175941432467,0.736317023402306,2.66428637662071,0.00771518513186303,0.0429481383647786,"Up","COVID19_vs_Healthy"
"BIRC5",1.69212885606694,-1.38413762955233,0.5197306619038,-2.66318255013502,0.00774054090285925,0.0430579394888543,"Down","COVID19_vs_Healthy"
"GPC4",9.30186618982838,1.10045807813276,0.413327131289597,2.66243852587001,0.00775767383479677,0.0431232966845115,"Up","COVID19_vs_Healthy"
"MRGPRF",8.56519628438125,-1.64714760057038,0.619344376654342,-2.65950198735664,0.00782562683339958,0.0433828330152597,"Down","COVID19_vs_Healthy"
"ZCCHC10",5.55527851468833,1.18419185065443,0.445352520268392,2.65899887563402,0.00783732245489608,0.0433964691345414,"Up","COVID19_vs_Healthy"
"KRT24",19.4767416632347,-1.80397310971841,0.678513763931309,-2.65871262399481,0.00784398381044861,0.0434179903310576,"Down","COVID19_vs_Healthy"
"LINC01272",5.27718745694178,2.66021128519782,1.00158694437828,2.65599636669496,0.00790744663363763,0.0437383262365364,"Up","COVID19_vs_Healthy"
"CNN1",8.89376239475741,3.14139508084128,1.18351300034496,2.65429706300283,0.00794738275412876,0.0439436909316632,"Up","COVID19_vs_Healthy"
"CIB2",2.20506361310364,-1.41920377333468,0.534808972282505,-2.65366485397147,0.00796228663096224,0.0439911108041789,"Down","COVID19_vs_Healthy"
"MYOD1",39.7606002313549,1.96441157258981,0.740794593978247,2.65176283487767,0.00800727641618657,0.044114513700399,"Up","COVID19_vs_Healthy"
"HIST1H2BK",12.6318939063278,1.11702160160536,0.421390445804738,2.65079954404795,0.00803014852649221,0.0441438075752565,"Up","COVID19_vs_Healthy"
"LOC102724084",3.25188164642016,-2.04869009577902,0.772974489824749,-2.65039806972608,0.00803969827907047,0.0441576688911529,"Down","COVID19_vs_Healthy"
"TMEM232",24.587254484687,1.09092898046294,0.411655526187004,2.65010162882487,0.00804675615689445,0.0441809264361699,"Up","COVID19_vs_Healthy"
"SNORD111B",4.58385465181526,1.96110447617018,0.740287898696901,2.64911054148289,0.00807039296957733,0.0442836351621909,"Up","COVID19_vs_Healthy"
"SH3TC2",8.7898066976875,-1.24457275902763,0.470151340059098,-2.64717475626292,0.00811673958018734,0.0444871246762773,"Down","COVID19_vs_Healthy"
"CCNH",10.2500283146474,1.03163688706122,0.389820252699798,2.64644250758229,0.00813433310627448,0.0445367545300851,"Up","COVID19_vs_Healthy"
"MYO16",3.96838112314174,-1.46292735111858,0.552772786402892,-2.64652563784556,0.00813233404343593,0.0445367545300851,"Down","COVID19_vs_Healthy"
"PLEKHG2",33.2325759248441,1.53515707147288,0.580287453060795,2.64551139848969,0.00815675388822558,0.0446438911657761,"Up","COVID19_vs_Healthy"
"JPH3",4.96923046987739,-1.28084145120378,0.484419281864918,-2.64407611165433,0.00819142345111906,0.0447745318695743,"Down","COVID19_vs_Healthy"
"KLHL17",4.10220967481868,-1.31005473852752,0.49547285511297,-2.64404946710717,0.00819206829898972,0.0447745318695743,"Down","COVID19_vs_Healthy"
"KIAA1143",6.98242590939952,1.21403338304583,0.460114121248427,2.63854841001575,0.00832618116013701,0.0453333621412053,"Up","COVID19_vs_Healthy"
"CD86",5.20571622402863,1.53305373185848,0.581076747307577,2.63829819204072,0.00833232778017427,0.0453384431307245,"Up","COVID19_vs_Healthy"
"DLEU2",4.43558087978659,1.46700170708325,0.556045888416665,2.63827453388878,0.00833290915413878,0.0453384431307245,"Up","COVID19_vs_Healthy"
"TXNDC5",1.8455891325309,-1.06610594559168,0.404153770626866,-2.63787207512152,0.00834280471202064,0.0453765061291967,"Down","COVID19_vs_Healthy"
"STXBP4",9.33181810491205,1.23163337536341,0.467098139361652,2.63677645354484,0.00836979687162304,0.0455074987655168,"Up","COVID19_vs_Healthy"
"LAPTM5",64.4315072529166,1.33824973072878,0.507675717456737,2.63603257889289,0.00838816775415436,0.0455915418607181,"Up","COVID19_vs_Healthy"
"LINC01410",1.56979221362647,1.87851456578278,0.71271063644753,2.63573246941584,0.00839558952480363,0.0456160364180997,"Up","COVID19_vs_Healthy"
"HTRA2",3.48333568291585,-1.16779755765572,0.443187548507961,-2.63499631609065,0.00841381963183061,0.0456992188819456,"Down","COVID19_vs_Healthy"
"DOCK10",18.9785247014205,1.19549501134446,0.453911538977394,2.63376210712281,0.00844446304213575,0.0458338389467014,"Up","COVID19_vs_Healthy"
"DCLK1",6.93273312188928,1.55608107828368,0.591068583288023,2.63265739760256,0.00847197580086607,0.0459512919694808,"Up","COVID19_vs_Healthy"
"APOL1",260.938724211101,1.08076213799656,0.410806539700714,2.63082992491778,0.00851766497442622,0.0460872826832025,"Up","COVID19_vs_Healthy"
"MYCBPAP",45.8429926646283,1.03702847305822,0.394308743592938,2.62999106641365,0.00853871119875139,0.0461851893667686,"Up","COVID19_vs_Healthy"
"TESPA1",2.96253042422836,1.96531697421151,0.749084880673203,2.62362387082927,0.00869998027859359,0.0469408175371154,"Up","COVID19_vs_Healthy"
"CD96",5.77404746324592,1.26770348998388,0.483434863428149,2.62228396395389,0.00873426229300184,0.0470315679149666,"Up","COVID19_vs_Healthy"
"CECR7",1.32376842424845,-1.64711997151492,0.628238143585183,-2.62180828772232,0.00874646164940797,0.0470810567216842,"Down","COVID19_vs_Healthy"
"FSCN1",4.4018626556058,-1.35665676694179,0.517703333781056,-2.62052932329684,0.0087793379509666,0.0472417745036883,"Down","COVID19_vs_Healthy"
"GGCX",27.1647718829332,1.38937390384146,0.530346967690426,2.61974516398567,0.00879954964627652,0.0473017357832137,"Up","COVID19_vs_Healthy"
"CCRL2",3.82785421859652,2.30988593268519,0.882639438026878,2.61702098633717,0.00887008876102781,0.0475176819351466,"Up","COVID19_vs_Healthy"
"GNLY",3.54412878556029,2.04405802652697,0.780977280496571,2.61730792632955,0.00886263508840962,0.0475176819351466,"Up","COVID19_vs_Healthy"
"CAPS2",18.3380048275288,1.00492684021912,0.384300478229867,2.61495079279612,0.00892403111641664,0.047724962033386,"Up","COVID19_vs_Healthy"
"SNORA77",26.3167265565112,-1.14231901958374,0.436935281147781,-2.61438951915943,0.00893870643778064,0.0477607465531307,"Down","COVID19_vs_Healthy"
"THBS4",6.90258630758688,1.84434957243282,0.70547298769095,2.6143447086039,0.00893987900396982,0.0477607465531307,"Up","COVID19_vs_Healthy"
"CRISP3",2.92812044345349,3.97363333019555,1.52006720887617,2.61411686732811,0.00894584309453026,0.0477762978645766,"Up","COVID19_vs_Healthy"
"BEST1",24.9956563205818,2.09844857394252,0.802820355869196,2.61384574843095,0.0089529446723382,0.0477816092199004,"Up","COVID19_vs_Healthy"
"THAP2",1.69039368080094,1.51523617755392,0.579757127440476,2.61357058988377,0.00896015721059256,0.0478037981695712,"Up","COVID19_vs_Healthy"
"SNORA22",36.0992471798425,1.45577516107272,0.557403130441848,2.61170969728631,0.00900907185218497,0.0479829667607183,"Up","COVID19_vs_Healthy"
"SNORD14D",157.776960961231,1.58995057512843,0.608997381034462,2.61076750843771,0.00903392864512011,0.0480673979072323,"Up","COVID19_vs_Healthy"
"NCAPH",8.77574455841085,-1.24507900857454,0.477137060729071,-2.60947872435657,0.0090680284679393,0.0482313084521802,"Down","COVID19_vs_Healthy"
"LYSMD2",7.74897834237677,1.03361364463124,0.39637992792182,2.60763366614041,0.00911704672727788,0.0484426306242595,"Up","COVID19_vs_Healthy"
"FOLR1",1.49470552309103,-1.54732866880028,0.59347000545688,-2.6072567350882,0.00912708982625711,0.0484647873387505,"Down","COVID19_vs_Healthy"
"METRN",6.24159102262323,-1.03970999056984,0.398797196716654,-2.60711459140108,0.00913087972210529,0.0484653249866073,"Down","COVID19_vs_Healthy"
"MMP25_AS1",7.03957488590491,1.90531176815851,0.731057504934629,2.60624062443471,0.00915421269101251,0.0485576678606657,"Up","COVID19_vs_Healthy"
"HNF4G",3.35834077338268,1.34107856062432,0.514619415226195,2.60596184470589,0.00916166667618063,0.0485807387830818,"Up","COVID19_vs_Healthy"
"ERMN",3.45735985019739,1.79321363143369,0.688448118552357,2.60471861729304,0.00919497396278713,0.0486910071023884,"Up","COVID19_vs_Healthy"
"GAS5",8.6876731776624,1.10506314646033,0.424297713970253,2.60445227507827,0.00920212357411016,0.0486910071023884,"Up","COVID19_vs_Healthy"
"MASP2",2.3754758258205,-1.22424942604659,0.470307602769304,-2.60308236319775,0.0092389755290735,0.0488417192834264,"Down","COVID19_vs_Healthy"
"LSM5",13.2863515980242,1.05286127991125,0.404930863462521,2.60010133806138,0.00931962346654188,0.0492015749002859,"Up","COVID19_vs_Healthy"
"UBE2D1",11.9752145180346,1.06138747667453,0.408463656143986,2.59848694176204,0.00936356063469699,0.0493502852178304,"Up","COVID19_vs_Healthy"
"PHLDA3",19.1723096508412,-1.01640421748998,0.391179188728653,-2.59830851634346,0.00936842795707736,0.0493593133576924,"Down","COVID19_vs_Healthy"
"MACC1_AS1",1.14746849854414,-1.33602193788016,0.514871932566415,-2.59486263160756,0.00946287309688008,0.0497563972513372,"Down","COVID19_vs_Healthy"
"LAMC3",5.09739761419315,-2.01661729506137,0.777658698925345,-2.59319068615597,0.00950900318139195,0.0499318395243024,"Down","COVID19_vs_Healthy"
"ETV7",9.06745222942211,1.20861104105079,0.466158252106218,2.59270545054172,0.0095224286485374,0.0499688006345786,"Up","COVID19_vs_Healthy"
