"ID","Description","GeneRatio","BgRatio","RichFactor","FoldEnrichment","zScore","pvalue","p.adjust","qvalue","geneID","Count"
"GO:0009617","response to bacterium","64/694","379/12561",0.168865435356201,3.05636705116604,9.83026052407401,5.23124170913788e-16,2.2044452562307e-12,1.48286652392072e-12,"NLRC4/PLAA/GHSR/VIL1/PDE4B/IL27/ZNFX1/SLC11A1/CSF2RB/SBNO2/CXCL8/IL10/IL18R1/CARD16/CXCL9/CD200/FGR/MMP8/IRAK2/CD80/CD86/APOL1/GBP2/IL10RA/CCL2/NLRP3/IL6/EDN1/FGB/S100A12/GCH1/S100A9/ITGAM/GBP7/TNIP3/SERPINE1/E2F1/CSF3/TREM1/GBP4/IL1B/MPO/TNFAIP3/KRT6A/SOD2/DAB2IP/IL36RN/SPN/RNASE7/EMILIN2/RASGRP4/AQP1/STATH/GBP5/GBP1/CXCL10/CD274/OPTN/TNF/BPI/CHGA/NOCT/ZFP36/IL18RAP",64
"GO:0019221","cytokine-mediated signaling pathway","63/694","399/12561",0.157894736842105,2.85780373123009,9.11985351877411,2.35385208193281e-14,4.95956633663244e-11,3.3361567373786e-11,"IFNL1/LILRB3/OASL/IL20RA/IL27/INHBA/IFNG/NFKBIA/CSF2RB/OSM/ZBP1/SH2B3/IL1R2/CMKLR1/SPHK1/CSF3R/IL13RA1/MMP12/PDGFB/LILRA6/CXCR2/IFITM2/IRS1/CSF1R/IL10/IL18R1/CARD16/IL2RA/CXCL9/MMP8/IRAK2/CXCL11/TP53/USP18/LILRA1/IRF7/IL10RA/CCL2/SLIT2/PADI2/PLVAP/IL6/EDN1/PXDN/CCL8/CSF3/PRLR/IL1B/SOCS3/CSF1/PLCB1/TNFAIP3/AIM2/CCRL2/DAB2IP/IL36RN/IL1RN/LILRB4/CXCL10/TNF/EGR1/RPS6KA4/IL18RAP",63
"GO:0050727","regulation of inflammatory response","51/694","300/12561",0.17,3.07690201729107,8.80476508013596,4.32625726893225e-13,6.07694937709351e-10,4.0877879699589e-10,"NLRC4/GHSR/FFAR2/NUPR1/IFNG/NR4A3/NFKBIA/OSM/ZBP1/SBNO2/IL1R2/CMKLR1/CD69/SPHK1/IL10/GGT1/IL18R1/CD200/FGR/MVK/MMP8/USP18/GBP2/IL10RA/PDCD1/TEK/NLRP3/IL6/TNFAIP6/LRRK2/S100A12/S100A9/SERPINE1/CASP5/MEFV/CST7/NCF1/IL1B/GPER1/TNFSF14/TNFAIP3/AIM2/RHBDF2/IL36RN/NLRP12/IL1RN/GBP5/GBP1/PIK3AP1/TNF/C2CD4A",51
"GO:0006935","chemotaxis","51/694","319/12561",0.15987460815047,2.8936382607753,8.28457545072554,4.86557079825015e-12,4.10070306876522e-09,2.75842427387298e-09,"FFAR2/PDE4B/VEGFA/NRP1/CMKLR1/PDGFB/CXCR2/CXCL8/CSF1R/ANGPT1/IL10/CXCL9/HBEGF/EFNA5/CXCL11/FGF2/PROK2/SLC8B1/AIF1/CCL17/ROBO3/CCL2/SLIT2/PADI2/IL6/EDN1/TNFAIP6/BMP4/CMTM2/S100A12/CCL8/SEMA6A/S100A9/ITGB2/SERPINE1/SCRIB/PLAUR/JAM3/TREM1/C3AR1/TYMP/CSF1/ATOH7/S1PR1/PDGFRB/CCRL2/PIP5K1C/SPN/KDR/CXCL10/CHGA",51
"GO:0042330","taxis","51/694","319/12561",0.15987460815047,2.8936382607753,8.28457545072554,4.86557079825015e-12,4.10070306876522e-09,2.75842427387298e-09,"FFAR2/PDE4B/VEGFA/NRP1/CMKLR1/PDGFB/CXCR2/CXCL8/CSF1R/ANGPT1/IL10/CXCL9/HBEGF/EFNA5/CXCL11/FGF2/PROK2/SLC8B1/AIF1/CCL17/ROBO3/CCL2/SLIT2/PADI2/IL6/EDN1/TNFAIP6/BMP4/CMTM2/S100A12/CCL8/SEMA6A/S100A9/ITGB2/SERPINE1/SCRIB/PLAUR/JAM3/TREM1/C3AR1/TYMP/CSF1/ATOH7/S1PR1/PDGFRB/CCRL2/PIP5K1C/SPN/KDR/CXCL10/CHGA",51
"GO:0031640","killing of cells of another organism","19/694","53/12561",0.358490566037736,6.48847262247839,9.68276929812271,2.01331419892497e-11,1.21201514775283e-08,8.15287512360619e-09,"CXCL8/CXCL9/CXCL11/CCL17/GBP2/PRF1/S100A12/CCL8/GBP7/TREM1/MPO/KRT6A/GZMB/RNASE7/STATH/GBP5/GBP1/CXCL10/CHGA",19
"GO:0141061","disruption of cell in another organism","19/694","53/12561",0.358490566037736,6.48847262247839,9.68276929812271,2.01331419892497e-11,1.21201514775283e-08,8.15287512360619e-09,"CXCL8/CXCL9/CXCL11/CCL17/GBP2/PRF1/S100A12/CCL8/GBP7/TREM1/MPO/KRT6A/GZMB/RNASE7/STATH/GBP5/GBP1/CXCL10/CHGA",19
"GO:0032496","response to lipopolysaccharide","41/694","232/12561",0.176724137931034,3.19860503825897,8.17393855565752,2.60565249576645e-11,1.37252745214498e-08,9.23259494058845e-09,"PLAA/GHSR/PDE4B/SLC11A1/CSF2RB/SBNO2/CXCL8/IL10/IL18R1/CARD16/CXCL9/CD200/MMP8/IRAK2/CD80/CD86/GBP2/IL10RA/CCL2/NLRP3/IL6/EDN1/GCH1/TNIP3/SERPINE1/E2F1/CSF3/IL1B/MPO/TNFAIP3/SOD2/DAB2IP/IL36RN/GBP5/CXCL10/CD274/TNF/BPI/NOCT/ZFP36/IL18RAP",41
"GO:0032102","negative regulation of response to external stimulus","47/694","295/12561",0.159322033898305,2.88363698529771,7.91700320595022,3.89786582813103e-11,1.82506739997157e-08,1.22767001977827e-08,"GHSR/SERPINB9/NR4A3/CD109/SH2B3/IL1R2/CD69/SPP1/MMP12/PDGFB/IL10/IL18R1/CARD16/SERPINE2/CD200/FGR/MVK/FGF2/AIF1/USP18/ROBO3/IL10RA/CCL2/SLIT2/THBD/PADI2/PDCD1/TEK/NLRP3/EDN1/TNFAIP6/FGB/SERPINE1/MEFV/PLAUR/CST7/IL1B/GPER1/TNFSF14/TNFAIP3/RHBDF2/IL36RN/NLRP12/IL1RN/KLRD1/TNF/CR1",47
"GO:0002237","response to molecule of bacterial origin","41/694","240/12561",0.170833333333333,3.091984870317,7.91307469256813,7.84404117341232e-11,3.30547895047595e-08,2.22350002447619e-08,"PLAA/GHSR/PDE4B/SLC11A1/CSF2RB/SBNO2/CXCL8/IL10/IL18R1/CARD16/CXCL9/CD200/MMP8/IRAK2/CD80/CD86/GBP2/IL10RA/CCL2/NLRP3/IL6/EDN1/GCH1/TNIP3/SERPINE1/E2F1/CSF3/IL1B/MPO/TNFAIP3/SOD2/DAB2IP/IL36RN/GBP5/CXCL10/CD274/TNF/BPI/NOCT/ZFP36/IL18RAP",41
"GO:0141060","disruption of anatomical structure in another organism","19/694","57/12561",0.333333333333333,6.03314121037464,9.2099260746785,8.73864258758646e-11,3.34769453309903e-08,2.25189722512457e-08,"CXCL8/CXCL9/CXCL11/CCL17/GBP2/PRF1/S100A12/CCL8/GBP7/TREM1/MPO/KRT6A/GZMB/RNASE7/STATH/GBP5/GBP1/CXCL10/CHGA",19
"GO:0071216","cellular response to biotic stimulus","35/694","189/12561",0.185185185185185,3.3517451168748,7.87780599087463,2.02888673334982e-10,6.62016975231451e-08,4.45319659475923e-08,"PLAA/GHSR/PDE4B/SBNO2/CXCL8/IL10/IL18R1/CARD16/CXCL9/CD200/MMP8/IRAK2/TP53/CD80/CD86/GBP2/CCL2/NLRP3/IL6/SMC1A/TNIP3/SERPINE1/CSF3/TIGAR/IL1B/TNFAIP3/DAB2IP/IL36RN/GBP5/CXCL10/CD274/TNF/BPI/ZFP36/IL18RAP",35
"GO:0050900","leukocyte migration","43/694","268/12561",0.16044776119403,2.90401200051615,7.61924995685573,2.15308924704396e-10,6.62016975231451e-08,4.45319659475923e-08,"CHST2/FFAR2/PDE4B/MSN/VEGFA/CMKLR1/CD69/MYO1G/PDGFB/CXCR2/CXCL8/CSF1R/IL10/CXCL9/CD200/CXCL11/SLC8B1/AIF1/CCL2/SLIT2/PADI2/PLVAP/IL6/EDN1/TNFAIP6/S100A12/CCL8/S100A9/ITGB2/SERPINE1/JAM3/TREM1/C3AR1/CSF1/PLCB1/S1PR1/PIP5K1C/SPN/ANKRD22/CXCL10/TNF/CHGA/ITGA7",43
"GO:0071222","cellular response to lipopolysaccharide","32/694","162/12561",0.197530864197531,3.57519479133312,7.97771185858578,2.19939194429053e-10,6.62016975231451e-08,4.45319659475923e-08,"PLAA/GHSR/PDE4B/SBNO2/CXCL8/IL10/IL18R1/CARD16/CXCL9/CD200/MMP8/IRAK2/CD80/CD86/GBP2/CCL2/NLRP3/IL6/TNIP3/SERPINE1/CSF3/IL1B/TNFAIP3/DAB2IP/IL36RN/GBP5/CXCL10/CD274/TNF/BPI/ZFP36/IL18RAP",32
"GO:0060326","cell chemotaxis","38/694","221/12561",0.171945701357466,3.1121180904195,7.66056562006821,3.22829761231231e-10,9.06936409218938e-08,6.10069874384252e-08,"FFAR2/PDE4B/VEGFA/NRP1/CMKLR1/PDGFB/CXCR2/CXCL8/CSF1R/IL10/CXCL9/HBEGF/CXCL11/FGF2/SLC8B1/AIF1/CCL17/CCL2/SLIT2/PADI2/IL6/EDN1/TNFAIP6/S100A12/CCL8/S100A9/ITGB2/SERPINE1/JAM3/TREM1/C3AR1/CSF1/PDGFRB/CCRL2/PIP5K1C/KDR/CXCL10/CHGA",38
"GO:0009887","animal organ morphogenesis","57/694","431/12561",0.132250580046404,2.39365927372172,7.11981857838053,6.01336379224934e-10,1.58376968878367e-07,1.06535603297915e-07,"SNAI1/SHH/FGFR3/DLL4/MYBPC3/INHBA/MSN/VEGFA/IRX1/NRP1/CLDN5/NRL/CSF3R/LRP2/CSF1R/RYR2/TULP1/NRP2/EFNA5/CRB2/SCN5A/PTCH1/PRICKLE1/FGF2/COL18A1/DCHS1/CCL2/SLIT2/MYH7/SPRY1/TEK/MYH6/EDN1/COL2A1/BMP4/LRRK2/ITGAX/TBX2/SEMA6A/WNT2B/SLC6A4/FLI1/SERPINE1/SCRIB/NKD1/TTN/BCOR/MYL2/COL11A2/S1PR1/AQP1/MMP13/SP6/MYO6/TNF/CALB1/TGFBR3",57
"GO:0071219","cellular response to molecule of bacterial origin","32/694","169/12561",0.189349112426035,3.42710979997613,7.68185592291374,6.81135297761177e-10,1.68841420280329e-07,1.13574736899126e-07,"PLAA/GHSR/PDE4B/SBNO2/CXCL8/IL10/IL18R1/CARD16/CXCL9/CD200/MMP8/IRAK2/CD80/CD86/GBP2/CCL2/NLRP3/IL6/TNIP3/SERPINE1/CSF3/IL1B/TNFAIP3/DAB2IP/IL36RN/GBP5/CXCL10/CD274/TNF/BPI/ZFP36/IL18RAP",32
"GO:0007186","G protein-coupled receptor signaling pathway","61/694","482/12561",0.12655601659751,2.29059095746589,6.98716067225678,8.62704612601221e-10,2.01968735416752e-07,1.35858523037308e-07,"GHSR/FFAR2/CNGB1/PDE4B/CRHR2/FLNA/CA2/VEGFA/RGS7BP/ADGRE3/RGS16/FZD7/SH2B3/PNOC/CMKLR1/SPHK1/CXCR2/CXCL8/PLEK/P2RY14/CXCL9/CXCL11/PROK2/DGKI/F2RL3/PIK3R5/GPR34/CCL2/SLIT2/PADI2/EDN1/ESR1/LRRK2/RASD1/CCL8/GPR65/RGS19/ADGRE1/SERPINE1/SLC39A14/GPR132/KCTD8/KLK6/HTR1F/C3AR1/PLCB1/GPER1/S1PR1/PDGFRB/HCAR3/CCRL2/OPRL1/RASGRP4/OR2W5/RGS6/CXCL10/ADGRL1/FCN1/CHGA/ADRA2B/PLCB3",61
"GO:0030595","leukocyte chemotaxis","31/694","162/12561",0.191358024691358,3.46346995410396,7.63159879488227,9.6195125787249e-10,2.13350663193404e-07,1.43514816442633e-07,"FFAR2/PDE4B/VEGFA/CMKLR1/PDGFB/CXCR2/CXCL8/CSF1R/IL10/CXCL9/CXCL11/SLC8B1/AIF1/CCL2/SLIT2/PADI2/IL6/EDN1/TNFAIP6/S100A12/CCL8/S100A9/ITGB2/SERPINE1/JAM3/TREM1/C3AR1/CSF1/PIP5K1C/CXCL10/CHGA",31
"GO:0050866","negative regulation of cell activation","30/694","154/12561",0.194805194805195,3.52586174632284,7.62676963307293,1.14926487442522e-09,2.42150109041395e-07,1.62887370165502e-07,"IFNL1/MILR1/IL4I1/PAG1/INHBA/SH2B3/CD69/PDGFB/MNDA/IL10/SERPINE2/CD200/FGR/CD80/CD86/CTLA4/THBD/PDCD1/BMP4/SFRP1/SCRIB/CST7/GPER1/TNFAIP3/SPN/ILDR2/LILRB4/CD274/BPI/CR1",30
"GO:0050865","regulation of cell activation","57/694","449/12561",0.126948775055679,2.297699659185,6.77163457462143,2.83347985971395e-09,5.68584958515933e-07,3.82470645893822e-07,"IFNL1/MILR1/SHH/IL4I1/FLNA/PAG1/IL27/INHBA/NR4A3/SH2B3/CD69/SPHK1/PDGFB/MNDA/IL10/PLEK/IL2RA/SERPINE2/CD200/FGR/THEMIS2/MMP8/CD80/CD86/SIRPB1/AIF1/CCDC88B/NFKBID/CTLA4/CCL2/THBD/PDCD1/NLRP3/IL6/SMARCB1/BMP4/SFRP1/LRRK2/GPR65/SCRIB/PRLR/NFAM1/CST7/IL1B/GPER1/TNFSF14/TNFAIP3/CLEC4D/SPN/EMILIN2/ILDR2/LILRB4/KLRD1/CD274/TNF/BPI/CR1",57
"GO:0071621","granulocyte chemotaxis","21/694","85/12561",0.247058823529412,4.47162230886591,7.7661957707156,4.3873230860588e-09,8.403717947569e-07,5.65293784715226e-07,"PDE4B/VEGFA/CMKLR1/CXCR2/CXCL8/CSF1R/CXCL9/CCL2/SLIT2/EDN1/TNFAIP6/S100A12/CCL8/S100A9/ITGB2/JAM3/TREM1/C3AR1/CSF1/PIP5K1C/CXCL10",21
"GO:0001906","cell killing","27/694","136/12561",0.198529411764706,3.59326792676725,7.35313819186498,5.08486211966219e-09,9.31635172706803e-07,6.2668401776335e-07,"SERPINB9/CXCL8/CXCL9/SLAMF7/CXCL11/CCL17/GBP2/PRF1/S100A12/CCL8/ITGAM/GBP7/TREM1/MPO/FCGR3B/SLC22A13/KRT6A/GZMB/RNASE7/STATH/GBP5/GBP1/KLRD1/CXCL10/FCGR2A/CHGA/CR1",27
"GO:0042742","defense response to bacterium","30/694","164/12561",0.182926829268293,3.31087017642511,7.20349493058804,5.45648017218524e-09,9.58066976899525e-07,6.44463927467814e-07,"NLRC4/ZNFX1/SLC11A1/IL18R1/FGR/APOL1/GBP2/IL6/FGB/S100A12/S100A9/GBP7/SERPINE1/TREM1/GBP4/IL1B/MPO/KRT6A/SPN/RNASE7/EMILIN2/RASGRP4/AQP1/STATH/GBP5/GBP1/OPTN/BPI/CHGA/IL18RAP",30
"GO:0071396","cellular response to lipid","56/694","450/12561",0.124444444444444,2.25237271853987,6.54265374741731,8.11159820609554e-09,1.36729099361946e-06,9.19737079959682e-07,"PLAA/GHSR/FFAR2/SLC5A5/PDE4B/LMO3/INHBA/NR4A3/FZD7/SBNO2/SPP1/CXCL8/IRS1/IL10/IL18R1/CARD16/CXCL9/CD200/PTCH1/MMP8/IRAK2/CD80/CD86/PID1/GBP2/CCL2/PADI2/NLRP3/IL6/EDN1/ESR1/SFRP1/TBX2/TNIP3/SLC6A4/SERPINE1/TESC/E2F1/PMEPA1/CSF3/NCF1/IL1B/PLCB1/GPER1/TNFAIP3/DAB2IP/IL36RN/CYP24A1/AQP1/GBP5/CXCL10/CD274/TNF/BPI/ZFP36/IL18RAP",56
"GO:0097529","myeloid leukocyte migration","28/694","149/12561",0.187919463087248,3.40123397094946,7.1303494283176,9.53066684228728e-09,1.54470115666918e-06,1.03907576212753e-06,"PDE4B/VEGFA/CMKLR1/PDGFB/CXCR2/CXCL8/CSF1R/CXCL9/CD200/AIF1/CCL2/SLIT2/IL6/EDN1/TNFAIP6/S100A12/CCL8/S100A9/ITGB2/SERPINE1/JAM3/TREM1/C3AR1/CSF1/PLCB1/PIP5K1C/CXCL10/CHGA",28
"GO:0002764","immune response-regulating signaling pathway","57/694","467/12561",0.122055674518201,2.2091373596875,6.43951533876082,1.20146894665978e-08,1.87518153378678e-06,1.26138034721772e-06,"NLRC4/LILRB3/OASL/MAP2K6/FFAR2/PDE4B/LCP2/IFNG/P2RX7/NR4A3/NFKBIA/BLK/CMKLR1/MYO1G/LILRA6/MNDA/CLEC4E/TREML4/BTNL8/FGR/THEMIS2/LAIR1/IRAK2/CD80/CD86/NFKBID/LILRA1/CTLA4/CD79B/GBP2/IRF7/PDCD1/NLRP3/S100A9/ITGAM/TNIP3/SH2B2/MEFV/C3AR1/NFAM1/LIMK1/FCGR3B/TNFAIP3/AIM2/DAB2IP/LILRB4/GBP5/GBP1/KLRD1/PIK3AP1/FCN1/CD274/FCGR2A/TNF/CR1/FCN3/RSAD2",57
"GO:0002768","immune response-regulating cell surface receptor signaling pathway","42/694","297/12561",0.141414141414141,2.55951445288621,6.57742101317743,1.70228558369939e-08,2.56193980346759e-06,1.72334275941962e-06,"LILRB3/FFAR2/PDE4B/LCP2/IFNG/NR4A3/NFKBIA/BLK/CMKLR1/MYO1G/LILRA6/MNDA/BTNL8/FGR/THEMIS2/LAIR1/IRAK2/CD80/CD86/NFKBID/LILRA1/CTLA4/CD79B/PDCD1/ITGAM/TNIP3/SH2B2/C3AR1/NFAM1/LIMK1/FCGR3B/TNFAIP3/DAB2IP/LILRB4/GBP1/KLRD1/PIK3AP1/FCN1/CD274/FCGR2A/CR1/FCN3",42
"GO:0002695","negative regulation of leukocyte activation","26/694","137/12561",0.18978102189781,3.43492711247607,6.92978261999376,2.60685543949013e-08,3.7880306282798e-06,2.54809857236692e-06,"IFNL1/MILR1/IL4I1/PAG1/INHBA/CD69/MNDA/IL10/CD200/FGR/CD80/CD86/CTLA4/PDCD1/BMP4/SFRP1/SCRIB/CST7/GPER1/TNFAIP3/SPN/ILDR2/LILRB4/CD274/BPI/CR1",26
"GO:0002274","myeloid leukocyte activation","30/694","176/12561",0.170454545454545,3.08512902803249,6.73667112988712,2.96146891968921e-08,4.15987667585678e-06,2.7982286467907e-06,"MILR1/LCP2/IFNG/SLC11A1/NR4A3/SBNO2/DYSF/SPHK1/CXCR2/CXCL8/IL10/CD200/FGR/MMP8/AIF1/IL6/BATF2/LRRK2/S100A12/ITGAM/ITGB2/CST7/IL1B/CSF1/BATF3/CLEC4D/LILRB4/TNF/BPI/CHGA",30
"GO:0006959","humoral immune response","25/694","130/12561",0.192307692307692,3.48065839060075,6.87526890187746,3.67117891443646e-08,4.99043482110815e-06,3.35692107350526e-06,"IFNG/SLC11A1/CXCL8/CXCL9/CXCL11/CCL17/CCL2/PDCD1/IL6/FGB/S100A12/CCL8/S100A9/TREM1/C1S/IL1B/KRT6A/IL36RN/RNASE7/STATH/CXCL10/FCN1/BPI/CR1/FCN3",25
"GO:0008015","blood circulation","42/694","308/12561",0.136363636363636,2.46810322242599,6.30833600184096,4.92227847546137e-08,6.4820254673732e-06,4.36027093238161e-06,"PDE4B/SCN1B/FLNA/MYBPC3/HBB/VEGFA/SMTNL1/CLDN5/ANGPT1/RYR2/SCN5A/SLIT2/MYH7/PLVAP/TEK/MYH6/JPH3/EDN1/FGB/OLR1/GCH1/TBX2/TJP1/SLC6A4/RASL10B/KCNMA1/TTN/C3AR1/MYL2/FGF13/P2RX1/GPER1/ZEB2/SOD2/EMILIN2/CXCL10/TNF/CHGA/ADRA2B/SLC4A3/C2CD4A/PLCB3",42
"GO:0002250","adaptive immune response","45/694","344/12561",0.130813953488372,2.36765716104819,6.21982637851412,5.74392026828363e-08,7.17676287374675e-06,4.82760067890856e-06,"LILRB3/IL4I1/PAG1/IL27/IFNG/SLC11A1/CSF2RB/CD69/MYO1G/LILRA6/IL10/IL18R1/BTNL8/SLAMF7/LAIR1/CD80/CD86/NFKBID/LILRA1/CTLA4/CD79B/IRF7/PDCD1/NLRP3/IL6/PRF1/FGB/ADGRE1/TREM1/C1S/IL1B/SOCS3/RNF19B/FCGR3B/SLC22A13/TNFAIP3/CLEC4D/SPN/LILRB4/KLRD1/CD274/FCGR2A/CR1/RSAD2/IL18RAP",45
"GO:0001819","positive regulation of cytokine production","49/694","391/12561",0.125319693094629,2.26821421464213,6.16083801181945,5.79045889196463e-08,7.17676287374675e-06,4.82760067890856e-06,"IFNL1/NLRC4/ORM1/FFAR2/PDE4B/IL20RA/IL27/IFNG/P2RX7/SLC11A1/NR4A3/OSM/SPHK1/MMP12/CLEC4E/CSF1R/IL10/IL18R1/CD200/FGR/MMP8/CD80/CD86/AIF1/CCDC88B/IRF7/NLRP3/IL6/LRRK2/GPR65/SERPINE1/MEFV/SCRIB/CHI3L1/C3AR1/NFAM1/IL1B/PLCB1/AIM2/NLRP12/SPN/GBP5/FCN1/CD274/FCGR2A/TNF/EGR1/RSAD2/IL18RAP",49
"GO:0001568","blood vessel development","56/694","478/12561",0.117154811715481,2.12043456766305,6.0397247037451,6.80219461322177e-08,7.99980942512382e-06,5.38124027382066e-06,"EMC10/GHSR/SHH/ADAMTS1/DLL4/EGR2/VEGFA/NRP1/TSPAN18/CLDN5/SPHK1/PDGFB/LRP2/CXCL8/ANGPT1/IL10/NRP2/EGF/COL4A2/FGF2/COL18A1/PROK2/CCL2/SLIT2/TEK/IL6/EDN1/BMP4/SFRP1/ITGAX/PXDN/TBX2/SEMA6A/ITGB2/TJP1/SERPINE1/CHI3L1/RASIP1/JAM3/C3AR1/TYMP/IL1B/GPER1/S1PR1/TNFAIP2/PDGFRB/TNFAIP3/DAB2IP/EMILIN2/AQP1/MYOCD/KDR/CXCL10/TNF/EGR1/TGFBR3",56
"GO:0002694","regulation of leukocyte activation","50/694","405/12561",0.123456790123457,2.2344967445832,6.1069757949097,6.83419884443421e-08,7.99980942512382e-06,5.38124027382066e-06,"IFNL1/MILR1/SHH/IL4I1/PAG1/IL27/INHBA/NR4A3/CD69/SPHK1/MNDA/IL10/IL2RA/CD200/FGR/THEMIS2/MMP8/CD80/CD86/SIRPB1/AIF1/CCDC88B/NFKBID/CTLA4/CCL2/PDCD1/NLRP3/IL6/SMARCB1/BMP4/SFRP1/LRRK2/GPR65/SCRIB/PRLR/NFAM1/CST7/IL1B/GPER1/TNFSF14/TNFAIP3/CLEC4D/SPN/ILDR2/LILRB4/KLRD1/CD274/TNF/BPI/CR1",50
"GO:0071347","cellular response to interleukin-1","18/694","74/12561",0.243243243243243,4.40256250486798,7.09899711476173,7.25672269483167e-08,8.23467811420598e-06,5.53922964351478e-06,"NFKBIA/ZBP1/IL1R2/CXCL8/IRAK2/GBP2/CCL2/IL6/EDN1/FGB/SFRP1/IL1B/PLCB1/DAB2IP/IL1RN/GBP1/EGR1/RPS6KA4",18
"GO:0060976","coronary vasculature development","9/694","17/12561",0.529411764705882,9.58204780471266,8.56251708628714,7.42567081964469e-08,8.23467811420598e-06,5.53922964351478e-06,"VEGFA/NRP1/LRP2/FGF2/BMP4/GPER1/PDGFRB/MYOCD/TGFBR3",9
"GO:0048729","tissue morphogenesis","41/694","302/12561",0.135761589403974,2.45720651945722,6.19870742313167,8.06899972663379e-08,8.71865765334226e-06,5.86478867239939e-06,"SNAI1/SHH/FLNA/DLL4/KRT16/MYBPC3/MSN/VEGFA/IRX1/NRP1/MMP12/LRP2/CSF1R/RYR2/NRP2/HBEGF/CRB2/PTCH1/PRICKLE1/EGF/FGF2/DCHS1/SLIT2/MYH7/MYH6/BMP4/ITGAX/TBX2/SCRIB/NKD1/RASIP1/TTN/MYL2/KRT17/S1PR1/KRT6A/RHBDF2/KDR/CXCL10/TNF/TGFBR3",41
"GO:0097530","granulocyte migration","21/694","100/12561",0.21,3.80087896253602,6.80020456328812,9.39769119410815e-08,9.90046767299293e-06,6.65975806926731e-06,"PDE4B/VEGFA/CMKLR1/CXCR2/CXCL8/CSF1R/CXCL9/CCL2/SLIT2/EDN1/TNFAIP6/S100A12/CCL8/S100A9/ITGB2/JAM3/TREM1/C3AR1/CSF1/PIP5K1C/CXCL10",21
"GO:0050920","regulation of chemotaxis","26/694","149/12561",0.174496644295302,3.15828868731021,6.40893502836031,1.52997865886303e-07,1.57251952888995e-05,1.05778837601511e-05,"VEGFA/NRP1/CMKLR1/PDGFB/CXCR2/CXCL8/CSF1R/FGF2/SLC8B1/AIF1/ROBO3/CCL2/SLIT2/PADI2/IL6/EDN1/TNFAIP6/SERPINE1/JAM3/C3AR1/CSF1/ATOH7/S1PR1/PDGFRB/KDR/CXCL10",26
"GO:0002253","activation of immune response","55/694","478/12561",0.115062761506276,2.08256966466907,5.83561319503409,1.63679467090994e-07,1.64225065314631e-05,1.10469448517924e-05,"NLRC4/OASL/MAP2K6/FFAR2/PDE4B/LCP2/IFNG/ZNFX1/P2RX7/NR4A3/NFKBIA/BLK/ZBP1/CMKLR1/MYO1G/MNDA/CLEC4E/TREML4/BTNL8/FGR/THEMIS2/IRAK2/CD80/CD86/NFKBID/CTLA4/CD79B/GBP2/IRF7/PDCD1/NLRP3/S100A9/ITGAM/TNIP3/SH2B2/MEFV/C3AR1/NFAM1/C1S/LIMK1/IL1B/TNFAIP3/AIM2/DAB2IP/LILRB4/GBP5/GBP1/KLRD1/PIK3AP1/FCN1/CD274/TNF/CR1/FCN3/RSAD2",55
"GO:0003013","circulatory system process","47/694","381/12561",0.123359580052493,2.23273729832762,5.90899284150046,1.75143965294112e-07,1.71641085988229e-05,1.15457990994314e-05,"SLC5A5/PDE4B/SCN1B/FLNA/MYBPC3/HBB/VEGFA/SMTNL1/SLC6A1/CLDN5/LRP2/ANGPT1/RYR2/SCN5A/SLIT2/MYH7/PLVAP/TEK/MYH6/JPH3/EDN1/FGB/OLR1/GCH1/TBX2/TJP1/SLC6A4/RASL10B/KCNMA1/TTN/C3AR1/MYL2/FGF13/P2RX1/GPER1/ZEB2/SOD2/EMILIN2/NOX4/CXCL10/SLC38A5/TNF/CHGA/ADRA2B/SLC4A3/C2CD4A/PLCB3",47
"GO:0001525","angiogenesis","49/694","406/12561",0.120689655172414,2.18441319685978,5.86668616689529,1.87611682321926e-07,1.79680824841953e-05,1.20866090639137e-05,"EMC10/GHSR/SHH/ADAMTS1/DLL4/VEGFA/NRP1/TSPAN18/CLDN5/SPHK1/PDGFB/CXCL8/ANGPT1/IL10/NRP2/EGF/COL4A2/FGF2/COL18A1/PROK2/CCL2/SLIT2/TEK/IL6/BMP4/SFRP1/ITGAX/PXDN/SEMA6A/ITGB2/TJP1/SERPINE1/CHI3L1/RASIP1/JAM3/C3AR1/TYMP/IL1B/S1PR1/TNFAIP2/PDGFRB/TNFAIP3/DAB2IP/EMILIN2/AQP1/KDR/CXCL10/TNF/TGFBR3",49
"GO:0002252","immune effector process","50/694","419/12561",0.119331742243437,2.15983575550405,5.83932266771755,1.99604805277652e-07,1.86918810986672e-05,1.25734874440535e-05,"IFNL1/MILR1/FFAR2/IL4I1/IL27/SERPINB9/IFNG/SLC11A1/NR4A3/CSF2RB/SBNO2/CD69/MYO1G/DYSF/IL10/IL18R1/FGR/SLAMF7/CD80/CD86/NFKBID/PDCD1/NLRP3/IL6/PRF1/S100A9/ITGAM/ITGB2/TREM1/NCF1/C1S/IL1B/MPO/SOCS3/FCGR3B/SLC22A13/GZMB/SPN/RASGRP4/LILRB4/KLRD1/FCN1/CD274/FCGR2A/TNF/CHGA/CR1/FCN3/RSAD2/IL18RAP",50
"GO:0048514","blood vessel morphogenesis","52/694","446/12561",0.116591928251121,2.11024670138665,5.77336872675526,2.37660269348899e-07,2.13662983470574e-05,1.43724905254069e-05,"EMC10/GHSR/SHH/ADAMTS1/DLL4/VEGFA/NRP1/TSPAN18/CLDN5/SPHK1/PDGFB/LRP2/CXCL8/ANGPT1/IL10/NRP2/EGF/COL4A2/FGF2/COL18A1/PROK2/CCL2/SLIT2/TEK/IL6/EDN1/BMP4/SFRP1/ITGAX/PXDN/TBX2/SEMA6A/ITGB2/TJP1/SERPINE1/CHI3L1/RASIP1/JAM3/C3AR1/TYMP/IL1B/S1PR1/TNFAIP2/PDGFRB/TNFAIP3/DAB2IP/EMILIN2/AQP1/KDR/CXCL10/TNF/TGFBR3",52
"GO:0022407","regulation of cell-cell adhesion","45/694","361/12561",0.124653739612188,2.25616084044481,5.85629600547175,2.38304703918296e-07,2.13662983470574e-05,1.43724905254069e-05,"IFNL1/ADAM19/CHST2/SHH/IL4I1/PAG1/NR4A3/VEGFA/SH2B3/CD69/IL10/IL2RA/EFNA5/SERPINE2/CD80/CD86/SIRPB1/AIF1/CCDC88B/NFKBID/CTLA4/CCL2/PDCD1/NLRP3/IL6/SMARCB1/BMP4/FGB/GPR65/ITGB2/TJP1/SCRIB/PLAUR/LRFN3/IL1B/TNFSF14/MDGA1/SPN/EMILIN2/ILDR2/IL1RN/LILRB4/CD274/TNF/CR1",45
"GO:0050729","positive regulation of inflammatory response","23/694","124/12561",0.185483870967742,3.35715115738589,6.37888162158118,2.55847283681323e-07,2.24612594465229e-05,1.5109039167204e-05,"NLRC4/FFAR2/NUPR1/IFNG/NFKBIA/OSM/ZBP1/MMP8/GBP2/NLRP3/IL6/LRRK2/S100A12/S100A9/SERPINE1/CASP5/IL1B/AIM2/NLRP12/GBP5/GBP1/TNF/C2CD4A",23
"GO:0001944","vasculature development","56/694","498/12561",0.112449799196787,2.03527655289747,5.70095311519601,2.71273707086688e-07,2.33295388094552e-05,1.5693105565344e-05,"EMC10/GHSR/SHH/ADAMTS1/DLL4/EGR2/VEGFA/NRP1/TSPAN18/CLDN5/SPHK1/PDGFB/LRP2/CXCL8/ANGPT1/IL10/NRP2/EGF/COL4A2/FGF2/COL18A1/PROK2/CCL2/SLIT2/TEK/IL6/EDN1/BMP4/SFRP1/ITGAX/PXDN/TBX2/SEMA6A/ITGB2/TJP1/SERPINE1/CHI3L1/RASIP1/JAM3/C3AR1/TYMP/IL1B/GPER1/S1PR1/TNFAIP2/PDGFRB/TNFAIP3/DAB2IP/EMILIN2/AQP1/MYOCD/KDR/CXCL10/TNF/EGR1/TGFBR3",56
"GO:0002757","immune response-activating signaling pathway","51/694","437/12561",0.116704805491991,2.11228971438746,5.7232110273838,3.02284446397559e-07,2.54765331423863e-05,1.71373265158768e-05,"NLRC4/OASL/MAP2K6/FFAR2/PDE4B/LCP2/IFNG/P2RX7/NR4A3/NFKBIA/BLK/CMKLR1/MYO1G/MNDA/CLEC4E/TREML4/BTNL8/FGR/THEMIS2/IRAK2/CD80/CD86/NFKBID/CTLA4/CD79B/GBP2/IRF7/PDCD1/NLRP3/S100A9/ITGAM/TNIP3/SH2B2/MEFV/C3AR1/NFAM1/LIMK1/TNFAIP3/AIM2/DAB2IP/LILRB4/GBP5/GBP1/KLRD1/PIK3AP1/FCN1/CD274/TNF/CR1/FCN3/RSAD2",51
"GO:0032611","interleukin-1 beta production","18/694","81/12561",0.222222222222222,4.02209414024976,6.59853142434196,3.1671939802452e-07,2.56664527552948e-05,1.72650799429225e-05,"NLRC4/ORM1/GHSR/IFNG/P2RX7/IL1R2/CARD16/NLRP3/IL6/MEFV/IL1B/TNFAIP3/AIM2/NLRP12/LILRB4/GBP5/TNF/EGR1",18
"GO:0032651","regulation of interleukin-1 beta production","18/694","81/12561",0.222222222222222,4.02209414024976,6.59853142434196,3.1671939802452e-07,2.56664527552948e-05,1.72650799429225e-05,"NLRC4/ORM1/GHSR/IFNG/P2RX7/IL1R2/CARD16/NLRP3/IL6/MEFV/IL1B/TNFAIP3/AIM2/NLRP12/LILRB4/GBP5/TNF/EGR1",18
"GO:0050728","negative regulation of inflammatory response","24/694","137/12561",0.175182481751825,3.17070194997791,6.1777999715346,4.25540075081081e-07,3.38344504979562e-05,2.2759455630329e-05,"GHSR/NR4A3/IL1R2/CD69/IL10/IL18R1/CD200/FGR/MVK/IL10RA/PDCD1/TEK/NLRP3/TNFAIP6/MEFV/CST7/IL1B/GPER1/TNFSF14/TNFAIP3/RHBDF2/IL36RN/NLRP12/IL1RN",24
"GO:0019730","antimicrobial humoral response","16/694","67/12561",0.238805970149254,4.32225041937288,6.59360762193759,5.05928766354181e-07,3.94811818780837e-05,2.65578484048817e-05,"SLC11A1/CXCL8/CXCL9/CXCL11/CCL17/CCL2/FGB/S100A12/CCL8/S100A9/KRT6A/IL36RN/RNASE7/STATH/CXCL10/BPI",16
"GO:0002429","immune response-activating cell surface receptor signaling pathway","36/694","266/12561",0.135338345864662,2.44954605534008,5.77846721981174,5.42991947542796e-07,4.16030557626426e-05,2.79851715568179e-05,"FFAR2/PDE4B/LCP2/IFNG/NR4A3/NFKBIA/BLK/CMKLR1/MYO1G/MNDA/BTNL8/FGR/THEMIS2/IRAK2/CD80/CD86/NFKBID/CTLA4/CD79B/PDCD1/ITGAM/TNIP3/SH2B2/C3AR1/NFAM1/LIMK1/TNFAIP3/DAB2IP/LILRB4/GBP1/KLRD1/PIK3AP1/FCN1/CD274/CR1/FCN3",36
"GO:0003007","heart morphogenesis","24/694","139/12561",0.172661870503597,3.12508033918686,6.09243738927305,5.60629037434591e-07,4.2187335066953e-05,2.83781993349098e-05,"SNAI1/SHH/DLL4/MYBPC3/VEGFA/NRP1/CLDN5/LRP2/RYR2/NRP2/PRICKLE1/DCHS1/SLIT2/MYH7/SPRY1/TEK/MYH6/EDN1/BMP4/TBX2/TTN/MYL2/S1PR1/TGFBR3",24
"GO:0030593","neutrophil chemotaxis","15/694","60/12561",0.25,4.52485590778098,6.61833429157589,6.08504069690723e-07,4.49865991171352e-05,3.02611832465754e-05,"PDE4B/CXCR2/CXCL8/CXCL9/SLIT2/EDN1/TNFAIP6/S100A12/S100A9/ITGB2/JAM3/TREM1/C3AR1/PIP5K1C/CXCL10",15
"GO:0001818","negative regulation of cytokine production","33/694","234/12561",0.141025641025641,2.55248281977389,5.79709099375072,6.29431756510271e-07,4.57314727919704e-05,3.07622382098778e-05,"IFNL1/ORM1/GHSR/IL20RA/INHBA/IFNG/SLC11A1/NFKBIA/IL1R2/CMKLR1/IL10/CARD16/CD200/NLRP3/IL6/RELB/GBP7/ABCD1/MEFV/SRGN/IL1B/TNFAIP3/IL36RN/NLRP12/LILRB4/GBP1/N4BP1/CD274/TNF/BPI/CR1/ZFP36/RPS6KA4",33
"GO:0070555","response to interleukin-1","19/694","94/12561",0.202127659574468,3.6583941382059,6.25613917376857,7.15491777064555e-07,5.06505961253994e-05,3.40711901094825e-05,"NFKBIA/ZBP1/IL1R2/CXCL8/IRAK2/GBP2/CCL2/IL6/EDN1/FGB/SFRP1/CHI3L1/IL1B/PLCB1/DAB2IP/IL1RN/GBP1/EGR1/RPS6KA4",19
"GO:0018108","peptidyl-tyrosine phosphorylation","20/694","103/12561",0.194174757281553,3.5144511905095,6.19643277668766,7.21176024566674e-07,5.06505961253994e-05,3.40711901094825e-05,"IFNL1/FGFR3/IFNG/BLK/OSM/IL13RA1/PDGFB/CSF1R/ANGPT1/IL10/FGR/TNK2/CD80/IL10RA/IL6/SFRP1/ITGB2/PRLR/PDGFRB/KDR",20
"GO:0042327","positive regulation of phosphorylation","30/694","203/12561",0.147783251231527,2.67479166962422,5.81753224734096,7.47060026842429e-07,5.16083762805573e-05,3.47154611002658e-05,"IFNL1/FGFR3/LCP2/IFNG/VEGFA/NRP1/OSM/FZD7/IL13RA1/PDGFB/CSF1R/ANGPT1/IL10/EGF/TNK2/CD80/FGF2/PIK3R5/IL10RA/IL6/ACVR2A/GRB10/BMP4/S100A12/PRLR/PLAUR/TIGAR/GPER1/PDGFRB/KDR",30
"GO:0032612","interleukin-1 production","19/694","95/12561",0.2,3.61988472622478,6.19847006399931,8.4894223347079e-07,5.67848027277128e-05,3.8197493357737e-05,"NLRC4/ORM1/GHSR/IFNG/P2RX7/IL1R2/IL10/CARD16/NLRP3/IL6/MEFV/IL1B/TNFAIP3/AIM2/NLRP12/LILRB4/GBP5/TNF/EGR1",19
"GO:0032652","regulation of interleukin-1 production","19/694","95/12561",0.2,3.61988472622478,6.19847006399931,8.4894223347079e-07,5.67848027277128e-05,3.8197493357737e-05,"NLRC4/ORM1/GHSR/IFNG/P2RX7/IL1R2/IL10/CARD16/NLRP3/IL6/MEFV/IL1B/TNFAIP3/AIM2/NLRP12/LILRB4/GBP5/TNF/EGR1",19
"GO:0018212","peptidyl-tyrosine modification","20/694","105/12561",0.19047619047619,3.44750926307122,6.09023116954934,9.93633363965114e-07,6.5424546808578e-05,4.4009199153808e-05,"IFNL1/FGFR3/IFNG/BLK/OSM/IL13RA1/PDGFB/CSF1R/ANGPT1/IL10/FGR/TNK2/CD80/IL10RA/IL6/SFRP1/ITGB2/PRLR/PDGFRB/KDR",20
"GO:0007159","leukocyte cell-cell adhesion","39/694","308/12561",0.126623376623377,2.29181013510985,5.5508170395473,1.03092768801972e-06,6.68358350356168e-05,4.49585318993431e-05,"IFNL1/CHST2/SHH/IL4I1/PAG1/MSN/NR4A3/CD69/IL10/IL2RA/ICAM4/CD80/CD86/SIRPB1/AIF1/CCDC88B/NFKBID/CTLA4/CCL2/PDCD1/NLRP3/IL6/SMARCB1/BMP4/OLR1/ITGAX/S100A9/GPR65/ITGAM/ITGB2/SCRIB/IL1B/TNFSF14/SPN/ILDR2/LILRB4/CD274/TNF/CR1",39
"GO:0002685","regulation of leukocyte migration","26/694","164/12561",0.158536585365854,2.86942081956843,5.82739936422098,1.0543687525625e-06,6.73198473227028e-05,4.52841129568257e-05,"CHST2/MSN/VEGFA/CMKLR1/CD69/CXCL8/CSF1R/CD200/SLC8B1/AIF1/CCL2/SLIT2/PADI2/PLVAP/IL6/EDN1/TNFAIP6/CCL8/SERPINE1/JAM3/C3AR1/CSF1/PLCB1/SPN/CXCL10/TNF",26
"GO:0042098","T cell proliferation","21/694","115/12561",0.182608695652174,3.30511214133567,6.00523716687923,1.10592071720156e-06,6.955746122817e-05,4.67892910711375e-05,"SHH/IL4I1/IL27/MSN/SLC11A1/IL10/IL2RA/CD80/CD86/AIF1/CCDC88B/CTLA4/IL6/BMP4/SCRIB/IL1B/TNFSF14/SPN/LILRB4/CD274/CR1",21
"GO:0002521","leukocyte differentiation","50/694","444/12561",0.112612612612613,2.03822338188332,5.38627868886783,1.15876759973457e-06,7.18095097835512e-05,4.8304178956686e-05,"IFNL1/LILRB3/SHH/IL4I1/IL20RA/DLL4/IL27/INHBA/IFNG/VEGFA/SBNO2/IL1R2/CD69/IL13RA1/CSF1R/IL10/IL18R1/IL2RA/BTNL8/CD80/CD86/NFKBID/CTLA4/CD79B/IRF7/NLRP3/IL6/TNFAIP6/SMARCB1/BATF2/BMP4/SFRP1/NCAPH/RELB/GPR65/TESC/TAL1/CSF3/NFAM1/IL1B/SOCS3/CSF1/BATF3/SNX10/SPN/LILRB4/TNF/CR1/RSAD2/IL18RAP",50
"GO:0050731","positive regulation of peptidyl-tyrosine phosphorylation","12/694","41/12561",0.292682926829268,5.29739228228017,6.66497994892274,1.31988483952603e-06,8.06086190400388e-05,5.42230850941314e-05,"IFNL1/FGFR3/IFNG/OSM/IL13RA1/CSF1R/ANGPT1/IL10/TNK2/CD80/IL10RA/IL6",12
"GO:0051897","positive regulation of phosphatidylinositol 3-kinase/protein kinase B signal transduction","24/694","146/12561",0.164383561643836,2.97524772018475,5.80535415408333,1.40584205111194e-06,8.46316914769386e-05,5.69292894886952e-05,"FGFR3/VEGFA/OSM/PDGFB/IRS1/CSF1R/ANGPT1/HBEGF/EFNA5/FGR/EGF/FGF2/PIK3R5/TEK/CHI3L1/CSF3/IL1B/GPER1/PDGFRB/KDR/NOX4/PIK3AP1/TNF/ADRA2B",24
"GO:0070664","negative regulation of leukocyte proliferation","14/694","56/12561",0.25,4.52485590778098,6.39289567708048,1.4426886296114e-06,8.56266181011614e-05,5.7598547834144e-05,"IL4I1/MNDA/IL10/CD80/CD86/CTLA4/BMP4/CCL8/SCRIB/TNFAIP3/SPN/LILRB4/CD274/CR1",14
"GO:0051250","negative regulation of lymphocyte activation","21/694","117/12561",0.179487179487179,3.24861449789404,5.90924531894964,1.48246921781996e-06,8.67656289429628e-05,5.83647274627451e-05,"IFNL1/IL4I1/PAG1/INHBA/CD69/MNDA/IL10/FGR/CD80/CD86/CTLA4/PDCD1/BMP4/SFRP1/SCRIB/TNFAIP3/SPN/ILDR2/LILRB4/CD274/CR1",21
"GO:0071674","mononuclear cell migration","25/694","157/12561",0.159235668789809,2.88207382661209,5.73864931767818,1.56028262871865e-06,9.00145028186152e-05,6.0550150891623e-05,"MSN/CMKLR1/CD69/MYO1G/PDGFB/CXCR2/CSF1R/CD200/CXCL11/SLC8B1/AIF1/CCL2/SLIT2/PADI2/IL6/S100A12/SERPINE1/JAM3/C3AR1/CSF1/PLCB1/S1PR1/SPN/CXCL10/TNF",25
"GO:0048660","regulation of smooth muscle cell proliferation","20/694","108/12561",0.185185185185185,3.3517451168748,5.93566276320015,1.58070080886984e-06,9.00145028186152e-05,6.0550150891623e-05,"ADAMTS1/POLDIP2/IFNG/NR4A3/PDGFB/IL10/HBEGF/FGF2/AIF1/IL6/EDN1/BMP4/CNN1/GPER1/S1PR1/PDGFRB/TNFAIP3/SOD2/MYOCD/TNF",20
"GO:0061844","antimicrobial humoral immune response mediated by antimicrobial peptide","13/694","49/12561",0.26530612244898,4.80188790213492,6.4481935306075,1.65185439180449e-06,9.28121920941883e-05,6.24320754979854e-05,"CXCL8/CXCL9/CXCL11/CCL17/CCL2/S100A12/CCL8/S100A9/KRT6A/RNASE7/STATH/CXCL10/BPI",13
"GO:0044057","regulation of system process","41/694","341/12561",0.120234604105572,2.17617703482722,5.32498471770282,2.10812493738151e-06,0.00011666142804519,7.84747662896346e-05,"GHSR/PDE4B/SCN1B/FLNA/EGR2/MYBPC3/INHBA/NR4A3/SMTNL1/PNOC/SPHK1/SPP1/PDGFB/RYR2/SCN5A/CACNA2D3/PROK2/CAMK2B/MYH7/UNC79/MYH6/JPH3/EDN1/FGB/LRRK2/ITGAX/GCH1/TBX2/CHRNA2/GRIN2C/CST7/MYL2/FGF13/CNN1/GPER1/AQP1/MYOCD/TNF/CHGA/ADRA2B/SLC4A3",41
"GO:0048659","smooth muscle cell proliferation","20/694","110/12561",0.181818181818182,3.29080429656799,5.83561052304043,2.13168722341709e-06,0.00011666142804519,7.84747662896346e-05,"ADAMTS1/POLDIP2/IFNG/NR4A3/PDGFB/IL10/HBEGF/FGF2/AIF1/IL6/EDN1/BMP4/CNN1/GPER1/S1PR1/PDGFRB/TNFAIP3/SOD2/MYOCD/TNF",20
"GO:0042116","macrophage activation","17/694","83/12561",0.204819277108434,3.7071108642061,5.98379464912717,2.25856064210286e-06,0.000122020186484891,8.207944800153e-05,"IFNG/SLC11A1/SBNO2/DYSF/SPHK1/IL10/CD200/MMP8/AIF1/IL6/LRRK2/ITGAM/ITGB2/CST7/IL1B/TNF/BPI",17
"GO:0010562","positive regulation of phosphorus metabolic process","33/694","248/12561",0.133064516129032,2.40839104768988,5.41715472717771,2.35701421900529e-06,0.000124155723986104,8.35159622729439e-05,"IFNL1/FGFR3/LCP2/IFNG/P2RX7/VEGFA/NRP1/OSM/FZD7/IL13RA1/PDGFB/CSF1R/ANGPT1/IL10/EGF/TNK2/CD80/FGF2/PIK3R5/PID1/IL10RA/IL6/ACVR2A/GRB10/BMP4/S100A12/PRLR/PLAUR/TIGAR/GPER1/PDGFRB/UCHL1/KDR",33
"GO:0045937","positive regulation of phosphate metabolic process","33/694","248/12561",0.133064516129032,2.40839104768988,5.41715472717771,2.35701421900529e-06,0.000124155723986104,8.35159622729439e-05,"IFNL1/FGFR3/LCP2/IFNG/P2RX7/VEGFA/NRP1/OSM/FZD7/IL13RA1/PDGFB/CSF1R/ANGPT1/IL10/EGF/TNK2/CD80/FGF2/PIK3R5/PID1/IL10RA/IL6/ACVR2A/GRB10/BMP4/S100A12/PRLR/PLAUR/TIGAR/GPER1/PDGFRB/UCHL1/KDR",33
"GO:0006816","calcium ion transport","36/694","283/12561",0.127208480565371,2.30240017922424,5.35892815035364,2.40969096833688e-06,0.000125363428895946,8.43283504130067e-05,"CNGB1/PDE4B/FLNA/P2RX7/FAIM2/TRPM6/TSPAN18/PDGFB/RYR2/CXCL9/EGF/CACNA2D3/CXCL11/ANXA6/FGF2/F2RL3/TRPM3/PKD1L1/SLC8B1/CACNA1F/CAMK2B/CCL2/JPH3/EDN1/TMC1/CCL8/CHRNA2/GRIN2C/CACNA1E/TRPV5/PLCB1/P2RX1/GPER1/PDGFRB/CXCL10/PLCB3",36
"GO:0070663","regulation of leukocyte proliferation","25/694","162/12561",0.154320987654321,2.793120930729,5.55492041266119,2.80722504184686e-06,0.000140396036017869,9.44403501577712e-05,"SHH/IL4I1/IL27/CSF2RB/MNDA/CSF1R/IL10/IL2RA/CD80/CD86/AIF1/CCDC88B/CTLA4/IL6/BMP4/CCL8/SCRIB/PRLR/IL1B/CSF1/TNFAIP3/SPN/LILRB4/CD274/CR1",25
"GO:0061437","renal system vasculature development","9/694","24/12561",0.375,6.78728386167147,6.86258404700503,2.81256583225561e-06,0.000140396036017869,9.44403501577712e-05,"NRP1/PDGFB/ANGPT1/TEK/EDN1/BMP4/PDGFRB/AQP1/EGR1",9
"GO:0061440","kidney vasculature development","9/694","24/12561",0.375,6.78728386167147,6.86258404700503,2.81256583225561e-06,0.000140396036017869,9.44403501577712e-05,"NRP1/PDGFB/ANGPT1/TEK/EDN1/BMP4/PDGFRB/AQP1/EGR1",9
"GO:0007259","cell surface receptor signaling pathway via JAK-STAT","20/694","112/12561",0.178571428571429,3.23203993412927,5.73783191821449,2.85189425195629e-06,0.000140396036017869,9.44403501577712e-05,"IFNL1/FGFR3/IL20RA/IL27/IFNG/CSF2RB/OSM/SH2B3/IL13RA1/CSF1R/IL10/IL2RA/EGF/IL10RA/CCL2/IL6/GBP7/PRLR/SOCS3/TNF",20
"GO:0040017","positive regulation of locomotion","50/694","458/12561",0.109170305676856,1.97591961038471,5.14522476147268,2.86522522485447e-06,0.000140396036017869,9.44403501577712e-05,"PLAA/SNAI1/EMC10/VIL1/ADAMTS1/FLNA/IFNG/NR4A3/VEGFA/NRP1/CMKLR1/SPHK1/PDGFB/CXCL8/CSF1R/ANGPT1/NRP2/HBEGF/FGR/EGF/SPOCK2/FGF2/AIF1/CCL2/SLIT2/PLVAP/TEK/IL6/EDN1/TNFAIP6/BMP4/ITGAX/CCL8/SEMA6A/TJP1/SERPINE1/JAM3/C3AR1/IL1B/CSF1/GPER1/S1PR1/PDGFRB/SOD2/DAB2IP/SPN/KDR/CXCL10/TNF/TGFBR3",50
"GO:0030335","positive regulation of cell migration","48/694","433/12561",0.110854503464203,2.00640261961651,5.15377193632055,2.96991979242906e-06,0.000142881100367915,9.61119810245652e-05,"PLAA/SNAI1/EMC10/VIL1/ADAMTS1/FLNA/IFNG/NR4A3/VEGFA/NRP1/CMKLR1/SPHK1/PDGFB/CXCL8/CSF1R/ANGPT1/NRP2/HBEGF/FGR/EGF/FGF2/AIF1/CCL2/PLVAP/TEK/IL6/EDN1/TNFAIP6/BMP4/ITGAX/CCL8/SEMA6A/TJP1/SERPINE1/JAM3/C3AR1/IL1B/CSF1/GPER1/S1PR1/PDGFRB/SOD2/DAB2IP/SPN/KDR/CXCL10/TNF/TGFBR3",48
"GO:0033002","muscle cell proliferation","23/694","142/12561",0.161971830985915,2.93159678532289,5.59785205479232,3.01552574641945e-06,0.000142881100367915,9.61119810245652e-05,"ADAMTS1/POLDIP2/IFNG/NR4A3/PDGFB/ANGPT1/IL10/HBEGF/FGF2/AIF1/IL6/EDN1/BMP4/TBX2/CNN1/GPER1/S1PR1/PDGFRB/TNFAIP3/SOD2/MYOCD/TNF/TGFBR3",23
"GO:0007162","negative regulation of cell adhesion","31/694","228/12561",0.135964912280702,2.46088654633702,5.38336257610336,3.01765968978274e-06,0.000142881100367915,9.61119810245652e-05,"IFNL1/IL4I1/PAG1/VEGFA/FZD7/SH2B3/CD69/MMP12/ANGPT1/IL10/EFNA5/SERPINE2/CD80/CD86/SPRY4/CTLA4/PDCD1/BMP4/CD164/SPOCK1/SEMA6A/SERPINE1/SCRIB/JAM3/SPN/ILDR2/IL1RN/LILRB4/GBP1/CD274/CR1",31
"GO:0070661","leukocyte proliferation","28/694","196/12561",0.142857142857143,2.58563194730342,5.41050056177608,3.43848548487022e-06,0.000160997531480479,0.000108298379917351,"SHH/IL4I1/IL27/MSN/SLC11A1/CSF2RB/MNDA/CSF1R/IL10/IL2RA/CD80/CD86/AIF1/CCDC88B/CTLA4/IL6/BMP4/CCL8/SCRIB/PRLR/IL1B/CSF1/TNFSF14/TNFAIP3/SPN/LILRB4/CD274/CR1",28
"GO:2000147","positive regulation of cell motility","49/694","449/12561",0.10913140311804,1.97521549649237,5.0888531310101,3.6451835477243e-06,0.000168800038133079,0.000113546900326332,"PLAA/SNAI1/EMC10/VIL1/ADAMTS1/FLNA/IFNG/NR4A3/VEGFA/NRP1/CMKLR1/SPHK1/PDGFB/CXCL8/CSF1R/ANGPT1/NRP2/HBEGF/FGR/EGF/SPOCK2/FGF2/AIF1/CCL2/PLVAP/TEK/IL6/EDN1/TNFAIP6/BMP4/ITGAX/CCL8/SEMA6A/TJP1/SERPINE1/JAM3/C3AR1/IL1B/CSF1/GPER1/S1PR1/PDGFRB/SOD2/DAB2IP/SPN/KDR/CXCL10/TNF/TGFBR3",49
"GO:0061900","glial cell activation","12/694","45/12561",0.266666666666667,4.82651296829971,6.21843004319656,3.91860615745939e-06,0.000179489199429716,0.000120737189770251,"IFNG/SPHK1/MMP8/AIF1/IL6/LRRK2/ITGAM/ITGB2/CST7/IL1B/ZEB2/TNF",12
"GO:1904705","regulation of vascular associated smooth muscle cell proliferation","13/694","53/12561",0.245283018867925,4.43948126801153,6.06793654886293,4.31181987650486e-06,0.000195376440425715,0.000131424076987722,"ADAMTS1/POLDIP2/NR4A3/PDGFB/IL10/FGF2/EDN1/BMP4/CNN1/GPER1/SOD2/MYOCD/TNF",13
"GO:0060977","coronary vasculature morphogenesis","6/694","10/12561",0.6,10.8596541786744,7.5426959520971,4.82933234167549e-06,0.000216497941359793,0.000145631899378222,"VEGFA/NRP1/LRP2/FGF2/PDGFRB/TGFBR3",6
"GO:0050918","positive chemotaxis","12/694","46/12561",0.260869565217391,4.72158877333668,6.11499287798157,5.03812024923269e-06,0.000223480407687017,0.000150328802393517,"VEGFA/NRP1/PDGFB/CXCL8/ANGPT1/FGF2/CCL2/BMP4/SCRIB/S1PR1/KDR/CXCL10",12
"GO:1990874","vascular associated smooth muscle cell proliferation","13/694","54/12561",0.240740740740741,4.35726865193724,5.97875124124749,5.39549463635404e-06,0.000236839733308291,0.000159315234100066,"ADAMTS1/POLDIP2/NR4A3/PDGFB/IL10/FGF2/EDN1/BMP4/CNN1/GPER1/SOD2/MYOCD/TNF",13
"GO:0051896","regulation of phosphatidylinositol 3-kinase/protein kinase B signal transduction","28/694","202/12561",0.138613861386139,2.50883099837361,5.22791719600083,6.21707056415344e-06,0.000270090055230336,0.000181681763342935,"FGFR3/VEGFA/OSM/SH2B3/PDGFB/IRS1/CSF1R/ANGPT1/HBEGF/EFNA5/FGR/EGF/FGF2/PIK3R5/TEK/CHI3L1/CSF3/IL1B/GPER1/PDGFRB/AIM2/DAB2IP/PIP5K1C/KDR/NOX4/PIK3AP1/TNF/ADRA2B",28
"GO:0001562","response to protozoan","7/694","15/12561",0.466666666666667,8.4463976945245,6.97819817387244,6.64377365232921e-06,0.000282796587585003,0.000190229079911853,"SLC11A1/CCDC88B/GBP2/BATF2/GBP7/GBP4/GBP1",7
"GO:0042832","defense response to protozoan","7/694","15/12561",0.466666666666667,8.4463976945245,6.97819817387244,6.64377365232921e-06,0.000282796587585003,0.000190229079911853,"SLC11A1/CCDC88B/GBP2/BATF2/GBP7/GBP4/GBP1",7
"GO:0045785","positive regulation of cell adhesion","40/694","345/12561",0.115942028985507,2.09848389926074,5.00314183558401,6.87678216700964e-06,0.000289787600517786,0.000194931731981356,"ADAM19/CHST2/SHH/IL4I1/POLDIP2/FLNA/IFNG/NR4A3/VEGFA/NRP1/PDGFB/IL10/IL2RA/CD80/CD86/SIRPB1/AIF1/CCDC88B/NFKBID/CCL2/TEK/NLRP3/IL6/SMARCB1/FGB/SFRP1/GPR65/ITGB2/TJP1/PLAUR/IL1B/CSF1/TNFSF14/EMILIN2/CSPG5/LILRB4/KDR/CD274/TNF/CR1",40
"GO:0042391","regulation of membrane potential","32/694","249/12561",0.1285140562249,2.32603034616854,5.11084743441521,7.03519301991297e-06,0.000290128422377124,0.000195160992982238,"CNGB1/KCNC4/SCN1B/FLNA/P2RX7/RGS7BP/PNOC/RYR2/SCN5A/GABRG3/SLC8B1/PID1/PMAIP1/UNC79/EDN1/LRRK2/KCNH4/ABCD1/SLC6A4/CHRNA2/KCNMA1/GRIN2C/CNTNAP1/FGF13/P2RX1/GPER1/SOD2/KCNH7/KDR/BEGAIN/TNF/SLC4A3",32
"GO:0031349","positive regulation of defense response","46/694","421/12561",0.109263657957245,1.97760923285439,4.93402201387444,7.03935474274372e-06,0.000290128422377124,0.000195160992982238,"NLRC4/OASL/MAP2K6/FFAR2/NUPR1/IFNG/ZNFX1/P2RX7/NFKBIA/OSM/ZBP1/MMP12/MNDA/CLEC4E/TREML4/MMP8/IRAK2/GBP2/IRF7/NLRP3/IL6/LRRK2/S100A12/S100A9/TNIP3/SERPINE1/CASP5/MEFV/IL1B/TNFAIP3/AIM2/DAB2IP/NLRP12/EMILIN2/RASGRP4/GBP5/GBP1/KLRD1/PIK3AP1/FCN1/CD274/OPTN/TNF/FCN3/RSAD2/C2CD4A",46
"GO:0045765","regulation of angiogenesis","30/694","226/12561",0.132743362831858,2.40257835811379,5.14536111175592,7.09141611410627e-06,0.000290128422377124,0.000195160992982238,"EMC10/GHSR/ADAMTS1/VEGFA/NRP1/TSPAN18/CLDN5/SPHK1/CXCL8/IL10/COL4A2/FGF2/TEK/IL6/SFRP1/ITGAX/SEMA6A/ITGB2/TJP1/SERPINE1/CHI3L1/C3AR1/IL1B/TNFAIP3/DAB2IP/EMILIN2/AQP1/KDR/CXCL10/TNF",30
"GO:0050921","positive regulation of chemotaxis","19/694","109/12561",0.174311926605505,3.15494540359041,5.46429387805744,7.26441593762171e-06,0.000294348545780172,0.00019799974785878,"VEGFA/NRP1/CMKLR1/PDGFB/CXCL8/CSF1R/FGF2/AIF1/CCL2/SLIT2/IL6/EDN1/SERPINE1/C3AR1/CSF1/S1PR1/PDGFRB/KDR/CXCL10",19
"GO:0048738","cardiac muscle tissue development","21/694","129/12561",0.162790697674419,2.94641780041552,5.37358973689453,7.43206110750191e-06,0.000298273385781077,0.000200639874136643,"DLL4/MYBPC3/VEGFA/FZD7/LRP2/RYR2/SCN5A/PRICKLE1/FGF2/ALPK3/MYH7/MYH6/EDN1/BMP4/TBX2/TTN/MYL2/S1PR1/PDGFRB/MYOCD/TGFBR3",21
"GO:0043491","phosphatidylinositol 3-kinase/protein kinase B signal transduction","30/694","227/12561",0.13215859030837,2.39199431248334,5.11802615664747,7.75281368071379e-06,0.000308210913684225,0.000207324561550158,"FGFR3/VEGFA/OSM/SH2B3/PDGFB/LRP2/IRS1/CSF1R/ANGPT1/HBEGF/EFNA5/FGR/EGF/FGF2/PIK3R5/TEK/EDN1/CHI3L1/CSF3/IL1B/GPER1/PDGFRB/AIM2/DAB2IP/PIP5K1C/KDR/NOX4/PIK3AP1/TNF/ADRA2B",30
"GO:0031348","negative regulation of defense response","29/694","216/12561",0.134259259259259,2.43001520973423,5.1265602861971,8.04435782847953e-06,0.000316812372796381,0.000213110514155802,"GHSR/SERPINB9/NR4A3/IL1R2/CD69/MMP12/IL10/IL18R1/CD200/FGR/MVK/USP18/IL10RA/PDCD1/TEK/NLRP3/TNFAIP6/MEFV/CST7/IL1B/GPER1/TNFSF14/TNFAIP3/RHBDF2/IL36RN/NLRP12/IL1RN/KLRD1/CR1",29
"GO:1990266","neutrophil migration","15/694","73/12561",0.205479452054795,3.71905965023094,5.63427193248236,8.50520712730803e-06,0.000331860581800704,0.000223233008835315,"PDE4B/CXCR2/CXCL8/CXCL9/SLIT2/EDN1/TNFAIP6/S100A12/S100A9/ITGB2/JAM3/TREM1/C3AR1/PIP5K1C/CXCL10",15
"GO:0001774","microglial cell activation","11/694","41/12561",0.268292682926829,4.85594292542349,5.98032029519584,9.31194500495756e-06,0.000353518344602623,0.00023780155906409,"IFNG/SPHK1/MMP8/AIF1/IL6/LRRK2/ITGAM/ITGB2/CST7/IL1B/TNF",11
"GO:0002269","leukocyte activation involved in inflammatory response","11/694","41/12561",0.268292682926829,4.85594292542349,5.98032029519584,9.31194500495756e-06,0.000353518344602623,0.00023780155906409,"IFNG/SPHK1/MMP8/AIF1/IL6/LRRK2/ITGAM/ITGB2/CST7/IL1B/TNF",11
"GO:0042130","negative regulation of T cell proliferation","11/694","41/12561",0.268292682926829,4.85594292542349,5.98032029519584,9.31194500495756e-06,0.000353518344602623,0.00023780155906409,"IL4I1/IL10/CD80/CD86/CTLA4/BMP4/SCRIB/SPN/LILRB4/CD274/CR1",11
"GO:1903131","mononuclear cell differentiation","42/694","375/12561",0.112,2.02713544668588,4.88333870616661,9.6528150364502e-06,0.000358837707548695,0.000241379740567586,"IFNL1/SHH/IL4I1/IL20RA/DLL4/IL27/INHBA/IFNG/VEGFA/IL1R2/CD69/CSF1R/IL10/IL18R1/IL2RA/BTNL8/CD80/CD86/NFKBID/CTLA4/CD79B/IRF7/NLRP3/IL6/SMARCB1/BATF2/BMP4/SFRP1/NCAPH/RELB/GPR65/CSF3/NFAM1/IL1B/SOCS3/CSF1/BATF3/SPN/LILRB4/CR1/RSAD2/IL18RAP",42
"GO:0032692","negative regulation of interleukin-1 production","10/694","34/12561",0.294117647058824,5.32335989150703,6.10437763846478,9.70752222604444e-06,0.000358837707548695,0.000241379740567586,"GHSR/IL1R2/IL10/CARD16/NLRP3/MEFV/IL1B/TNFAIP3/NLRP12/LILRB4",10
"GO:0070498","interleukin-1-mediated signaling pathway","10/694","34/12561",0.294117647058824,5.32335989150703,6.10437763846478,9.70752222604444e-06,0.000358837707548695,0.000241379740567586,"NFKBIA/ZBP1/IL1R2/IRAK2/IL6/IL1B/PLCB1/IL1RN/EGR1/RPS6KA4",10
"GO:0032945","negative regulation of mononuclear cell proliferation","12/694","49/12561",0.244897959183673,4.432511909663,5.82171322757656,1.02529759811096e-05,0.00036928239986663,0.00024840558280483,"IL4I1/MNDA/IL10/CD80/CD86/CTLA4/BMP4/SCRIB/SPN/LILRB4/CD274/CR1",12
"GO:0034113","heterotypic cell-cell adhesion","12/694","49/12561",0.244897959183673,4.432511909663,5.82171322757656,1.02529759811096e-05,0.00036928239986663,0.00024840558280483,"IL10/CD200/ICAM4/FGB/ITGAX/ITGAM/ITGB2/JAM3/IL1B/IL1RN/TNF/ITGA7",12
"GO:0050672","negative regulation of lymphocyte proliferation","12/694","49/12561",0.244897959183673,4.432511909663,5.82171322757656,1.02529759811096e-05,0.00036928239986663,0.00024840558280483,"IL4I1/MNDA/IL10/CD80/CD86/CTLA4/BMP4/SCRIB/SPN/LILRB4/CD274/CR1",12
"GO:0008277","regulation of G protein-coupled receptor signaling pathway","18/694","102/12561",0.176470588235294,3.19401593490422,5.38024873672851,1.05467577358867e-05,0.000373479303353165,0.000251228718315552,"PDE4B/RGS16/SH2B3/CXCL8/PLEK/SLIT2/PADI2/EDN1/LRRK2/RGS19/SERPINE1/SLC39A14/KCTD8/KLK6/PLCB1/GPER1/RGS6/CHGA",18
"GO:0042129","regulation of T cell proliferation","18/694","102/12561",0.176470588235294,3.19401593490422,5.38024873672851,1.05467577358867e-05,0.000373479303353165,0.000251228718315552,"SHH/IL4I1/IL27/IL10/IL2RA/CD80/CD86/AIF1/CCDC88B/CTLA4/IL6/BMP4/SCRIB/IL1B/SPN/LILRB4/CD274/CR1",18
"GO:1901342","regulation of vasculature development","30/694","231/12561",0.12987012987013,2.35057449754856,5.0101079124768,1.10027906175968e-05,0.000386381330521274,0.00025990753858756,"EMC10/GHSR/ADAMTS1/VEGFA/NRP1/TSPAN18/CLDN5/SPHK1/CXCL8/IL10/COL4A2/FGF2/TEK/IL6/SFRP1/ITGAX/SEMA6A/ITGB2/TJP1/SERPINE1/CHI3L1/C3AR1/IL1B/TNFAIP3/DAB2IP/EMILIN2/AQP1/KDR/CXCL10/TNF",30
"GO:0001934","positive regulation of protein phosphorylation","26/694","186/12561",0.139784946236559,2.53002695918936,5.08378335949952,1.13768775398983e-05,0.000393239189266504,0.000264520621688778,"IFNL1/FGFR3/LCP2/IFNG/VEGFA/OSM/IL13RA1/PDGFB/CSF1R/ANGPT1/IL10/EGF/TNK2/CD80/FGF2/PIK3R5/IL10RA/IL6/ACVR2A/BMP4/S100A12/PRLR/PLAUR/GPER1/PDGFRB/KDR",26
"GO:0002688","regulation of leukocyte chemotaxis","17/694","93/12561",0.182795698924731,3.30849679278609,5.40351593743798,1.13847131206724e-05,0.000393239189266504,0.000264520621688778,"VEGFA/CMKLR1/CXCL8/CSF1R/SLC8B1/AIF1/CCL2/SLIT2/PADI2/IL6/EDN1/TNFAIP6/SERPINE1/JAM3/C3AR1/CSF1/CXCL10",17
"GO:0050730","regulation of peptidyl-tyrosine phosphorylation","14/694","66/12561",0.212121212121212,3.83927167932932,5.59261433855641,1.15064809476906e-05,0.000394213908240391,0.000265176286932685,"IFNL1/FGFR3/IFNG/OSM/IL13RA1/CSF1R/ANGPT1/IL10/TNK2/CD80/IL10RA/IL6/SFRP1/ITGB2",14
"GO:0009611","response to wounding","43/694","391/12561",0.10997442455243,1.9904736985635,4.81160669969257,1.19531302835717e-05,0.000406085725452211,0.000273162114782915,"VIL1/FLNA/KLK8/HBB/SLC11A1/VEGFA/CD109/NRP1/FZD7/SH2B3/SPP1/MMP12/PDGFB/ANGPT1/IL10/PLEK/HBEGF/SERPINE2/TRIM72/FGF2/DGKI/F2RL3/THBD/VWF/IL6/EDN1/SCARF1/FGB/SLC6A4/SERPINE1/PLAUR/KLK6/SERPINA1/TNFAIP3/KRT6A/EMILIN2/ANKRD22/GGCX/CSPG5/KDR/TNF/ADRA2B/ZFP36",43
"GO:0001894","tissue homeostasis","23/694","154/12561",0.149350649350649,2.70316067218084,5.14264651014383,1.21420981032223e-05,0.000406085725452211,0.000273162114782915,"CNGB1/RDH12/P2RX7/VEGFA/CLDN5/SPP1/CSF1R/ANGPT1/TULP1/CRB2/PRICKLE1/VSIG1/RUFY4/IL10RA/IL6/TJP1/USH2A/SCRIB/JAM3/CLDN12/S1PR1/ZEB2/TNFAIP3",23
"GO:0060249","anatomical structure homeostasis","23/694","154/12561",0.149350649350649,2.70316067218084,5.14264651014383,1.21420981032223e-05,0.000406085725452211,0.000273162114782915,"CNGB1/RDH12/P2RX7/VEGFA/CLDN5/SPP1/CSF1R/ANGPT1/TULP1/CRB2/PRICKLE1/VSIG1/RUFY4/IL10RA/IL6/TJP1/USH2A/SCRIB/JAM3/CLDN12/S1PR1/ZEB2/TNFAIP3",23
"GO:0055008","cardiac muscle tissue morphogenesis","10/694","35/12561",0.285714285714286,5.17126389460683,5.97584836046279,1.29237085679743e-05,0.000428822896893258,0.000288456751963529,"DLL4/MYBPC3/LRP2/RYR2/MYH7/MYH6/TTN/MYL2/S1PR1/TGFBR3",10
"GO:0072012","glomerulus vasculature development","8/694","22/12561",0.363636363636364,6.58160859313597,6.33641117977686,1.33452544276228e-05,0.000439350798109394,0.000295538566418403,"PDGFB/ANGPT1/TEK/EDN1/BMP4/PDGFRB/AQP1/EGR1",8
"GO:0150076","neuroinflammatory response","14/694","67/12561",0.208955223880597,3.78196911695127,5.52132153150196,1.38180437112419e-05,0.00045138942790057,0.000303636604262959,"NUPR1/IFNG/SPHK1/CD200/MMP8/AIF1/IL6/LRRK2/ITGAM/ITGB2/CST7/IL1B/ZEB2/TNF",14
"GO:0097696","cell surface receptor signaling pathway via STAT","20/694","124/12561",0.161290322580645,2.91926187598773,5.19387323523066,1.40585796477661e-05,0.000455714266428355,0.000306545797973299,"IFNL1/FGFR3/IL20RA/IL27/IFNG/CSF2RB/OSM/SH2B3/IL13RA1/CSF1R/IL10/IL2RA/EGF/IL10RA/CCL2/IL6/GBP7/PRLR/SOCS3/TNF",20
"GO:0007600","sensory perception","32/694","258/12561",0.124031007751938,2.24488975269754,4.88584085566617,1.47237527013988e-05,0.000473632777738125,0.000318599061942841,"GJA3/CNGB1/TMC7/DLL4/RDH12/P2RX7/RGS16/PNOC/OTOF/NRL/MYO1A/LRP2/LOXHD1/TULP1/CRB2/PIP/RTP4/COL18A1/PROK2/CACNA1F/CCL2/COL2A1/TMC1/USH2A/COL11A2/OPRL1/OR2W5/MYO7B/OPA3/MYO6/TNF/TULP2",32
"GO:0072577","endothelial cell apoptotic process","11/694","43/12561",0.255813953488372,4.63008511493868,5.76617270560826,1.532019974518e-05,0.000489085770652945,0.000328993843043893,"ANGPT1/IL10/CCL2/TEK/FGB/SERPINE1/GPER1/TNFAIP3/DAB2IP/KDR/TNF",11
"GO:0002697","regulation of immune effector process","31/694","247/12561",0.125506072874494,2.27158758123418,4.88089273564086,1.5771203432439e-05,0.000499698129806752,0.000336132469909099,"IFNL1/FFAR2/IL4I1/IL27/SERPINB9/NR4A3/CD69/IL10/IL18R1/FGR/CD80/CD86/NFKBID/PDCD1/NLRP3/IL6/S100A9/ITGAM/ITGB2/NCF1/IL1B/SLC22A13/RASGRP4/LILRB4/KLRD1/FCN1/CD274/TNF/CR1/FCN3/RSAD2",31
"GO:0048661","positive regulation of smooth muscle cell proliferation","14/694","68/12561",0.205882352941176,3.72635192405492,5.45138788913589,1.65299969550743e-05,0.000519831396781218,0.000349675535915937,"ADAMTS1/POLDIP2/NR4A3/PDGFB/IL10/HBEGF/FGF2/AIF1/IL6/EDN1/BMP4/S1PR1/PDGFRB/TNF",14
"GO:0034341","response to type II interferon","17/694","96/12561",0.177083333333333,3.20510626801153,5.2447293607122,1.76109200568743e-05,0.00054972160829384,0.000369781816133012,"IFNG/SLC11A1/IFITM2/CD200/DAPK1/TP53/AIF1/GBP2/CCL2/EDN1/GCH1/GBP7/MEFV/GBP4/GBP5/GBP1/TNF",17
"GO:0071675","regulation of mononuclear cell migration","18/694","106/12561",0.169811320754717,3.07348703170029,5.18425641719601,1.82572588688921e-05,0.000565706535834641,0.000380534414261977,"MSN/CMKLR1/CD69/CSF1R/CD200/SLC8B1/AIF1/CCL2/SLIT2/PADI2/SERPINE1/JAM3/C3AR1/CSF1/PLCB1/SPN/CXCL10/TNF",18
"GO:0051607","defense response to virus","31/694","249/12561",0.124497991967871,2.25334189785077,4.83068825806612,1.85324219914781e-05,0.00057004106767948,0.000383450128386161,"IFNL1/OASL/APOBEC3A/IL27/IFNG/ZNFX1/ATAD3A/MLKL/ZBP1/MMP12/ISG20/IFITM2/RTP4/USP18/GBP2/IRF7/PMAIP1/IL6/PRF1/GBP7/IFIT2/IFIT3/IL1B/TNFAIP3/AIM2/GBP5/GBP1/CXCL10/TNF/FCN3/RSAD2",31
"GO:0042531","positive regulation of tyrosine phosphorylation of STAT protein","8/694","23/12561",0.347826086956522,6.29545169778223,6.1469103616825,1.94771165969034e-05,0.000584631785254612,0.000393264881821744,"IFNL1/FGFR3/IFNG/OSM/IL13RA1/CSF1R/IL10/IL10RA",8
"GO:0008285","negative regulation of cell population proliferation","47/694","451/12561",0.104212860310421,1.88619270656945,4.63498629727374,1.95104400248474e-05,0.000584631785254612,0.000393264881821744,"IFNL1/SPEG/NUPR1/IL4I1/ADAMTS1/DLL4/INHBA/IFNG/OSM/SH2B3/MNDA/CXCL8/CSF1R/IL10/CD200/TP53/CD80/COL18A1/CD86/AIF1/CTLA4/CCL2/IL6/BMP4/SFRP1/CCL8/SLC6A4/WWC3/TESC/E2F1/SCRIB/IFIT3/IL1B/CNN1/GPER1/TNFAIP3/SOD2/DAB2IP/SPN/MYOCD/LILRB4/NOX4/CD274/TNF/CR1/TGFBR3/CDK10",47
"GO:0032731","positive regulation of interleukin-1 beta production","12/694","52/12561",0.230769230769231,4.1767900687209,5.55115016517222,1.96866541526059e-05,0.000584631785254612,0.000393264881821744,"NLRC4/ORM1/IFNG/P2RX7/NLRP3/IL6/MEFV/AIM2/NLRP12/GBP5/TNF/EGR1",12
"GO:0055006","cardiac cell development","12/694","52/12561",0.230769230769231,4.1767900687209,5.55115016517222,1.96866541526059e-05,0.000584631785254612,0.000393264881821744,"INHBA/VEGFA/PRICKLE1/ALPK3/SPRY1/MYH6/EDN1/BMP4/TTN/MYL2/PDGFRB/TGFBR3",12
"GO:0003206","cardiac chamber morphogenesis","14/694","69/12561",0.202898550724638,3.6723468237063,5.38276552966201,1.97004540830932e-05,0.000584631785254612,0.000393264881821744,"DLL4/MYBPC3/NRP1/LRP2/RYR2/NRP2/SLIT2/MYH7/TEK/MYH6/BMP4/TBX2/MYL2/TGFBR3",14
"GO:1903037","regulation of leukocyte cell-cell adhesion","33/694","274/12561",0.12043795620438,2.17985759060981,4.77513909791939,2.00741220550612e-05,0.000591554897482713,0.000397921859052356,"IFNL1/CHST2/SHH/IL4I1/PAG1/NR4A3/CD69/IL10/IL2RA/CD80/CD86/SIRPB1/AIF1/CCDC88B/NFKBID/CTLA4/CCL2/PDCD1/NLRP3/IL6/SMARCB1/BMP4/GPR65/ITGB2/SCRIB/IL1B/TNFSF14/SPN/ILDR2/LILRB4/CD274/TNF/CR1",33
"GO:0032943","mononuclear cell proliferation","24/694","170/12561",0.141176470588235,2.55521274792338,4.93702326087703,2.07667935309408e-05,0.000607717138467948,0.000408793730803675,"SHH/IL4I1/IL27/MSN/SLC11A1/MNDA/IL10/IL2RA/CD80/CD86/AIF1/CCDC88B/CTLA4/IL6/BMP4/SCRIB/PRLR/IL1B/CSF1/TNFSF14/SPN/LILRB4/CD274/CR1",24
"GO:0010720","positive regulation of cell development","35/694","299/12561",0.117056856187291,2.11866162906133,4.7343216842312,2.09710246927183e-05,0.000607842893080935,0.000408878322292304,"SHH/IL4I1/EGR2/IFNG/VEGFA/NRP1/CLDN5/IL13RA1/LRP2/IL10/IL2RA/EFNA5/SERPINE2/ZNF365/CD80/CD86/ROBO3/NFKBID/CAMK2B/AMIGO1/SLIT2/NLRP3/IL6/SMARCB1/BMP4/GPR65/TESC/E2F1/LIMK1/IL1B/CSF1/GPER1/LILRB4/TNF/CR1",35
"GO:0022409","positive regulation of cell-cell adhesion","29/694","227/12561",0.127753303964758,2.31226116873389,4.82486668638111,2.10595781655948e-05,0.000607842893080935,0.000408878322292304,"ADAM19/CHST2/SHH/IL4I1/NR4A3/IL10/IL2RA/CD80/CD86/SIRPB1/AIF1/CCDC88B/NFKBID/CCL2/NLRP3/IL6/SMARCB1/FGB/GPR65/ITGB2/TJP1/PLAUR/IL1B/TNFSF14/EMILIN2/LILRB4/CD274/TNF/CR1",29
"GO:0002009","morphogenesis of an epithelium","30/694","239/12561",0.125523012552301,2.27189417963899,4.80079776890946,2.14979221749163e-05,0.000616273769014267,0.000414549528530487,"SHH/FLNA/DLL4/KRT16/MSN/VEGFA/IRX1/NRP1/MMP12/LRP2/CSF1R/RYR2/HBEGF/PTCH1/PRICKLE1/EGF/FGF2/SLIT2/BMP4/ITGAX/TBX2/SCRIB/NKD1/RASIP1/KRT17/KRT6A/RHBDF2/KDR/CXCL10/TNF",30
"GO:2001235","positive regulation of apoptotic signaling pathway","16/694","88/12561",0.181818181818182,3.29080429656798,5.21492356830284,2.19980776078443e-05,0.000626350669185514,0.000421327967635109,"CRADD/BBC3/NUPR1/ATF3/INHBA/TP53/PMAIP1/G0S2/SFRP1/BCLAF1/S100A9/GPER1/TNFSF14/DAB2IP/BCL2L14/TNF",16
"GO:0070371","ERK1 and ERK2 cascade","27/694","205/12561",0.131707317073171,2.38382652702608,4.83085181620289,2.32990276496387e-05,0.000658940285339446,0.000443250059229582,"FGFR3/ATF3/LMO3/INHBA/VEGFA/NRP1/PDGFB/CSF1R/ANGPT1/EGF/SPRED3/FGF2/SPRY4/SPRY1/TEK/EDN1/FGB/SEMA6A/CHI3L1/IL1B/GPER1/PDGFRB/DAB2IP/GBP1/KDR/NOX4/TNF",27
"GO:0043270","positive regulation of monoatomic ion transport","19/694","118/12561",0.161016949152542,2.914313974503,5.05237650109933,2.35010367691651e-05,0.000660222459635079,0.000444112540770211,"SCN1B/FLNA/IFNG/P2RX7/PDGFB/CXCL9/SCN5A/CXCL11/F2RL3/AMIGO1/CCL2/EDN1/SLC6A4/TESC/FGF13/P2RX1/GPER1/PDGFRB/CXCL10",19
"GO:0030048","actin filament-based movement","17/694","99/12561",0.171717171717172,3.10798183564754,5.09207359535284,2.67063549427889e-05,0.000745301852509353,0.000501342986031745,"VIL1/PDE4B/SCN1B/FLNA/MYBPC3/MYH3/MYO1G/MYO1A/RYR2/SCN5A/MYH7/MYH6/TTN/FGF13/ZEB2/MYO7B/MYO6",17
"GO:0007200","phospholipase C-activating G protein-coupled receptor signaling pathway","15/694","80/12561",0.1875,3.39364193083573,5.19378023928756,2.70647130876414e-05,0.00075033355889027,0.000504727669289073,"FFAR2/VEGFA/CMKLR1/CXCR2/PLEK/DGKI/F2RL3/ESR1/C3AR1/PLCB1/S1PR1/OPRL1/RASGRP4/CHGA/PLCB3",15
"GO:0002831","regulation of response to biotic stimulus","48/694","471/12561",0.101910828025478,1.84452724903174,4.517675717742,2.84571019902559e-05,0.000781544394294484,0.00052572229497719,"NLRC4/OASL/MAP2K6/FFAR2/IL4I1/IL27/SERPINB9/ZNFX1/P2RX7/NFKBIA/ZBP1/MMP12/MNDA/CLEC4E/TREML4/CARD16/FGR/DAPK1/IRAK2/USP18/GBP2/IRF7/PDCD1/NLRP3/S100A9/TNIP3/MEFV/TIGAR/NCF1/IL1B/SLC22A13/TNFAIP3/AIM2/CD300E/DAB2IP/EMILIN2/RASGRP4/GBP5/KLRD1/PIK3AP1/N4BP1/FCN1/CD274/OPTN/TNF/CR1/FCN3/RSAD2",48
"GO:0070269","pyroptotic inflammatory response","10/694","38/12561",0.263157894736842,4.76300621871682,5.61793393572236,2.8621563486154e-05,0.000781544394294484,0.00052572229497719,"NLRC4/ZBP1/GBP2/NLRP3/MEFV/ZEB2/AIM2/GZMB/GBP5/GBP1",10
"GO:0007507","heart development","36/694","316/12561",0.113924050632911,2.06195965417867,4.62355733720767,2.89158821297087e-05,0.000781544394294484,0.00052572229497719,"SNAI1/SHH/DLL4/MYBPC3/INHBA/ASCL1/VEGFA/NRP1/FZD7/CLDN5/PDGFB/LRP2/RYR2/NRP2/SCN5A/PRICKLE1/FGF2/DCHS1/ALPK3/SLIT2/MYH7/SPRY1/TEK/MYH6/EDN1/BMP4/TBX2/TTN/BCOR/MYL2/GPER1/S1PR1/PDGFRB/MYOCD/KDR/TGFBR3",36
"GO:0043408","regulation of MAPK cascade","47/694","458/12561",0.102620087336245,1.85736443376162,4.52018041983742,2.89323506193497e-05,0.000781544394294484,0.00052572229497719,"FGFR3/ATF3/LMO3/IL27/INHBA/P2RX7/VEGFA/CBLC/NRP1/OSM/FZD7/SH2B3/SPHK1/PDGFB/CSF1R/ANGPT1/EGF/SPRED3/FGF2/DUSP2/PIK3R5/SPRY4/TRIB3/SPRY1/TEK/DSG3/IL6/EDN1/BMP4/FGB/LRRK2/S100A12/SEMA6A/NKD1/CHI3L1/IL1B/PLCB1/GPER1/PDGFRB/UCHL1/DAB2IP/LILRB4/GBP1/KDR/NOX4/TNF/ADRA2B",47
"GO:0050830","defense response to Gram-positive bacterium","11/694","46/12561",0.239130434782609,4.32812304222529,5.46848401039415,3.05295099754774e-05,0.000819435382399118,0.000551210466053261,"IL18R1/FGR/GBP2/IL6/GBP7/GBP4/IL1B/KRT6A/RNASE7/CHGA/IL18RAP",11
"GO:0002443","leukocyte mediated immunity","32/694","268/12561",0.119402985074627,2.16112520968644,4.64645348947865,3.17674975284313e-05,0.000847267307498795,0.000569932196570237,"MILR1/IL4I1/SERPINB9/NR4A3/CSF2RB/MYO1G/IL10/IL18R1/FGR/SLAMF7/CD80/PDCD1/NLRP3/IL6/PRF1/ITGAM/ITGB2/TREM1/C1S/IL1B/MPO/FCGR3B/SLC22A13/GZMB/RASGRP4/LILRB4/KLRD1/CD274/FCGR2A/CHGA/CR1/RSAD2",32
"GO:0071346","cellular response to type II interferon","13/694","63/12561",0.206349206349206,3.73480170166049,5.26235254500994,3.21698570663495e-05,0.000852602375330796,0.000573520942295975,"IFNG/CD200/DAPK1/TP53/AIF1/GBP2/CCL2/EDN1/GBP7/GBP4/GBP5/GBP1/TNF",13
"GO:0023061","signal release","34/694","293/12561",0.116040955631399,2.10027441453315,4.60841969906937,3.28865394006763e-05,0.000866149231465312,0.000582633520351368,"GHSR/FFAR2/STX11/INHBA/IFNG/BLK/TFR2/OSM/PNOC/DYSF/SNAP29/OTOF/SPP1/IRS1/SV2A/EFNA5/SLC8B1/IL6/EDN1/FGB/LRRK2/SLC6A4/RASL10B/SCRIB/ERC2/IL1B/P2RX1/GPER1/PIP5K1C/GGCX/CSPG5/TNF/CHGA/ADRA2B",34
"GO:0050673","epithelial cell proliferation","30/694","245/12561",0.122448979591837,2.2162559548315,4.64918968324863,3.46450100446476e-05,0.000906795480299038,0.000609975075578529,"EMC10/GHSR/NUPR1/KLK8/DLL4/NR4A3/VEGFA/NRP1/FZD7/MMP12/PDGFB/IL10/NRP2/SCN5A/EGF/FGF2/PROK2/CCL2/TEK/IL6/BMP4/SFRP1/TBX2/ZEB2/TNFAIP3/DAB2IP/KDR/TNF/ZFP36/TGFBR3",30
"GO:0051249","regulation of lymphocyte activation","39/694","357/12561",0.109243697478992,1.97724795970261,4.52993389782786,3.52929914085741e-05,0.000918053492566243,0.00061754801460695,"IFNL1/SHH/IL4I1/PAG1/IL27/INHBA/CD69/MNDA/IL10/IL2RA/FGR/THEMIS2/CD80/CD86/SIRPB1/AIF1/CCDC88B/NFKBID/CTLA4/CCL2/PDCD1/NLRP3/IL6/SMARCB1/BMP4/SFRP1/GPR65/SCRIB/PRLR/NFAM1/IL1B/TNFSF14/TNFAIP3/SPN/ILDR2/LILRB4/KLRD1/CD274/CR1",39
"GO:0032944","regulation of mononuclear cell proliferation","21/694","143/12561",0.146853146853147,2.65795731645876,4.82191577596431,3.72304722364715e-05,0.000956641524417627,0.00064350506683797,"SHH/IL4I1/IL27/MNDA/IL10/IL2RA/CD80/CD86/AIF1/CCDC88B/CTLA4/IL6/BMP4/SCRIB/PRLR/IL1B/CSF1/SPN/LILRB4/CD274/CR1",21
"GO:0060562","epithelial tube morphogenesis","21/694","143/12561",0.146853146853147,2.65795731645876,4.82191577596431,3.72304722364715e-05,0.000956641524417627,0.00064350506683797,"SHH/DLL4/VEGFA/IRX1/NRP1/LRP2/CSF1R/RYR2/PTCH1/PRICKLE1/EGF/FGF2/SLIT2/BMP4/ITGAX/TBX2/SCRIB/RASIP1/KDR/CXCL10/TNF",21
"GO:0060537","muscle tissue development","26/694","199/12561",0.130653266331658,2.36474881612674,4.69287491485023,3.7795991024233e-05,0.000965286704097683,0.000649320429004302,"SHH/DLL4/EGR2/MYBPC3/VEGFA/FZD7/LRP2/RYR2/SCN5A/PTCH1/PRICKLE1/FGF2/ALPK3/MYH7/MYH6/EDN1/BMP4/TBX2/TTN/CNTNAP1/MYL2/S1PR1/PDGFRB/RPL3L/MYOCD/TGFBR3",26
"GO:0002526","acute inflammatory response","13/694","64/12561",0.203125,3.67644542507205,5.1909826582416,3.83607417689833e-05,0.000973808227798167,0.000655052611371965,"ORM1/FFAR2/OSM/NLRP3/IL6/SERPINA1/IL1B/FCGR3B/IL1RN/FCGR2A/TNF/C2CD4A/SAA2",13
"GO:0050832","defense response to fungus","9/694","32/12561",0.28125,5.0904628962536,5.60264784763875,4.04778826347664e-05,0.0010213999845683,0.000687066208774549,"ZBP1/CLEC4E/S100A12/S100A9/MPO/CLEC4D/IL36RN/RNASE7/CHGA",9
"GO:0070098","chemokine-mediated signaling pathway","12/694","56/12561",0.214285714285714,3.87844792095513,5.22053035698692,4.34639584250064e-05,0.00109022095716058,0.000733360085255406,"SH2B3/CMKLR1/CXCR2/CXCL9/CXCL11/CCL2/SLIT2/PADI2/EDN1/CCL8/CCRL2/CXCL10",12
"GO:0035051","cardiocyte differentiation","16/694","93/12561",0.172043010752688,3.11387933438691,4.94797337768659,4.47094895971154e-05,0.00111482715480618,0.000749911962271409,"INHBA/VEGFA/FZD7/PRICKLE1/ALPK3/SPRY1/MYH6/EDN1/BMP4/TBX2/TTN/MYL2/GPER1/PDGFRB/MYOCD/TGFBR3",16
"GO:0048644","muscle organ morphogenesis","10/694","40/12561",0.25,4.52485590778098,5.3995297684285,4.64187121551622e-05,0.00114390908199914,0.000769474533019607,"DLL4/MYBPC3/LRP2/RYR2/MYH7/MYH6/TTN/MYL2/S1PR1/TGFBR3",10
"GO:0060415","muscle tissue morphogenesis","10/694","40/12561",0.25,4.52485590778098,5.3995297684285,4.64187121551622e-05,0.00114390908199914,0.000769474533019607,"DLL4/MYBPC3/LRP2/RYR2/MYH7/MYH6/TTN/MYL2/S1PR1/TGFBR3",10
"GO:0003205","cardiac chamber development","15/694","84/12561",0.178571428571429,3.23203993412927,4.96352941177506,4.91763033476084e-05,0.00120481943201641,0.000810447162639511,"DLL4/MYBPC3/NRP1/LRP2/RYR2/NRP2/SCN5A/SLIT2/MYH7/TEK/MYH6/BMP4/TBX2/MYL2/TGFBR3",15
"GO:0046651","lymphocyte proliferation","23/694","168/12561",0.136904761904762,2.47789728283244,4.6635297374635,5.02864002891854e-05,0.00121785569435993,0.00081921627902905,"SHH/IL4I1/IL27/MSN/SLC11A1/MNDA/IL10/IL2RA/CD80/CD86/AIF1/CCDC88B/CTLA4/IL6/BMP4/SCRIB/PRLR/IL1B/TNFSF14/SPN/LILRB4/CD274/CR1",23
"GO:0097191","extrinsic apoptotic signaling pathway","23/694","168/12561",0.136904761904762,2.47789728283244,4.6635297374635,5.02864002891854e-05,0.00121785569435993,0.00081921627902905,"BCL2A1/CRADD/FGFR3/ATF3/INHBA/IFNG/P2RX7/NRP1/FAIM2/DDX47/PMAIP1/G0S2/BMP4/FGB/SFRP1/SERPINE1/IL1B/GPER1/TNFSF14/TNFAIP3/DAB2IP/BCL2L14/TNF",23
"GO:0042325","regulation of phosphorylation","38/694","350/12561",0.108571428571429,1.9650802799506,4.4281867878991,5.07635988011276e-05,0.00122238745913115,0.000822264666034597,"IFNL1/FGFR3/LCP2/INHBA/IFNG/VEGFA/NRP1/OSM/FZD7/IL13RA1/PDGFB/CSF1R/ANGPT1/IL10/FGR/EGF/DAPK1/TNK2/IRAK2/CD80/FGF2/PIK3R5/IL10RA/SLIT2/TRIB3/IL6/ACVR2A/GRB10/BMP4/SFRP1/S100A12/ITGB2/PRLR/PLAUR/TIGAR/GPER1/PDGFRB/KDR",38
"GO:0070372","regulation of ERK1 and ERK2 cascade","25/694","191/12561",0.130890052356021,2.36903450669161,4.61052426751396,5.14492847373662e-05,0.00123185957888216,0.000828636286853778,"FGFR3/ATF3/LMO3/INHBA/VEGFA/NRP1/PDGFB/CSF1R/ANGPT1/SPRED3/FGF2/SPRY4/SPRY1/TEK/FGB/SEMA6A/CHI3L1/IL1B/GPER1/PDGFRB/DAB2IP/GBP1/KDR/NOX4/TNF",25
"GO:0045987","positive regulation of smooth muscle contraction","7/694","20/12561",0.35,6.33479827089337,5.77392315263539,6.27426488482414e-05,0.00149377131212706,0.00100481672968999,"GHSR/SPHK1/PROK2/EDN1/GPER1/MYOCD/ADRA2B",7
"GO:0002683","negative regulation of immune system process","41/694","394/12561",0.104060913705584,1.88344256059919,4.30862561047661,6.83296794745658e-05,0.00161318095986011,0.00108514014382606,"IFNL1/LILRB3/MILR1/IL4I1/PAG1/INHBA/SERPINB9/CD69/MMP12/MNDA/IL10/CD200/FGR/CD80/CD86/USP18/CTLA4/CCL2/SLIT2/PADI2/PDCD1/TNFAIP6/BMP4/SFRP1/MEFV/SCRIB/CST7/PLCB1/GPER1/TNFAIP3/DAB2IP/RHBDF2/SPN/ILDR2/LILRB4/GBP1/KLRD1/CD274/TNF/BPI/CR1",41
"GO:0032715","negative regulation of interleukin-6 production","9/694","34/12561",0.264705882352941,4.79102390235633,5.35274465165163,6.85238234017466e-05,0.00161318095986011,0.00108514014382606,"ORM1/GHSR/IL10/CD200/TNFAIP3/NLRP12/LILRB4/TNF/BPI",9
"GO:0061045","negative regulation of wound healing","11/694","50/12561",0.22,3.98187319884726,5.10895697674588,6.98432035639353e-05,0.00163055237194768,0.00109682538998269,"CD109/SH2B3/PDGFB/SERPINE2/FGF2/THBD/EDN1/FGB/SERPINE1/PLAUR/TNF",11
"GO:0014706","striated muscle tissue development","24/694","183/12561",0.131147540983607,2.37369490244248,4.52683511503306,7.00355907267514e-05,0.00163055237194768,0.00109682538998269,"DLL4/EGR2/MYBPC3/VEGFA/FZD7/LRP2/RYR2/SCN5A/PRICKLE1/FGF2/ALPK3/MYH7/MYH6/EDN1/BMP4/TBX2/TTN/CNTNAP1/MYL2/S1PR1/PDGFRB/RPL3L/MYOCD/TGFBR3",24
"GO:1904064","positive regulation of cation transmembrane transport","14/694","77/12561",0.181818181818182,3.29080429656799,4.87596472790206,7.10375432123039e-05,0.00164479234668488,0.00110640420886222,"SCN1B/FLNA/IFNG/P2RX7/CXCL9/CXCL11/F2RL3/AMIGO1/EDN1/TESC/FGF13/P2RX1/GPER1/CXCL10",14
"GO:0032691","negative regulation of interleukin-1 beta production","8/694","27/12561",0.296296296296296,5.36279218699968,5.4878931544358,7.2411526582867e-05,0.00165838137510979,0.00111554515499684,"GHSR/IL1R2/CARD16/NLRP3/MEFV/IL1B/TNFAIP3/LILRB4",8
"GO:0042509","regulation of tyrosine phosphorylation of STAT protein","8/694","27/12561",0.296296296296296,5.36279218699968,5.4878931544358,7.2411526582867e-05,0.00165838137510979,0.00111554515499684,"IFNL1/FGFR3/IFNG/OSM/IL13RA1/CSF1R/IL10/IL10RA",8
"GO:0032732","positive regulation of interleukin-1 production","12/694","59/12561",0.203389830508475,3.68123870463537,4.99201431724473,7.48287754111273e-05,0.00170447815990535,0.00114655312801885,"NLRC4/ORM1/IFNG/P2RX7/NLRP3/IL6/MEFV/AIM2/NLRP12/GBP5/TNF/EGR1",12
"GO:0050868","negative regulation of T cell activation","16/694","97/12561",0.164948453608247,2.98547193915446,4.74706287757526,7.57671109487318e-05,0.00171657314805353,0.00115468907649907,"IFNL1/IL4I1/PAG1/CD69/IL10/CD80/CD86/CTLA4/PDCD1/BMP4/SCRIB/SPN/ILDR2/LILRB4/CD274/CR1",16
"GO:0031401","positive regulation of protein modification process","33/694","293/12561",0.112627986348123,2.03850163763512,4.34968889685954,7.73239055767743e-05,0.00174247560481565,0.00117211290950707,"IFNL1/FGFR3/LCP2/IFNG/VEGFA/OSM/SPHK1/IL13RA1/PDGFB/CSF1R/ANGPT1/IL10/PRICKLE1/EGF/TNK2/CD80/FGF2/PIK3R5/IL10RA/TRIB3/IL6/ACVR2A/BMP4/LRRK2/S100A12/AMER1/UBE2S/PRLR/PLAUR/GPER1/PDGFRB/KDR/EGR1",33
"GO:0043269","regulation of monoatomic ion transport","30/694","256/12561",0.1171875,2.12102620677233,4.38226890062366,7.88863051060055e-05,0.001768228136791,0.00118943589245006,"PDE4B/SCN1B/FLNA/CA2/IFNG/P2RX7/TSPAN18/PDGFB/RYR2/CXCL9/SCN5A/EGF/CXCL11/F2RL3/SLC8B1/CACNA1F/CAMK2B/AMIGO1/CCL2/JPH3/EDN1/SLC6A4/TESC/PXK/GRIN2C/FGF13/P2RX1/GPER1/PDGFRB/CXCL10",30
"GO:0006937","regulation of muscle contraction","18/694","118/12561",0.152542372881356,2.76092902847653,4.64755341186302,7.96346757403757e-05,0.00176914898146457,0.00119005531801135,"GHSR/PDE4B/MYBPC3/SPHK1/RYR2/SCN5A/CACNA2D3/PROK2/MYH7/JPH3/EDN1/MYL2/FGF13/CNN1/GPER1/MYOCD/CHGA/ADRA2B",18
"GO:0007517","muscle organ development","23/694","173/12561",0.132947976878613,2.40628175442688,4.5040051568051,7.97670399806045e-05,0.00176914898146457,0.00119005531801135,"SPEG/SHH/DLL4/EGR2/MYBPC3/MYH3/LRP2/RYR2/HBEGF/TRIM72/MYH7/MYH6/BMP4/CD164/TTN/CNTNAP1/MYL2/S1PR1/RPL3L/MYOCD/CXCL10/TGFBR3/ITGA7",23
"GO:0030855","epithelial cell differentiation","41/694","398/12561",0.103015075376884,1.86451348963839,4.23835217724148,8.56387340572709e-05,0.0018894325932845,0.00127096662249483,"VIL1/FAT4/FLNA/SGPP1/KRT16/MSN/IFNG/ASCL1/VEGFA/NRP1/FZD7/CLDN5/PDGFB/EFNA5/SPRED3/FGF2/COL18A1/VSIG1/SPRR1A/SPRY1/EDN1/BMP4/TJP1/USH2A/HRNR/SERPINE1/SCRIB/SPRR1B/SULT1B1/IL1B/PLCB1/KRT17/KRT6B/S1PR1/ZEB2/KRT6A/RHBDF2/KDR/MYO6/TNF/ZFP36",41
"GO:0150077","regulation of neuroinflammatory response","9/694","35/12561",0.257142857142857,4.65413750514615,5.23500123002681,8.77700169980521e-05,0.00192636901890516,0.0012958126870144,"NUPR1/SPHK1/CD200/MMP8/IL6/LRRK2/CST7/IL1B/TNF",9
"GO:0045766","positive regulation of angiogenesis","19/694","130/12561",0.146153846153846,2.64530037685657,4.56003235193936,9.21332473354821e-05,0.00201165546254778,0.00135318240933544,"EMC10/GHSR/VEGFA/NRP1/SPHK1/CXCL8/IL10/FGF2/TEK/ITGAX/ITGB2/TJP1/SERPINE1/CHI3L1/C3AR1/IL1B/EMILIN2/AQP1/KDR",19
"GO:0035633","maintenance of blood-brain barrier","8/694","28/12561",0.285714285714286,5.17126389460683,5.34346840584998,9.65094938355117e-05,0.00209634539702498,0.00141015087720477,"VEGFA/CLDN5/ANGPT1/IL6/TJP1/JAM3/CLDN12/ZEB2",8
"GO:2001233","regulation of apoptotic signaling pathway","30/694","259/12561",0.115830115830116,2.09645833565142,4.31179632474279,9.76507744581768e-05,0.00211025827470132,0.00141950966735814,"CRADD/SNAI1/BBC3/NUPR1/ATF3/INHBA/NRP1/FAIM2/IL10/TP53/FGF2/PMAIP1/G0S2/BMP4/FGB/SFRP1/BCLAF1/LRRK2/S100A9/SERPINE1/PLAUR/IL1B/GPER1/TNFSF14/TNFAIP3/SOD2/DAB2IP/BCL2L14/TNF/FBXO7",30
"GO:0048754","branching morphogenesis of an epithelial tube","11/694","52/12561",0.211538461538462,3.82872422966083,4.94293693792327,0.000102102310457893,0.00217919474756512,0.0014658812375289,"SHH/DLL4/VEGFA/NRP1/FGF2/SLIT2/BMP4/TBX2/RASIP1/KDR/TNF",11
"GO:0070588","calcium ion transmembrane transport","27/694","223/12561",0.121076233183857,2.19141003605536,4.34105598140375,0.000102342046207323,0.00217919474756512,0.0014658812375289,"CNGB1/PDE4B/FLNA/P2RX7/FAIM2/TRPM6/RYR2/CXCL9/CACNA2D3/CXCL11/FGF2/F2RL3/TRPM3/PKD1L1/SLC8B1/CACNA1F/JPH3/EDN1/TMC1/GRIN2C/CACNA1E/TRPV5/PLCB1/P2RX1/GPER1/CXCL10/PLCB3",27
"GO:0042060","wound healing","34/694","310/12561",0.109677419354839,1.98509807567166,4.246964506425,0.00010249996222825,0.00217919474756512,0.0014658812375289,"VIL1/FLNA/HBB/SLC11A1/VEGFA/CD109/FZD7/SH2B3/MMP12/PDGFB/ANGPT1/PLEK/HBEGF/SERPINE2/TRIM72/FGF2/DGKI/F2RL3/THBD/VWF/IL6/EDN1/FGB/SLC6A4/SERPINE1/PLAUR/SERPINA1/TNFAIP3/KRT6A/EMILIN2/GGCX/KDR/TNF/ADRA2B",34
"GO:0050670","regulation of lymphocyte proliferation","20/694","142/12561",0.140845070422535,2.54921459593295,4.4896917281356,0.000102909291591234,0.00217919474756512,0.0014658812375289,"SHH/IL4I1/IL27/MNDA/IL10/IL2RA/CD80/CD86/AIF1/CCDC88B/CTLA4/IL6/BMP4/SCRIB/PRLR/IL1B/SPN/LILRB4/CD274/CR1",20
"GO:0003018","vascular process in circulatory system","24/694","188/12561",0.127659574468085,2.31056471886688,4.37828445695084,0.000107626783743374,0.00226769633347289,0.00152541369300068,"SLC5A5/HBB/VEGFA/SMTNL1/SLC6A1/CLDN5/LRP2/ANGPT1/SLIT2/PLVAP/TEK/EDN1/FGB/TJP1/SLC6A4/KCNMA1/GPER1/ZEB2/SOD2/SLC38A5/TNF/ADRA2B/SLC4A3/C2CD4A",24
"GO:0002460","adaptive immune response based on somatic recombination of immune receptors built from immunoglobulin superfamily domains","28/694","236/12561",0.11864406779661,2.14738924437063,4.30305994060565,0.000109280197539701,0.00229107837030994,0.00154114211246981,"IL4I1/IL27/SLC11A1/CSF2RB/CD69/MYO1G/IL10/IL18R1/CD80/NFKBID/PDCD1/NLRP3/IL6/PRF1/C1S/IL1B/SOCS3/FCGR3B/SLC22A13/TNFAIP3/SPN/LILRB4/KLRD1/CD274/FCGR2A/CR1/RSAD2/IL18RAP",28
"GO:0071622","regulation of granulocyte chemotaxis","10/694","44/12561",0.227272727272727,4.11350537070998,5.00299322856897,0.000111188510233094,0.00230913522606585,0.00155328843674438,"CMKLR1/CXCL8/CSF1R/CCL2/SLIT2/EDN1/TNFAIP6/JAM3/C3AR1/CSF1",10
"GO:0002456","T cell mediated immunity","15/694","90/12561",0.166666666666667,3.01657060518732,4.64288718597761,0.000111733548391426,0.00230913522606585,0.00155328843674438,"IL4I1/MYO1G/IL18R1/CD80/PDCD1/NLRP3/IL6/PRF1/IL1B/SLC22A13/LILRB4/KLRD1/CD274/CR1/RSAD2",15
"GO:0002573","myeloid leukocyte differentiation","21/694","154/12561",0.136363636363636,2.46810322242599,4.4328970464498,0.000111785378765409,0.00230913522606585,0.00155328843674438,"LILRB3/IL20RA/INHBA/IFNG/VEGFA/SBNO2/IL1R2/CSF1R/IRF7/TNFAIP6/BATF2/BMP4/TESC/TAL1/CSF3/IL1B/CSF1/BATF3/SNX10/LILRB4/TNF",21
"GO:0009615","response to virus","35/694","325/12561",0.107692307692308,1.94916869873642,4.19246492491086,0.000117352979861755,0.00241231930310944,0.00162269737906995,"IFNL1/OASL/APOBEC3A/IL27/IFNG/ZNFX1/ATAD3A/MLKL/ZBP1/MMP12/ISG20/IFITM2/FGR/RTP4/USP18/GBP2/IRF7/PMAIP1/NLRP3/IL6/PRF1/CCL8/GBP7/IFIT2/IFIT3/IL1B/BATF3/TNFAIP3/AIM2/GBP5/GBP1/CXCL10/TNF/FCN3/RSAD2",35
"GO:0001763","morphogenesis of a branching structure","12/694","62/12561",0.193548387096774,3.50311425118528,4.77796503526346,0.000124011255560259,0.00246280309758972,0.00165665636654025,"SHH/DLL4/VEGFA/NRP1/FGF2/SLIT2/BMP4/LRRK2/TBX2/RASIP1/KDR/TNF",12
"GO:1990868","response to chemokine","12/694","62/12561",0.193548387096774,3.50311425118528,4.77796503526346,0.000124011255560259,0.00246280309758972,0.00165665636654025,"SH2B3/CMKLR1/CXCR2/CXCL9/CXCL11/CCL2/SLIT2/PADI2/EDN1/CCL8/CCRL2/CXCL10",12
"GO:1990869","cellular response to chemokine","12/694","62/12561",0.193548387096774,3.50311425118528,4.77796503526346,0.000124011255560259,0.00246280309758972,0.00165665636654025,"SH2B3/CMKLR1/CXCR2/CXCL9/CXCL11/CCL2/SLIT2/PADI2/EDN1/CCL8/CCRL2/CXCL10",12
"GO:0003158","endothelium development","16/694","101/12561",0.158415841584158,2.8672354267127,4.55622148913773,0.000124348435558366,0.00246280309758972,0.00165665636654025,"DLL4/MSN/VEGFA/NRP1/CLDN5/COL18A1/EDN1/BMP4/ITGAX/TJP1/IL1B/PLCB1/S1PR1/KDR/CXCL10/TNF",16
"GO:0002819","regulation of adaptive immune response","20/694","144/12561",0.138888888888889,2.5138088376561,4.41822700245094,0.00012523617361985,0.00246280309758972,0.00165665636654025,"IL4I1/IL27/SLC11A1/CD69/IL10/IL18R1/CD80/NFKBID/IRF7/PDCD1/NLRP3/IL6/IL1B/SLC22A13/TNFAIP3/LILRB4/KLRD1/CD274/CR1/RSAD2",20
"GO:0050869","negative regulation of B cell activation","7/694","22/12561",0.318181818181818,5.75890751899397,5.40245599520543,0.000125262895971452,0.00246280309758972,0.00165665636654025,"INHBA/MNDA/IL10/CTLA4/SFRP1/TNFAIP3/CR1",7
"GO:0034767","positive regulation of monoatomic ion transmembrane transport","14/694","81/12561",0.172839506172839,3.12829544241648,4.64698441058765,0.000125662534489632,0.00246280309758972,0.00165665636654025,"SCN1B/FLNA/IFNG/P2RX7/CXCL9/CXCL11/F2RL3/AMIGO1/EDN1/TESC/FGF13/P2RX1/GPER1/CXCL10",14
"GO:0002822","regulation of adaptive immune response based on somatic recombination of immune receptors built from immunoglobulin superfamily domains","19/694","133/12561",0.142857142857143,2.58563194730342,4.44561315941163,0.000125713936811933,0.00246280309758972,0.00165665636654025,"IL4I1/IL27/SLC11A1/CD69/IL10/IL18R1/CD80/NFKBID/PDCD1/NLRP3/IL6/IL1B/SLC22A13/TNFAIP3/LILRB4/KLRD1/CD274/CR1/RSAD2",19
"GO:1904018","positive regulation of vasculature development","19/694","133/12561",0.142857142857143,2.58563194730342,4.44561315941163,0.000125713936811933,0.00246280309758972,0.00165665636654025,"EMC10/GHSR/VEGFA/NRP1/SPHK1/CXCL8/IL10/FGF2/TEK/ITGAX/ITGB2/TJP1/SERPINE1/CHI3L1/C3AR1/IL1B/EMILIN2/AQP1/KDR",19
"GO:0043068","positive regulation of programmed cell death","41/694","405/12561",0.101234567901235,1.83228733055822,4.11727175825414,0.000125749710823531,0.00246280309758972,0.00165665636654025,"NLRC4/BCL2A1/CRADD/BBC3/NUPR1/ATF3/INHBA/IFNG/ZBP1/MNDA/IL10/DAPK1/TP53/CTLA4/PLEKHN1/CCL2/PMAIP1/SLIT2/G0S2/IL6/PRF1/BMP4/SFRP1/BCLAF1/LRRK2/S100A9/E2F1/CASP5/SCRIB/IFIT2/KCNMA1/GPER1/PHLDA1/TNFSF14/SOD2/DAB2IP/EMILIN2/BCL2L14/CD274/IDO1/TNF",41
"GO:0007169","cell surface receptor protein tyrosine kinase signaling pathway","45/694","459/12561",0.0980392156862745,1.77445329716901,4.08768183682245,0.000126237652842757,0.00246280309758972,0.00165665636654025,"VIL1/FGFR3/LCP2/NR4A3/VEGFA/CBLC/BLK/NRP1/SH2B3/PDGFB/IRS1/CSF1R/ANGPT1/NRP2/HBEGF/EFNA5/FGR/PRICKLE1/EGF/COL4A2/FGF2/SPRY4/PID1/TRIB3/SPRY1/TEK/GRB10/TBX2/SEMA6A/SH2B2/SLC39A14/PRLR/PLAUR/EPHA10/IL1B/CSF1/PLCB1/GPER1/PDGFRB/DAB2IP/RHBDF2/MYOCD/KDR/ADRA2B/SHC2",45
"GO:0002366","leukocyte activation involved in immune response","26/694","214/12561",0.121495327102804,2.19899539443562,4.27806876668818,0.000129206403785818,0.0025090911790093,0.00168779301926483,"IFNL1/MILR1/IL27/IFNG/SLC11A1/NR4A3/SBNO2/CD69/DYSF/IL10/IL18R1/FGR/CD80/CD86/NFKBID/NLRP3/IL6/ITGAM/ITGB2/IL1B/SOCS3/SPN/TNF/CHGA/CR1/IL18RAP",26
"GO:0007599","hemostasis","22/694","167/12561",0.131736526946108,2.38435520889058,4.35515997804065,0.000129801109877557,0.0025090911790093,0.00168779301926483,"FLNA/HBB/SH2B3/PDGFB/ANGPT1/PLEK/SERPINE2/DGKI/F2RL3/THBD/VWF/IL6/EDN1/FGB/SLC6A4/FLI1/SERPINE1/PLAUR/SERPINA1/EMILIN2/GGCX/ADRA2B",22
"GO:0034762","regulation of transmembrane transport","29/694","251/12561",0.115537848605578,2.09116846734101,4.22283123504054,0.000132763886224829,0.00255464391119373,0.00171843502384104,"PDE4B/SCN1B/FLNA/CA2/IFNG/P2RX7/NR4A3/IRS1/RYR2/CXCL9/SCN5A/DAPK1/CXCL11/F2RL3/PID1/CACNA1F/AMIGO1/TRIB3/JPH3/EDN1/GRB10/TESC/GRIN2C/IL1B/FGF13/P2RX1/GPER1/CXCL10/TNF",29
"GO:0002699","positive regulation of immune effector process","21/694","156/12561",0.134615384615385,2.43646087342053,4.36577952472556,0.000134660057816653,0.0025793521983608,0.00173505557352351,"FFAR2/NR4A3/IL10/IL18R1/FGR/CD80/CD86/NFKBID/NLRP3/IL6/ITGAM/ITGB2/IL1B/SLC22A13/RASGRP4/KLRD1/FCN1/TNF/CR1/FCN3/RSAD2",21
"GO:1903034","regulation of response to wounding","18/694","123/12561",0.146341463414634,2.64869614114009,4.44346726096821,0.000137586391129983,0.00262347987430656,0.00176473898401122,"VIL1/CD109/SH2B3/SPP1/PDGFB/IL10/HBEGF/SERPINE2/FGF2/THBD/EDN1/SCARF1/FGB/SERPINE1/PLAUR/TNFAIP3/EMILIN2/TNF",18
"GO:0002675","positive regulation of acute inflammatory response","6/694","16/12561",0.375,6.78728386167147,5.60148950915309,0.000138246336114726,0.00262418946120475,0.00176521630258113,"FFAR2/OSM/IL6/IL1B/TNF/C2CD4A",6
"GO:0009620","response to fungus","9/694","37/12561",0.243243243243243,4.40256250486798,5.01232852305304,0.000140018877018587,0.00263410512391218,0.00177188628191029,"ZBP1/CLEC4E/S100A12/S100A9/MPO/CLEC4D/IL36RN/RNASE7/CHGA",9
"GO:0043114","regulation of vascular permeability","9/694","37/12561",0.243243243243243,4.40256250486798,5.01232852305304,0.000140018877018587,0.00263410512391218,0.00177188628191029,"VEGFA/CLDN5/ANGPT1/SLIT2/PLVAP/TEK/TJP1/ZEB2/C2CD4A",9
"GO:0002687","positive regulation of leukocyte migration","17/694","113/12561",0.150442477876106,2.72292213919563,4.44896682476937,0.000148511093339352,0.00278144776592013,0.00187099941287242,"VEGFA/CMKLR1/CXCL8/CSF1R/AIF1/CCL2/PLVAP/IL6/EDN1/CCL8/SERPINE1/JAM3/C3AR1/CSF1/SPN/CXCL10/TNF",17
"GO:0007411","axon guidance","20/694","146/12561",0.136986301369863,2.47937310015396,4.34795326411749,0.000151735906899048,0.00282927040563092,0.00190316831854708,"BOC/SHH/SCN1B/VEGFA/NRP1/CSF1R/NRP2/EFNA5/PTCH1/NEXN/ROBO3/SLIT2/EDN1/HMCN2/SEMA6A/TENM2/NCAM1/KIF5C/EPHA10/ATOH7",20
"GO:0097553","calcium ion transmembrane import into cytosol","18/694","124/12561",0.145161290322581,2.62733568838896,4.40386764433032,0.00015284098944534,0.00283732127543023,0.00190858390565685,"FLNA/P2RX7/RYR2/CXCL9/CXCL11/FGF2/F2RL3/SLC8B1/CACNA1F/JPH3/GRIN2C/CACNA1E/TRPV5/PLCB1/P2RX1/GPER1/CXCL10/PLCB3",18
"GO:0032609","type II interferon production","15/694","93/12561",0.161290322580645,2.91926187598773,4.4924308179352,0.000163405645983132,0.00300694931079877,0.00202268777576,"IFNL1/PDE4B/IL20RA/IL27/INHBA/SLC11A1/IL18R1/SCRIB/IL1B/TNFSF14/IL36RN/LILRB4/CD274/CR1/IL18RAP",15
"GO:0032649","regulation of type II interferon production","15/694","93/12561",0.161290322580645,2.91926187598773,4.4924308179352,0.000163405645983132,0.00300694931079877,0.00202268777576,"IFNL1/PDE4B/IL20RA/IL27/INHBA/SLC11A1/IL18R1/SCRIB/IL1B/TNFSF14/IL36RN/LILRB4/CD274/CR1/IL18RAP",15
"GO:0055010","ventricular cardiac muscle tissue morphogenesis","8/694","30/12561",0.266666666666667,4.82651296829971,5.07428709931171,0.000164725615968489,0.00301805976387484,0.00203016145599113,"DLL4/MYBPC3/LRP2/RYR2/MYH7/MYH6/MYL2/TGFBR3",8
"GO:0022408","negative regulation of cell-cell adhesion","20/694","147/12561",0.136054421768707,2.46250661647944,4.31325088532403,0.000166750347216704,0.00302881880677237,0.00203739875276549,"IFNL1/IL4I1/PAG1/VEGFA/SH2B3/CD69/IL10/SERPINE2/CD80/CD86/CTLA4/PDCD1/BMP4/SCRIB/SPN/ILDR2/IL1RN/LILRB4/CD274/CR1",20
"GO:0097485","neuron projection guidance","20/694","147/12561",0.136054421768707,2.46250661647944,4.31325088532403,0.000166750347216704,0.00302881880677237,0.00203739875276549,"BOC/SHH/SCN1B/VEGFA/NRP1/CSF1R/NRP2/EFNA5/PTCH1/NEXN/ROBO3/SLIT2/EDN1/HMCN2/SEMA6A/TENM2/NCAM1/KIF5C/EPHA10/ATOH7",20
"GO:0045165","cell fate commitment","19/694","136/12561",0.139705882352941,2.52859594846584,4.33429077365173,0.000169639592022785,0.0030504558787795,0.00205195338489544,"SHH/DLL4/ASCL1/NRP1/FZD7/CD69/GAS1/FGF2/IL6/EDN1/BMP4/TBX2/WNT2B/TAL1/MYL2/SOCS3/ATOH7/FGF13/SPN",19
"GO:0043065","positive regulation of apoptotic process","39/694","384/12561",0.1015625,1.83822271253602,4.03421432557792,0.000170997443672015,0.0030504558787795,0.00205195338489544,"NLRC4/BCL2A1/CRADD/BBC3/NUPR1/ATF3/INHBA/IFNG/ZBP1/MNDA/IL10/DAPK1/TP53/CTLA4/PLEKHN1/CCL2/PMAIP1/SLIT2/G0S2/IL6/BMP4/SFRP1/BCLAF1/S100A9/E2F1/CASP5/SCRIB/IFIT2/KCNMA1/GPER1/PHLDA1/TNFSF14/SOD2/DAB2IP/EMILIN2/BCL2L14/CD274/IDO1/TNF",39
"GO:0051046","regulation of secretion","39/694","384/12561",0.1015625,1.83822271253602,4.03421432557792,0.000170997443672015,0.0030504558787795,0.00205195338489544,"GHSR/FFAR2/INHBA/IFNG/BLK/TFR2/OSM/PNOC/DYSF/OTOF/SPP1/IRS1/EFNA5/CD200/FGR/EGF/SLC8B1/RUFY4/IL6/EDN1/FGB/LRRK2/ITGAM/ITGB2/SLC6A4/RASL10B/ACHE/IL1B/P2RX1/GPER1/RHBDF2/GGCX/AQP1/CSPG5/MYO6/TNF/CHGA/ADRA2B/RSAD2",39
"GO:0035924","cellular response to vascular endothelial growth factor stimulus","11/694","55/12561",0.2,3.61988472622478,4.70877999078998,0.000173876906725908,0.0030504558787795,0.00205195338489544,"DLL4/VEGFA/NRP1/SPHK1/ANGPT1/NRP2/GAS1/SEMA6A/PDGFRB/DAB2IP/KDR",11
"GO:0048662","negative regulation of smooth muscle cell proliferation","9/694","38/12561",0.236842105263158,4.28670559684514,4.90684676985234,0.000174590457080377,0.0030504558787795,0.00205195338489544,"IFNG/IL10/AIF1/BMP4/CNN1/GPER1/TNFAIP3/SOD2/MYOCD",9
"GO:2000351","regulation of endothelial cell apoptotic process","9/694","38/12561",0.236842105263158,4.28670559684514,4.90684676985234,0.000174590457080377,0.0030504558787795,0.00205195338489544,"ANGPT1/CCL2/TEK/FGB/SERPINE1/GPER1/TNFAIP3/KDR/TNF",9
"GO:2001238","positive regulation of extrinsic apoptotic signaling pathway","9/694","38/12561",0.236842105263158,4.28670559684514,4.90684676985234,0.000174590457080377,0.0030504558787795,0.00205195338489544,"ATF3/INHBA/PMAIP1/G0S2/SFRP1/GPER1/TNFSF14/BCL2L14/TNF",9
"GO:0002263","cell activation involved in immune response","26/694","218/12561",0.119266055045872,2.15864685508817,4.17323703869629,0.000174862616868547,0.0030504558787795,0.00205195338489544,"IFNL1/MILR1/IL27/IFNG/SLC11A1/NR4A3/SBNO2/CD69/DYSF/IL10/IL18R1/FGR/CD80/CD86/NFKBID/NLRP3/IL6/ITGAM/ITGB2/IL1B/SOCS3/SPN/TNF/CHGA/CR1/IL18RAP",26
"GO:0042110","T cell activation","40/694","398/12561",0.100502512562814,1.81903755086673,4.01540245301494,0.000176915485029388,0.0030504558787795,0.00205195338489544,"IFNL1/SHH/IL4I1/PAG1/DLL4/IL27/MSN/SLC11A1/CD69/IL10/IL18R1/IL2RA/BTNL8/SLAMF7/CD80/CD86/SIRPB1/AIF1/TREML2/CCDC88B/NFKBID/CTLA4/CCL2/PDCD1/NLRP3/IL6/SMARCB1/BMP4/GPR65/SCRIB/IL1B/SOCS3/TNFSF14/SPN/ILDR2/LILRB4/CD274/CR1/RSAD2/IL18RAP",40
"GO:0030049","muscle filament sliding","5/694","11/12561",0.454545454545455,8.22701074141996,5.79878842877624,0.000177352085975553,0.0030504558787795,0.00205195338489544,"MYBPC3/MYH3/MYH7/MYH6/TTN",5
"GO:0033275","actin-myosin filament sliding","5/694","11/12561",0.454545454545455,8.22701074141996,5.79878842877624,0.000177352085975553,0.0030504558787795,0.00205195338489544,"MYBPC3/MYH3/MYH7/MYH6/TTN",5
"GO:0042362","fat-soluble vitamin biosynthetic process","5/694","11/12561",0.454545454545455,8.22701074141996,5.79878842877624,0.000177352085975553,0.0030504558787795,0.00205195338489544,"SNAI1/IFNG/BCO1/CYP24A1/TNF",5
"GO:0071679","commissural neuron axon guidance","5/694","11/12561",0.454545454545455,8.22701074141996,5.79878842877624,0.000177352085975553,0.0030504558787795,0.00205195338489544,"VEGFA/NRP1/PTCH1/ROBO3/NCAM1",5
"GO:0050878","regulation of body fluid levels","28/694","243/12561",0.11522633744856,2.08553029494432,4.1321784542505,0.000180483232484291,0.00307917547242429,0.00207127222435226,"FLNA/HBB/VEGFA/SH2B3/PDGFB/ANGPT1/PLEK/SERPINE2/PRICKLE1/DGKI/F2RL3/THBD/VWF/IL6/EDN1/FGB/SLC6A4/FLI1/SERPINE1/PRLR/PLAUR/SERPINA1/TRPV5/EMILIN2/GGCX/AQP1/STATH/ADRA2B",28
"GO:1902105","regulation of leukocyte differentiation","28/694","243/12561",0.11522633744856,2.08553029494432,4.1321784542505,0.000180483232484291,0.00307917547242429,0.00207127222435226,"IFNL1/LILRB3/SHH/IL4I1/IL27/INHBA/IFNG/CD69/IL13RA1/IL10/IL2RA/CD80/CD86/NFKBID/CTLA4/IRF7/NLRP3/TNFAIP6/SMARCB1/BMP4/SFRP1/GPR65/TESC/NFAM1/CSF1/LILRB4/TNF/CR1",28
"GO:0009790","embryo development","44/694","453/12561",0.0971302428256071,1.7580014122946,3.97362604359864,0.000184691180548111,0.00312565716799092,0.00210253911571008,"SNAI1/SHH/DLL4/INHBA/NR4A3/MYH3/VEGFA/IRX1/NRP1/FZD7/SH2B3/PADI6/PDGFB/LRP2/CXCL8/IL10/RYR2/NRP2/POLE/CRB2/PTCH1/PRICKLE1/KBTBD8/COL4A2/MMP8/FGF2/DUSP2/MYH6/EDN1/COL2A1/BMP4/TBX2/ITGB2/TAL1/SCRIB/NKD1/ZNF850/PLCB1/IL1RN/KDR/MYO6/TNF/NOCT/ITGA7",44
"GO:0051174","regulation of phosphorus metabolic process","44/694","453/12561",0.0971302428256071,1.7580014122946,3.97362604359864,0.000184691180548111,0.00312565716799092,0.00210253911571008,"IFNL1/NUPR1/FGFR3/LCP2/INHBA/IFNG/P2RX7/VEGFA/NRP1/OSM/FZD7/IL13RA1/PDGFB/CSF1R/ANGPT1/IL10/PLEK/FGR/EGF/DAPK1/TNK2/IRAK2/TP53/CD80/FGF2/PIK3R5/PID1/IL10RA/SLIT2/TRIB3/IL6/ACVR2A/GRB10/BMP4/SFRP1/S100A12/ITGB2/PRLR/PLAUR/TIGAR/GPER1/PDGFRB/UCHL1/KDR",44
"GO:0043409","negative regulation of MAPK cascade","18/694","126/12561",0.142857142857143,2.58563194730342,4.32582403076258,0.000187855345900721,0.00316648971050256,0.00213000598530275,"ATF3/LMO3/P2RX7/CBLC/SH2B3/SPRED3/DUSP2/SPRY4/TRIB3/SPRY1/DSG3/SEMA6A/IL1B/GPER1/UCHL1/DAB2IP/LILRB4/GBP1",18
"GO:0050863","regulation of T cell activation","30/694","269/12561",0.111524163568773,2.01852308153798,4.08356829508768,0.000192634158889314,0.00323410496238871,0.00217548880835996,"IFNL1/SHH/IL4I1/PAG1/IL27/CD69/IL10/IL2RA/CD80/CD86/SIRPB1/AIF1/CCDC88B/NFKBID/CTLA4/CCL2/PDCD1/NLRP3/IL6/SMARCB1/BMP4/GPR65/SCRIB/IL1B/TNFSF14/SPN/ILDR2/LILRB4/CD274/CR1",30
"GO:1903038","negative regulation of leukocyte cell-cell adhesion","16/694","105/12561",0.152380952380952,2.75800741045698,4.37451726496376,0.000198181800406222,0.00328248855918126,0.00220803505362858,"IFNL1/IL4I1/PAG1/CD69/IL10/CD80/CD86/CTLA4/PDCD1/BMP4/SCRIB/SPN/ILDR2/LILRB4/CD274/CR1",16
"GO:0032602","chemokine production","12/694","65/12561",0.184615384615385,3.34143205497672,4.57674603002735,0.000198631842095686,0.00328248855918126,0.00220803505362858,"FFAR2/IFNG/CXCL8/CSF1R/IL10/AIF1/IL6/MEFV/IL1B/LILRB4/TNF/EGR1",12
"GO:0032642","regulation of chemokine production","12/694","65/12561",0.184615384615385,3.34143205497672,4.57674603002735,0.000198631842095686,0.00328248855918126,0.00220803505362858,"FFAR2/IFNG/CXCL8/CSF1R/IL10/AIF1/IL6/MEFV/IL1B/LILRB4/TNF/EGR1",12
"GO:1902893","regulation of miRNA transcription","12/694","65/12561",0.184615384615385,3.34143205497672,4.57674603002735,0.000198631842095686,0.00328248855918126,0.00220803505362858,"VEGFA/PDGFB/IL10/TP53/FGF2/IL6/ESR1/BMP4/MYOCD/LILRB4/TNF/EGR1",12
"GO:0150078","positive regulation of neuroinflammatory response","6/694","17/12561",0.352941176470588,6.38803186980844,5.37576997897405,0.000203718592499542,0.00335339901872293,0.00225573446750742,"NUPR1/MMP8/IL6/LRRK2/IL1B/TNF",6
"GO:0002449","lymphocyte mediated immunity","24/694","196/12561",0.122448979591837,2.2162559548315,4.15011411574449,0.00020574251477391,0.0033606752478875,0.00226062897628146,"IL4I1/SERPINB9/CSF2RB/MYO1G/IL10/IL18R1/SLAMF7/CD80/PDCD1/NLRP3/IL6/PRF1/C1S/IL1B/FCGR3B/SLC22A13/GZMB/RASGRP4/LILRB4/KLRD1/CD274/FCGR2A/CR1/RSAD2",24
"GO:0061138","morphogenesis of a branching epithelium","11/694","56/12561",0.196428571428571,3.5552439275422,4.63434769694015,0.000205755627421684,0.0033606752478875,0.00226062897628146,"SHH/DLL4/VEGFA/NRP1/FGF2/SLIT2/BMP4/TBX2/RASIP1/KDR/TNF",11
"GO:0045933","positive regulation of muscle contraction","9/694","39/12561",0.230769230769231,4.1767900687209,4.80494094000479,0.000215985803938999,0.00351414740462912,0.00236386525440759,"GHSR/SPHK1/CACNA2D3/PROK2/EDN1/GPER1/MYOCD/CHGA/ADRA2B",9
"GO:0009612","response to mechanical stimulus","20/694","150/12561",0.133333333333333,2.41325648414986,4.21082615839366,0.000219927819851272,0.003564522434051,0.00239775107877093,"CRADD/RYR2/PTCH1/FGF2/PKD1L1/TEK/EDN1/TMC1/ITGAM/CASP5/CHI3L1/TTN/IL1B/MPO/ATOH7/TNFSF14/AQP1/CXCL10/TNF/CALB1",20
"GO:0001935","endothelial cell proliferation","17/694","117/12561",0.145299145299145,2.62983078400946,4.28311297472643,0.000228464777835064,0.00368869951646344,0.00248128140823912,"EMC10/GHSR/DLL4/VEGFA/NRP1/PDGFB/IL10/NRP2/EGF/FGF2/PROK2/CCL2/TEK/BMP4/ZEB2/KDR/TNF",17
"GO:0050679","positive regulation of epithelial cell proliferation","18/694","128/12561",0.140625,2.5452314481268,4.24927306024464,0.000229692682928037,0.00369437009869751,0.00248509584479284,"EMC10/GHSR/NR4A3/VEGFA/NRP1/FZD7/MMP12/PDGFB/IL10/NRP2/SCN5A/EGF/FGF2/TEK/BMP4/TNFAIP3/KDR/TNF",18
"GO:0061614","miRNA transcription","12/694","66/12561",0.181818181818182,3.29080429656799,4.5122786414152,0.000230790234724569,0.0036979089320507,0.0024874763155704,"VEGFA/PDGFB/IL10/TP53/FGF2/IL6/ESR1/BMP4/MYOCD/LILRB4/TNF/EGR1",12
"GO:0003151","outflow tract morphogenesis","10/694","48/12561",0.208333333333333,3.77071325648415,4.65088458956682,0.000239942293078221,0.00382998796602888,0.00257632205916256,"VEGFA/NRP1/CLDN5/LRP2/NRP2/PRICKLE1/EDN1/BMP4/TBX2/TGFBR3",10
"GO:0002292","T cell differentiation involved in immune response","13/694","76/12561",0.171052631578947,3.09595404216593,4.43198582003383,0.000241996087867003,0.00383372749726147,0.00257883753359509,"IFNL1/IL27/CD69/IL10/IL18R1/CD80/CD86/NFKBID/NLRP3/IL6/SOCS3/SPN/IL18RAP",13
"GO:0008643","carbohydrate transport","13/694","76/12561",0.171052631578947,3.09595404216593,4.43198582003383,0.000241996087867003,0.00383372749726147,0.00257883753359509,"AQP9/NR4A3/SLC5A9/IRS1/SLC5A10/PID1/TRIB3/GRB10/MFSD12/PDZK1IP1/IL1B/AQP1/TNF",13
"GO:0050867","positive regulation of cell activation","29/694","260/12561",0.111538461538462,2.01878186654844,4.01422540150971,0.000244457749662083,0.00385822081301879,0.00259531347823182,"SHH/IL4I1/FLNA/NR4A3/IL10/PLEK/IL2RA/CD200/MMP8/CD80/CD86/SIRPB1/AIF1/CCDC88B/NFKBID/CCL2/NLRP3/IL6/SMARCB1/LRRK2/GPR65/PRLR/IL1B/TNFSF14/CLEC4D/LILRB4/CD274/TNF/CR1",29
"GO:0007596","blood coagulation","21/694","163/12561",0.128834355828221,2.33182758437793,4.1387584033568,0.000250661365040485,0.00392671744342232,0.00264138917910925,"FLNA/HBB/SH2B3/PDGFB/ANGPT1/PLEK/SERPINE2/DGKI/F2RL3/THBD/VWF/IL6/EDN1/FGB/SLC6A4/SERPINE1/PLAUR/SERPINA1/EMILIN2/GGCX/ADRA2B",21
"GO:0050817","coagulation","21/694","163/12561",0.128834355828221,2.33182758437793,4.1387584033568,0.000250661365040485,0.00392671744342232,0.00264138917910925,"FLNA/HBB/SH2B3/PDGFB/ANGPT1/PLEK/SERPINE2/DGKI/F2RL3/THBD/VWF/IL6/EDN1/FGB/SLC6A4/SERPINE1/PLAUR/SERPINA1/EMILIN2/GGCX/ADRA2B",21
"GO:0007260","tyrosine phosphorylation of STAT protein","8/694","32/12561",0.25,4.52485590778098,4.82794413880474,0.000268354455550617,0.00417286227191992,0.00280696368143978,"IFNL1/FGFR3/IFNG/OSM/IL13RA1/CSF1R/IL10/IL10RA",8
"GO:0046850","regulation of bone remodeling","8/694","32/12561",0.25,4.52485590778098,4.82794413880474,0.000268354455550617,0.00417286227191992,0.00280696368143978,"P2RX7/SPP1/CSF1R/RUFY4/IL6/SFRP1/S1PR1/TNFAIP3",8
"GO:0034764","positive regulation of transmembrane transport","17/694","119/12561",0.142857142857143,2.58563194730342,4.20276254653044,0.000280918754734635,0.00435217511930791,0.00292758224429546,"SCN1B/FLNA/CA2/IFNG/P2RX7/NR4A3/IRS1/CXCL9/CXCL11/F2RL3/AMIGO1/EDN1/TESC/FGF13/P2RX1/GPER1/CXCL10",17
"GO:0002026","regulation of the force of heart contraction","5/694","12/12561",0.416666666666667,7.5414265129683,5.48229768793658,0.000290240624038302,0.00446377368502702,0.00300265136962516,"RYR2/MYH7/MYH6/MYL2/CHGA",5
"GO:0070230","positive regulation of lymphocyte apoptotic process","5/694","12/12561",0.416666666666667,7.5414265129683,5.48229768793658,0.000290240624038302,0.00446377368502702,0.00300265136962516,"BBC3/IL10/TP53/CD274/IDO1",5
"GO:0061041","regulation of wound healing","15/694","98/12561",0.153061224489796,2.77031994353938,4.25458873643255,0.000295824174155086,0.00453310207232558,0.00304928656929358,"VIL1/CD109/SH2B3/PDGFB/HBEGF/SERPINE2/FGF2/THBD/EDN1/FGB/SERPINE1/PLAUR/TNFAIP3/EMILIN2/TNF",15
"GO:0002673","regulation of acute inflammatory response","7/694","25/12561",0.28,5.0678386167147,4.92332279723848,0.000305318028384573,0.00466163105656735,0.00313574429717182,"FFAR2/OSM/NLRP3/IL6/IL1B/TNF/C2CD4A",7
"GO:1903035","negative regulation of response to wounding","12/694","68/12561",0.176470588235294,3.19401593490422,4.38697285943892,0.000308541496222645,0.00469384066816688,0.00315741077070044,"CD109/SH2B3/SPP1/PDGFB/SERPINE2/FGF2/THBD/EDN1/FGB/SERPINE1/PLAUR/TNF",12
"GO:0007369","gastrulation","14/694","88/12561",0.159090909090909,2.87945375949699,4.2785006648626,0.000310054761036,0.00469989483095577,0.003161483230792,"SNAI1/INHBA/NR4A3/FZD7/IL10/CRB2/PRICKLE1/COL4A2/MMP8/DUSP2/BMP4/ITGB2/IL1RN/ITGA7",14
"GO:0072593","reactive oxygen species metabolic process","21/694","166/12561",0.126506024096386,2.28968612200965,4.04500337903619,0.000322709054766758,0.00486611112045348,0.00327329211818887,"NCF1C/HBB/PDGFB/NCF1B/TP53/PID1/PMAIP1/EDN1/LRRK2/GCH1/PXDN/NOXA1/ITGAM/ITGB2/ABCD1/NCF1/MPO/PDGFRB/SOD2/NOX4/TNF",21
"GO:1903706","regulation of hemopoiesis","32/694","303/12561",0.105610561056106,1.91149028447513,3.88389636842861,0.000323329642555048,0.00486611112045348,0.00327329211818887,"IFNL1/LILRB3/SHH/IL4I1/IL27/INHBA/IFNG/CD69/IL13RA1/IL10/IL2RA/CD80/CD86/NFKBID/CTLA4/IRF7/NLRP3/ACVR2A/TNFAIP6/SMARCB1/BMP4/SFRP1/GPR65/TESC/TAL1/CSF3/NFAM1/CSF1/LILRB4/TNF/CR1/ZFP36",32
"GO:1903530","regulation of secretion by cell","36/694","356/12561",0.101123595505618,1.8302787941586,3.84312169377375,0.000327486533177107,0.00491113256515419,0.00330357674105103,"GHSR/FFAR2/INHBA/IFNG/BLK/TFR2/OSM/PNOC/DYSF/OTOF/SPP1/IRS1/EFNA5/CD200/FGR/SLC8B1/RUFY4/IL6/EDN1/FGB/LRRK2/ITGAM/ITGB2/SLC6A4/RASL10B/ACHE/IL1B/P2RX1/GPER1/RHBDF2/GGCX/CSPG5/TNF/CHGA/ADRA2B/RSAD2",36
"GO:0030195","negative regulation of blood coagulation","8/694","33/12561",0.242424242424242,4.38773906209065,4.71226963896231,0.000337282344526081,0.00502067462649776,0.00337726251540562,"SH2B3/PDGFB/SERPINE2/THBD/EDN1/FGB/SERPINE1/PLAUR",8
"GO:1900047","negative regulation of hemostasis","8/694","33/12561",0.242424242424242,4.38773906209065,4.71226963896231,0.000337282344526081,0.00502067462649776,0.00337726251540562,"SH2B3/PDGFB/SERPINE2/THBD/EDN1/FGB/SERPINE1/PLAUR",8
"GO:0050818","regulation of coagulation","10/694","50/12561",0.2,3.61988472622478,4.48874833292389,0.000341006795945456,0.00502067462649776,0.00337726251540562,"SH2B3/PDGFB/ANGPT1/SERPINE2/THBD/EDN1/FGB/SERPINE1/PLAUR/EMILIN2",10
"GO:0046632","alpha-beta T cell differentiation","16/694","110/12561",0.145454545454545,2.63264343725439,4.15900705140477,0.000341788504151272,0.00502067462649776,0.00337726251540562,"SHH/IL27/CD69/IL10/IL18R1/CD80/CD86/NFKBID/NLRP3/IL6/GPR65/SOCS3/SPN/LILRB4/RSAD2/IL18RAP",16
"GO:0019722","calcium-mediated signaling","20/694","155/12561",0.129032258064516,2.33540950079018,4.0454655399331,0.000341939634030578,0.00502067462649776,0.00337726251540562,"P2RX7/CMKLR1/TSPAN18/SPHK1/CXCR2/CXCL8/RYR2/PLEK/JPH3/EDN1/LRRK2/C3AR1/NFAM1/P2RX1/PDGFRB/CCRL2/OPRL1/KSR2/GBP1/TNF",20
"GO:0060759","regulation of response to cytokine stimulus","20/694","155/12561",0.129032258064516,2.33540950079018,4.0454655399331,0.000341939634030578,0.00502067462649776,0.00337726251540562,"ZBP1/SH2B3/IL1R2/SPHK1/MMP12/CARD16/MMP8/IRAK2/USP18/SLIT2/PADI2/IL6/EDN1/PXDN/LRRC70/IL1B/CSF1/TNFAIP3/IL36RN/IL1RN",20
"GO:0097190","apoptotic signaling pathway","42/694","439/12561",0.0956719817767654,1.73160772780684,3.77335345646424,0.000354726842257257,0.0051903434488614,0.00349139382173993,"BCL2A1/CRADD/SNAI1/SHH/BBC3/NUPR1/FGFR3/ATF3/INHBA/IFNG/P2RX7/NRP1/FAIM2/IL10/PPP1R15A/DAPK1/TP53/ANXA6/FGF2/DDX47/PMAIP1/ST20/TRIB3/G0S2/BMP4/FGB/SFRP1/BCLAF1/LRRK2/S100A9/SERPINE1/E2F1/PLAUR/IL1B/GPER1/TNFSF14/TNFAIP3/SOD2/DAB2IP/BCL2L14/TNF/FBXO7",42
"GO:0070252","actin-mediated cell contraction","13/694","79/12561",0.164556962025316,2.97838616714697,4.26566363971766,0.000359071708378449,0.00523573764396811,0.00352192918301225,"VIL1/PDE4B/SCN1B/FLNA/MYBPC3/MYH3/RYR2/SCN5A/MYH7/MYH6/TTN/FGF13/ZEB2",13
"GO:0070374","positive regulation of ERK1 and ERK2 cascade","17/694","122/12561",0.139344262295082,2.52205083384514,4.08526678019144,0.00037911212695301,0.00550889138958615,0.00370567180221121,"FGFR3/INHBA/VEGFA/NRP1/PDGFB/CSF1R/ANGPT1/FGF2/TEK/FGB/CHI3L1/IL1B/GPER1/PDGFRB/KDR/NOX4/TNF",17
"GO:0060322","head development","40/694","413/12561",0.0968523002421307,1.75297081173113,3.76274562469375,0.000380601002573844,0.00551152104758137,0.00370744069703836,"SHH/FAT4/FLNA/PHLPP2/EGR2/INHBA/ASCL1/MYH3/NRP1/FAIM2/CLDN5/CSF1R/AFF2/NRP2/ZNF365/SCN5A/PTCH1/PRICKLE1/ROBO3/AMIGO1/SLIT2/PHACTR1/PADI2/MAST1/BMP4/SFRP1/LRRK2/NCAPH2/ITGAM/WNT2B/SLC6A4/CASP5/GRIN2C/SOX3/FGF13/PLCB1/AIM2/MDGA1/DAB2IP/AQP1",40
"GO:0019226","transmission of nerve impulse","7/694","26/12561",0.269230769230769,4.87292174684106,4.78043382466449,0.000398082906759315,0.00574493619549231,0.00386445231165425,"GHSR/SCN1B/UNC79/CNTNAP1/P2RX1/GPER1/S1PR1",7
"GO:0014910","regulation of smooth muscle cell migration","10/694","51/12561",0.196078431372549,3.54890659433802,4.41077026179071,0.000403528397562302,0.00580042117055367,0.0039017754485598,"ADAMTS1/NR4A3/NRP1/PDGFB/AIF1/SLIT2/BMP4/SERPINE1/PDGFRB/MYOCD",10
"GO:0071676","negative regulation of mononuclear cell migration","6/694","19/12561",0.315789473684211,5.71560746246019,4.97433617428506,0.000406108337042343,0.00580042117055367,0.0039017754485598,"CD69/CD200/CCL2/SLIT2/PADI2/PLCB1",6
"GO:1904706","negative regulation of vascular associated smooth muscle cell proliferation","6/694","19/12561",0.315789473684211,5.71560746246019,4.97433617428506,0.000406108337042343,0.00580042117055367,0.0039017754485598,"IL10/BMP4/CNN1/GPER1/SOD2/MYOCD",6
"GO:0002709","regulation of T cell mediated immunity","12/694","70/12561",0.171428571428571,3.1027583367641,4.26622604841492,0.000407433475672493,0.00580042117055367,0.0039017754485598,"IL4I1/IL18R1/CD80/PDCD1/NLRP3/IL6/IL1B/SLC22A13/LILRB4/KLRD1/CD274/RSAD2",12
"GO:1903039","positive regulation of leukocyte cell-cell adhesion","23/694","193/12561",0.119170984455959,2.15692613220648,3.91686524856247,0.000410940626409842,0.00583065252421237,0.00392211120522537,"CHST2/SHH/IL4I1/NR4A3/IL2RA/CD80/CD86/SIRPB1/AIF1/CCDC88B/NFKBID/CCL2/NLRP3/IL6/SMARCB1/GPR65/ITGB2/IL1B/TNFSF14/LILRB4/CD274/TNF/CR1",23
"GO:0045596","negative regulation of cell differentiation","39/694","401/12561",0.0972568578553616,1.76029307135619,3.74188568231643,0.000413110261807266,0.00584176725924772,0.00392958776580658,"IFNL1/LILRB3/SHH/BHLHA15/INHBA/IFNG/ASCL1/VEGFA/NFKBIA/FZD7/CD69/SPP1/PDGFB/PTCH1/PRICKLE1/SPRED3/CTLA4/TRIB3/SPRY1/IL6/TNFAIP6/BMP4/SFRP1/USH2A/SLC6A4/E2F1/CETP/SOX3/IL1B/FGF13/GPER1/DAB2IP/RPL3L/MYOCD/LILRB4/TNF/NOCT/CR1/ZFP36",39
"GO:0002696","positive regulation of leukocyte activation","27/694","243/12561",0.111111111111111,2.01104707012488,3.84865069069068,0.000420445378795642,0.00592560811453122,0.00398598508267593,"SHH/IL4I1/NR4A3/IL10/IL2RA/CD200/MMP8/CD80/CD86/SIRPB1/AIF1/CCDC88B/NFKBID/CCL2/NLRP3/IL6/SMARCB1/LRRK2/GPR65/PRLR/IL1B/TNFSF14/CLEC4D/LILRB4/CD274/TNF/CR1",27
"GO:0050678","regulation of epithelial cell proliferation","25/694","218/12561",0.114678899082569,2.07562197604632,3.87419639587301,0.000423003470485972,0.00594178874875962,0.0039968693270296,"EMC10/GHSR/NUPR1/DLL4/NR4A3/VEGFA/NRP1/FZD7/MMP12/PDGFB/IL10/NRP2/SCN5A/EGF/FGF2/CCL2/TEK/BMP4/SFRP1/TNFAIP3/DAB2IP/KDR/TNF/ZFP36/TGFBR3",25
"GO:0001959","regulation of cytokine-mediated signaling pathway","19/694","146/12561",0.13013698630137,2.35540444514626,3.98360304162603,0.000427890390667483,0.00599046546934476,0.00402961274819007,"ZBP1/SH2B3/IL1R2/SPHK1/MMP12/CARD16/MMP8/IRAK2/USP18/SLIT2/PADI2/IL6/EDN1/PXDN/IL1B/CSF1/TNFAIP3/IL36RN/IL1RN",19
"GO:0030217","T cell differentiation","26/694","231/12561",0.112554112554113,2.03716456454209,3.84747853656701,0.000437733590543081,0.00610797798194882,0.0041086600144308,"IFNL1/SHH/IL4I1/DLL4/IL27/CD69/IL10/IL18R1/IL2RA/BTNL8/CD80/CD86/NFKBID/CTLA4/NLRP3/IL6/SMARCB1/BMP4/GPR65/IL1B/SOCS3/SPN/LILRB4/CR1/RSAD2/IL18RAP",26
"GO:0071356","cellular response to tumor necrosis factor","20/694","158/12561",0.126582278481013,2.29106628242075,3.9492788060878,0.000440559787288301,0.00612712522651122,0.004121539811698,"NFKBIA/SPHK1/CXCL8/CARD16/MMP8/TP53/PID1/GBP2/CCL2/PLVAP/EDN1/SFRP1/CHI3L1/GPER1/TNFAIP3/AIM2/DAB2IP/GBP1/TNF/ZFP36",20
"GO:0007423","sensory organ development","28/694","257/12561",0.108949416342412,1.97192164074502,3.80696370544415,0.000456147655483352,0.0063230467769962,0.00425333056844629,"HMX3/BHLHA15/DLL4/INHBA/ASCL1/VEGFA/NRP1/NRL/TULP1/EFNA5/CRB2/PRICKLE1/SPRED3/FGF2/SPRY1/COL2A1/PXDN/TBX2/USH2A/WNT2B/NKD1/SOX3/ATOH7/ZEB2/PDGFRB/MYO7B/MYO6/CALB1",28
"GO:0030168","platelet activation","15/694","102/12561",0.147058823529412,2.66167994575352,4.07483431945891,0.000460236623274815,0.00635881026386909,0.00427738763101683,"FLNA/HBB/SH2B3/PDGFB/PLEK/SERPINE2/DGKI/F2RL3/THBD/VWF/IL6/FGB/SLC6A4/EMILIN2/ADRA2B",15
"GO:2001236","regulation of extrinsic apoptotic signaling pathway","16/694","113/12561",0.141592920353982,2.56275024865471,4.03536750355464,0.000465314078483792,0.00639855934893914,0.00430412569014543,"ATF3/INHBA/NRP1/FAIM2/PMAIP1/G0S2/BMP4/FGB/SFRP1/SERPINE1/IL1B/GPER1/TNFSF14/TNFAIP3/BCL2L14/TNF",16
"GO:0001938","positive regulation of endothelial cell proliferation","12/694","71/12561",0.169014084507042,3.05905751511954,4.20746504628159,0.000466150384462343,0.00639855934893914,0.00430412569014543,"EMC10/GHSR/VEGFA/NRP1/PDGFB/IL10/NRP2/EGF/FGF2/TEK/BMP4/KDR",12
"GO:0043410","positive regulation of MAPK cascade","32/694","310/12561",0.103225806451613,1.86832760063215,3.74354248669051,0.000483955269485886,0.00662138800523871,0.00445401607824327,"FGFR3/IL27/INHBA/VEGFA/NRP1/OSM/FZD7/SPHK1/PDGFB/CSF1R/ANGPT1/EGF/FGF2/PIK3R5/TEK/IL6/EDN1/BMP4/FGB/LRRK2/S100A12/NKD1/CHI3L1/IL1B/PLCB1/GPER1/PDGFRB/DAB2IP/KDR/NOX4/TNF/ADRA2B",32
"GO:0045124","regulation of bone resorption","7/694","27/12561",0.259259259259259,4.69244316362472,4.6446708191102,0.000512067889821071,0.00696904359006309,0.00468787392848158,"P2RX7/SPP1/CSF1R/RUFY4/IL6/S1PR1/TNFAIP3",7
"GO:0038084","vascular endothelial growth factor signaling pathway","8/694","35/12561",0.228571428571429,4.13701111568547,4.49415409959084,0.000518409053985687,0.00696904359006309,0.00468787392848158,"VEGFA/NRP1/ANGPT1/NRP2/SEMA6A/PDGFRB/DAB2IP/KDR",8
"GO:0042554","superoxide anion generation","8/694","35/12561",0.228571428571429,4.13701111568547,4.49415409959084,0.000518409053985687,0.00696904359006309,0.00468787392848158,"NCF1C/NCF1B/EDN1/NOXA1/ITGAM/ITGB2/NCF1/NOX4",8
"GO:0050819","negative regulation of coagulation","8/694","35/12561",0.228571428571429,4.13701111568547,4.49415409959084,0.000518409053985687,0.00696904359006309,0.00468787392848158,"SH2B3/PDGFB/SERPINE2/THBD/EDN1/FGB/SERPINE1/PLAUR",8
"GO:1904707","positive regulation of vascular associated smooth muscle cell proliferation","8/694","35/12561",0.228571428571429,4.13701111568547,4.49415409959084,0.000518409053985687,0.00696904359006309,0.00468787392848158,"ADAMTS1/POLDIP2/NR4A3/PDGFB/IL10/FGF2/EDN1/TNF",8
"GO:0031032","actomyosin structure organization","20/694","160/12561",0.125,2.26242795389049,3.8863537029348,0.000519288013118132,0.00696904359006309,0.00468787392848158,"MYBPC3/MYH3/NRP1/FHDC1/FLNC/PHACTR1/ARHGAP28/MYH6/EDN1/SFRP1/GPR65/TJP1/TTN/MYL2/LIMK1/CNN1/S1PR1/ZEB2/PDGFRB/ARHGEF10",20
"GO:0042093","T-helper cell differentiation","13/694","82/12561",0.158536585365854,2.86942081956843,4.10703300222871,0.000521203227924002,0.00697254096022776,0.00469022650817223,"IL27/CD69/IL10/IL18R1/CD80/CD86/NFKBID/NLRP3/IL6/GPR65/SOCS3/SPN/IL18RAP",13
"GO:0030098","lymphocyte differentiation","32/694","312/12561",0.102564102564103,1.85635114165374,3.70410206074342,0.000541255558901709,0.00721788267472089,0.00485526077895528,"IFNL1/SHH/IL4I1/DLL4/IL27/INHBA/CD69/IL10/IL18R1/IL2RA/BTNL8/CD80/CD86/NFKBID/CTLA4/CD79B/NLRP3/IL6/SMARCB1/BMP4/SFRP1/NCAPH/RELB/GPR65/NFAM1/IL1B/SOCS3/SPN/LILRB4/CR1/RSAD2/IL18RAP",32
"GO:0001569","branching involved in blood vessel morphogenesis","6/694","20/12561",0.3,5.42982708933718,4.7944608014226,0.000553265060554103,0.00729718044349883,0.00490860209301606,"SHH/DLL4/VEGFA/NRP1/FGF2/KDR",6
"GO:2000352","negative regulation of endothelial cell apoptotic process","6/694","20/12561",0.3,5.42982708933718,4.7944608014226,0.000553265060554103,0.00729718044349883,0.00490860209301606,"ANGPT1/TEK/FGB/SERPINE1/TNFAIP3/KDR",6
"GO:0046883","regulation of hormone secretion","19/694","149/12561",0.12751677852349,2.30798019457285,3.8839846285098,0.000553390938392762,0.00729718044349883,0.00490860209301606,"GHSR/FFAR2/INHBA/IFNG/BLK/TFR2/OSM/SPP1/IRS1/EFNA5/SLC8B1/IL6/EDN1/FGB/RASL10B/IL1B/GPER1/TNF/CHGA",19
"GO:0072006","nephron development","14/694","93/12561",0.150537634408602,2.72464441758855,4.03688825818381,0.000554128557645853,0.00729718044349883,0.00490860209301606,"SHH/VEGFA/IRX1/PDGFB/ANGPT1/FGF2/TEK/EDN1/BMP4/PDGFRB/AQP1/EGR1/CR1/CALB1",14
"GO:0055013","cardiac muscle cell development","9/694","44/12561",0.204545454545455,3.70215483363898,4.34200707100692,0.000564122576185565,0.00740564652973822,0.00498156409005839,"VEGFA/PRICKLE1/ALPK3/MYH6/EDN1/BMP4/TTN/MYL2/PDGFRB",9
"GO:0001936","regulation of endothelial cell proliferation","15/694","104/12561",0.144230769230769,2.61049379295057,3.9881646205736,0.000568292312027826,0.00743721677914676,0.00500280048314524,"EMC10/GHSR/DLL4/VEGFA/NRP1/PDGFB/IL10/NRP2/EGF/FGF2/CCL2/TEK/BMP4/KDR/TNF",15
"GO:0002548","monocyte chemotaxis","8/694","36/12561",0.222222222222222,4.02209414024976,4.39111140594462,0.000634710374620107,0.00828071058405304,0.00557019435373231,"PDGFB/AIF1/CCL2/SLIT2/IL6/S100A12/SERPINE1/CXCL10",8
"GO:0034612","response to tumor necrosis factor","21/694","175/12561",0.12,2.17193083573487,3.77537027196627,0.000658195956459199,0.00856012379828427,0.00575814753630897,"NFKBIA/SPHK1/CXCL8/CARD16/MMP8/TP53/PID1/GBP2/CCL2/PLVAP/EDN1/SFRP1/GCH1/CHI3L1/GPER1/TNFAIP3/AIM2/DAB2IP/GBP1/TNF/ZFP36",21
"GO:1903522","regulation of blood circulation","20/694","163/12561",0.122699386503067,2.22078817559803,3.79369475429126,0.000660189899013381,0.00856012379828427,0.00575814753630897,"PDE4B/SCN1B/FLNA/MYBPC3/SMTNL1/RYR2/SCN5A/MYH7/MYH6/JPH3/EDN1/FGB/GCH1/TBX2/MYL2/FGF13/TNF/CHGA/ADRA2B/SLC4A3",20
"GO:0035743","CD4-positive, alpha-beta T cell cytokine production","5/694","14/12561",0.357142857142857,6.46407986825854,4.94669565633479,0.0006687458849545,0.00864446367852228,0.00581488053282269,"IL18R1/NLRP3/IL6/IL1B/RSAD2",5
"GO:0001932","regulation of protein phosphorylation","32/694","316/12561",0.10126582278481,1.8328530259366,3.62607346120222,0.000674097936924167,0.00868699910152428,0.00584349288083732,"IFNL1/FGFR3/LCP2/IFNG/VEGFA/OSM/IL13RA1/PDGFB/CSF1R/ANGPT1/IL10/FGR/EGF/TNK2/IRAK2/CD80/FGF2/PIK3R5/IL10RA/SLIT2/TRIB3/IL6/ACVR2A/BMP4/SFRP1/S100A12/ITGB2/PRLR/PLAUR/GPER1/PDGFRB/KDR",32
"GO:0010959","regulation of metal ion transport","25/694","225/12561",0.111111111111111,2.01104707012488,3.70066299551201,0.000677775382428086,0.00870776055351205,0.00585745850872199,"PDE4B/SCN1B/FLNA/IFNG/P2RX7/TSPAN18/PDGFB/RYR2/CXCL9/SCN5A/EGF/CXCL11/F2RL3/SLC8B1/CACNA1F/CAMK2B/AMIGO1/CCL2/JPH3/TESC/FGF13/P2RX1/GPER1/PDGFRB/CXCL10",25
"GO:0002287","alpha-beta T cell activation involved in immune response","12/694","74/12561",0.162162162162162,2.93504166991199,4.03720878367285,0.00068672776203262,0.00872799841379848,0.0058710719316227,"IL27/CD69/IL10/IL18R1/CD80/CD86/NFKBID/NLRP3/IL6/SOCS3/SPN/IL18RAP",12
"GO:0034219","carbohydrate transmembrane transport","12/694","74/12561",0.162162162162162,2.93504166991199,4.03720878367285,0.00068672776203262,0.00872799841379848,0.0058710719316227,"AQP9/NR4A3/SLC5A9/IRS1/SLC5A10/PID1/TRIB3/GRB10/PDZK1IP1/IL1B/AQP1/TNF",12
"GO:2000628","regulation of miRNA metabolic process","12/694","74/12561",0.162162162162162,2.93504166991199,4.03720878367285,0.00068672776203262,0.00872799841379848,0.0058710719316227,"VEGFA/PDGFB/IL10/TP53/FGF2/IL6/ESR1/BMP4/MYOCD/LILRB4/TNF/EGR1",12
"GO:0002706","regulation of lymphocyte mediated immunity","16/694","117/12561",0.136752136752137,2.47513485553831,3.87657988867063,0.000688243253227554,0.00872799841379848,0.0058710719316227,"IL4I1/SERPINB9/IL10/IL18R1/CD80/PDCD1/NLRP3/IL6/IL1B/SLC22A13/RASGRP4/LILRB4/KLRD1/CD274/CR1/RSAD2",16
"GO:0043367","CD4-positive, alpha-beta T cell differentiation","14/694","95/12561",0.147368421052632,2.66728348248142,3.94467995134031,0.000689706566633815,0.00872799841379848,0.0058710719316227,"IL27/CD69/IL10/IL18R1/CD80/CD86/NFKBID/NLRP3/IL6/GPR65/SOCS3/SPN/RSAD2/IL18RAP",14
"GO:0002218","activation of innate immune response","29/694","277/12561",0.104693140794224,1.89488550650756,3.64201339478884,0.000698537186516918,0.00881328055084519,0.00592843875702132,"NLRC4/OASL/MAP2K6/FFAR2/ZNFX1/P2RX7/NFKBIA/ZBP1/MNDA/CLEC4E/TREML4/IRAK2/GBP2/IRF7/NLRP3/S100A9/TNIP3/MEFV/TNFAIP3/AIM2/DAB2IP/GBP5/KLRD1/PIK3AP1/FCN1/CD274/TNF/FCN3/RSAD2",29
"GO:0003012","muscle system process","33/694","331/12561",0.0996978851963746,1.80447425929634,3.58688129832546,0.000734417436141494,0.00923831365940375,0.00621434622805424,"GHSR/PDE4B/SCN1B/FLNA/MYBPC3/NR4A3/MYH3/SPHK1/PDGFB/RYR2/TRIM72/SCN5A/CACNA2D3/CLCN1/PROK2/CAMK2B/MYH7/MYH6/JPH3/EDN1/KCNMA1/TTN/MYL2/IL1B/FGF13/CNN1/GPER1/PDGFRB/RPL3L/MYOCD/TNF/CHGA/ADRA2B",33
"GO:0055002","striated muscle cell development","13/694","85/12561",0.152941176470588,2.76814714358366,3.95543513861913,0.000741375790449822,0.00929808803855819,0.00625455472295142,"MYBPC3/MYH3/VEGFA/PRICKLE1/FLNC/ALPK3/MYH6/EDN1/BMP4/TTN/CNTNAP1/MYL2/PDGFRB",13
"GO:0072678","T cell migration","10/694","55/12561",0.181818181818182,3.29080429656799,4.11731605078625,0.000756735504710374,0.00946256206780271,0.00636519164229959,"MSN/CD69/MYO1G/CD200/CXCL11/AIF1/CCL2/S1PR1/SPN/CXCL10",10
"GO:0045088","regulation of innate immune response","38/694","400/12561",0.095,1.71944524495677,3.53628437178069,0.000764310944792938,0.0095021633200209,0.00639183025854724,"NLRC4/OASL/MAP2K6/FFAR2/SERPINB9/ZNFX1/P2RX7/NFKBIA/ZBP1/MMP12/MNDA/CLEC4E/TREML4/FGR/IRAK2/USP18/GBP2/IRF7/NLRP3/S100A9/TNIP3/MEFV/NCF1/TNFAIP3/AIM2/CD300E/DAB2IP/RASGRP4/GBP5/KLRD1/PIK3AP1/N4BP1/FCN1/CD274/TNF/CR1/FCN3/RSAD2",38
"GO:0002286","T cell activation involved in immune response","14/694","96/12561",0.145833333333333,2.6394992795389,3.89946286625822,0.000767399852037237,0.0095021633200209,0.00639183025854724,"IFNL1/IL27/SLC11A1/CD69/IL10/IL18R1/CD80/CD86/NFKBID/NLRP3/IL6/SOCS3/SPN/IL18RAP",14
"GO:0003015","heart process","19/694","153/12561",0.124183006535948,2.24764084308075,3.75481453393963,0.000769369477075281,0.0095021633200209,0.00639183025854724,"PDE4B/SCN1B/FLNA/MYBPC3/RYR2/SCN5A/MYH7/MYH6/JPH3/EDN1/GCH1/TBX2/TTN/MYL2/FGF13/NOX4/TNF/CHGA/SLC4A3",19
"GO:0003229","ventricular cardiac muscle tissue development","8/694","37/12561",0.216216216216216,3.91338889321598,4.29172490654334,0.000771176994648113,0.0095021633200209,0.00639183025854724,"DLL4/MYBPC3/LRP2/RYR2/MYH7/MYH6/MYL2/TGFBR3",8
"GO:0006940","regulation of smooth muscle contraction","8/694","37/12561",0.216216216216216,3.91338889321598,4.29172490654334,0.000771176994648113,0.0095021633200209,0.00639183025854724,"GHSR/SPHK1/PROK2/EDN1/CNN1/GPER1/MYOCD/ADRA2B",8
"GO:0001960","negative regulation of cytokine-mediated signaling pathway","12/694","75/12561",0.16,2.89590778097983,3.98235763419673,0.000777329985655648,0.00955005410948368,0.00642404500658772,"SH2B3/IL1R2/MMP12/CARD16/USP18/SLIT2/PADI2/IL6/PXDN/IL1B/IL36RN/IL1RN",12
"GO:0008625","extrinsic apoptotic signaling pathway via death domain receptors","11/694","65/12561",0.169230769230769,3.06297938372866,4.03246068338391,0.00078699388351665,0.00964067507307896,0.00648500310609192,"CRADD/ATF3/FAIM2/DDX47/PMAIP1/FGB/SFRP1/SERPINE1/TNFAIP3/DAB2IP/TNF",11
"GO:0001656","metanephros development","9/694","46/12561",0.195652173913043,3.54119158000251,4.1754662752193,0.000794214416574879,0.00964501311656063,0.00648792118239257,"SHH/IRX1/PDGFB/PTCH1/BMP4/PDGFRB/AQP1/EGR1/CALB1",9
"GO:0030193","regulation of blood coagulation","9/694","46/12561",0.195652173913043,3.54119158000251,4.1754662752193,0.000794214416574879,0.00964501311656063,0.00648792118239257,"SH2B3/PDGFB/SERPINE2/THBD/EDN1/FGB/SERPINE1/PLAUR/EMILIN2",9
"GO:1900046","regulation of hemostasis","9/694","46/12561",0.195652173913043,3.54119158000251,4.1754662752193,0.000794214416574879,0.00964501311656063,0.00648792118239257,"SH2B3/PDGFB/SERPINE2/THBD/EDN1/FGB/SERPINE1/PLAUR/EMILIN2",9
"GO:0030224","monocyte differentiation","7/694","29/12561",0.241379310344828,4.36882639371957,4.3920929303048,0.000817221058231223,0.00989588948099532,0.00665667845201025,"VEGFA/IL1R2/CSF1R/IRF7/BMP4/IL1B/CSF1",7
"GO:0072001","renal system development","21/694","178/12561",0.117977528089888,2.1353252598517,3.68910867508343,0.000822996969054718,0.00993727572377245,0.0066845177797466,"SHH/VEGFA/IRX1/NRP1/PDGFB/ANGPT1/PTCH1/PRICKLE1/FGF2/SLIT2/TEK/EDN1/BMP4/SFRP1/LRRK2/PDGFRB/AQP1/MYOCD/EGR1/CR1/CALB1",21
"GO:0030162","regulation of proteolysis","16/694","119/12561",0.134453781512605,2.43353595040322,3.79962778355063,0.00083030259406896,0.00997212881577514,0.00670796244603616,"NLRC4/SHH/IFNG/TIMP4/IL10/SERPINE2/GAS1/CRB2/ASTL/TSPAN5/LRRK2/SERPINE1/PLAUR/IL1B/TNF/CR1",16
"GO:0048598","embryonic morphogenesis","26/694","241/12561",0.107883817427386,1.95263491456109,3.61105202733908,0.000832654647753834,0.00997212881577514,0.00670796244603616,"SNAI1/SHH/DLL4/INHBA/NR4A3/MYH3/IRX1/FZD7/LRP2/IL10/RYR2/CRB2/PTCH1/PRICKLE1/COL4A2/MMP8/FGF2/DUSP2/COL2A1/BMP4/TBX2/ITGB2/SCRIB/IL1RN/MYO6/ITGA7",26
"GO:0016485","protein processing","20/694","166/12561",0.120481927710843,2.180653449533,3.70303061444899,0.000832982758223268,0.00997212881577514,0.00670796244603616,"NLRC4/ADAM19/SHH/GGT1/SERPINE2/GAS1/PTCH1/ASTL/TMPRSS11A/THBD/FGB/LRRK2/SERPINE1/PRSS27/PLAUR/SRGN/KLK6/C1S/TMPRSS11F/MYRFL",20
"GO:0061061","muscle structure development","40/694","430/12561",0.0930232558139535,1.68366731452316,3.4884686735335,0.000845743362313508,0.0100962111297142,0.00679142902749507,"SPEG/BOC/SHH/BHLHA15/DLL4/EGR2/MYBPC3/MYH3/VEGFA/FZD7/PDGFB/LRP2/RYR2/HBEGF/TRIM72/PRICKLE1/FLNC/ALPK3/MYH7/MYH6/EDN1/SMARCB1/BMP4/CD164/TBX2/NKD1/TTN/CNTNAP1/MYL2/PLCB1/GPER1/S1PR1/PDGFRB/CD53/RPL3L/MYOCD/CXCL10/TGFBR3/OLFM2/ITGA7",40
"GO:0007204","positive regulation of cytosolic calcium ion concentration","14/694","97/12561",0.144329896907216,2.61228794676015,3.85481764264397,0.000852359740084263,0.0101178702668031,0.00680599850216688,"P2RX7/CMKLR1/CXCR2/CXCL8/RYR2/PROK2/CCL2/JPH3/EDN1/ESR1/C3AR1/TRPV5/GPER1/CCRL2",14
"GO:0030856","regulation of epithelial cell differentiation","14/694","97/12561",0.144329896907216,2.61228794676015,3.85481764264397,0.000852359740084263,0.0101178702668031,0.00680599850216688,"SGPP1/IFNG/VEGFA/CLDN5/SPRED3/FGF2/SPRY1/BMP4/SERPINE1/IL1B/PLCB1/ZEB2/TNF/ZFP36",14
"GO:0008016","regulation of heart contraction","17/694","131/12561",0.129770992366412,2.34878016587104,3.75271288308733,0.000870545000893379,0.0103026441658584,0.00693029055642814,"PDE4B/SCN1B/FLNA/MYBPC3/RYR2/SCN5A/MYH7/MYH6/JPH3/EDN1/GCH1/TBX2/MYL2/FGF13/TNF/CHGA/SLC4A3",17
"GO:0014909","smooth muscle cell migration","10/694","56/12561",0.178571428571429,3.23203993412927,4.04816503689337,0.000876513738903566,0.0103026441658584,0.00693029055642814,"ADAMTS1/NR4A3/NRP1/PDGFB/AIF1/SLIT2/BMP4/SERPINE1/PDGFRB/MYOCD",10
"GO:0042476","odontogenesis","10/694","56/12561",0.178571428571429,3.23203993412927,4.04816503689337,0.000876513738903566,0.0103026441658584,0.00693029055642814,"SHH/INHBA/CSF3R/SCN5A/EDN1/BMP4/SERPINE1/BCOR/AQP1/SP6",10
"GO:0002690","positive regulation of leukocyte chemotaxis","12/694","76/12561",0.157894736842105,2.85780373123009,3.92840664803367,0.000877705091491018,0.0103026441658584,0.00693029055642814,"VEGFA/CMKLR1/CXCL8/CSF1R/AIF1/CCL2/IL6/EDN1/SERPINE1/C3AR1/CSF1/CXCL10",12
"GO:0003231","cardiac ventricle development","11/694","66/12561",0.166666666666667,3.01657060518732,3.9721107928446,0.000898234613275066,0.0105143351676142,0.00707268896665484,"DLL4/MYBPC3/LRP2/RYR2/SCN5A/SLIT2/MYH7/MYH6/BMP4/MYL2/TGFBR3",11
"GO:0050829","defense response to Gram-negative bacterium","9/694","47/12561",0.191489361702128,3.46584707830033,4.09563341230706,0.00093502254263008,0.0109146398743578,0.00734196235746377,"SLC11A1/IL6/SERPINE1/TREM1/RNASE7/AQP1/OPTN/BPI/CHGA",9
"GO:0002765","immune response-inhibiting signal transduction","5/694","15/12561",0.333333333333333,6.03314121037464,4.71667754582926,0.00095780765866759,0.0109445674728323,0.00736209378680804,"LILRB3/LILRA6/LAIR1/LILRA1/LILRB4",5
"GO:0002767","immune response-inhibiting cell surface receptor signaling pathway","5/694","15/12561",0.333333333333333,6.03314121037464,4.71667754582926,0.00095780765866759,0.0109445674728323,0.00736209378680804,"LILRB3/LILRA6/LAIR1/LILRA1/LILRB4",5
"GO:0042359","vitamin D metabolic process","5/694","15/12561",0.333333333333333,6.03314121037464,4.71667754582926,0.00095780765866759,0.0109445674728323,0.00736209378680804,"SNAI1/IFNG/LRP2/CYP24A1/TNF",5
"GO:1901550","regulation of endothelial cell development","5/694","15/12561",0.333333333333333,6.03314121037464,4.71667754582926,0.00095780765866759,0.0109445674728323,0.00736209378680804,"VEGFA/CLDN5/IL1B/PLCB1/TNF",5
"GO:1903140","regulation of establishment of endothelial barrier","5/694","15/12561",0.333333333333333,6.03314121037464,4.71667754582926,0.00095780765866759,0.0109445674728323,0.00736209378680804,"VEGFA/CLDN5/IL1B/PLCB1/TNF",5
"GO:1903978","regulation of microglial cell activation","5/694","15/12561",0.333333333333333,6.03314121037464,4.71667754582926,0.00095780765866759,0.0109445674728323,0.00736209378680804,"SPHK1/MMP8/IL6/LRRK2/CST7",5
"GO:2000659","regulation of interleukin-1-mediated signaling pathway","5/694","15/12561",0.333333333333333,6.03314121037464,4.71667754582926,0.00095780765866759,0.0109445674728323,0.00736209378680804,"ZBP1/IL1R2/IL6/IL1B/IL1RN",5
"GO:0007420","brain development","37/694","391/12561",0.0946291560102302,1.71273318248487,3.46237538756569,0.000958758108808378,0.0109445674728323,0.00736209378680804,"SHH/FAT4/FLNA/PHLPP2/EGR2/INHBA/ASCL1/NRP1/FAIM2/CSF1R/AFF2/NRP2/ZNF365/SCN5A/PTCH1/ROBO3/AMIGO1/SLIT2/PHACTR1/PADI2/MAST1/BMP4/SFRP1/LRRK2/NCAPH2/ITGAM/WNT2B/SLC6A4/CASP5/GRIN2C/SOX3/FGF13/PLCB1/AIM2/MDGA1/DAB2IP/AQP1",37
"GO:0045619","regulation of lymphocyte differentiation","20/694","168/12561",0.119047619047619,2.15469328941951,3.64365409924634,0.000968682116231429,0.0109445674728323,0.00736209378680804,"IFNL1/SHH/IL4I1/IL27/INHBA/CD69/IL10/IL2RA/CD80/CD86/NFKBID/CTLA4/NLRP3/SMARCB1/BMP4/SFRP1/GPR65/NFAM1/LILRB4/CR1",20
"GO:0045745","positive regulation of G protein-coupled receptor signaling pathway","6/694","22/12561",0.272727272727273,4.93620644485198,4.468500810634,0.000968752650063225,0.0109445674728323,0.00736209378680804,"EDN1/LRRK2/SLC39A14/KLK6/GPER1/CHGA",6
"GO:0070232","regulation of T cell apoptotic process","6/694","22/12561",0.272727272727273,4.93620644485198,4.468500810634,0.000968752650063225,0.0109445674728323,0.00736209378680804,"BBC3/PIP/TP53/BMP4/CD274/IDO1",6
"GO:0072210","metanephric nephron development","6/694","22/12561",0.272727272727273,4.93620644485198,4.468500810634,0.000968752650063225,0.0109445674728323,0.00736209378680804,"IRX1/PDGFB/BMP4/PDGFRB/AQP1/EGR1",6
"GO:0030099","myeloid cell differentiation","28/694","270/12561",0.103703703703704,1.87697726544989,3.52274081688746,0.00099342057939182,0.0111932468490832,0.00752937320605866,"LILRB3/FLNA/IL20RA/HBB/INHBA/IFNG/VEGFA/SH2B3/SBNO2/IL1R2/CSF1R/IRF7/ACVR2A/TNFAIP6/BATF2/BMP4/TESC/TAL1/CSF3/IL1B/CSF1/BATF3/SNX10/RASGRP4/LILRB4/TNF/ZFP36/TGFBR3",28
"GO:0002686","negative regulation of leukocyte migration","7/694","30/12561",0.233333333333333,4.22319884726225,4.2742404023386,0.00101580662761553,0.0113845987467336,0.00765809008959773,"CD69/CD200/CCL2/SLIT2/PADI2/TNFAIP6/PLCB1",7
"GO:0045730","respiratory burst","7/694","30/12561",0.233333333333333,4.22319884726225,4.2742404023386,0.00101580662761553,0.0113845987467336,0.00765809008959773,"NCF1C/SLC11A1/CXCL8/NCF1B/NOXA1/S100A9/NCF1",7
"GO:0035710","CD4-positive, alpha-beta T cell activation","15/694","110/12561",0.136363636363636,2.46810322242599,3.73985618349586,0.00103092846562001,0.0115234285255245,0.00775147686384873,"IL27/CD69/IL10/IL18R1/CD80/CD86/NFKBID/NLRP3/IL6/GPR65/SOCS3/SPN/CD274/RSAD2/IL18RAP",15
"GO:0090257","regulation of muscle system process","20/694","169/12561",0.118343195266272,2.14194362498508,3.61427670034191,0.00104336859376814,0.0116316276564522,0.00782425928777897,"GHSR/PDE4B/MYBPC3/NR4A3/SPHK1/RYR2/SCN5A/CACNA2D3/PROK2/CAMK2B/MYH7/JPH3/EDN1/MYL2/FGF13/CNN1/GPER1/MYOCD/CHGA/ADRA2B",20
"GO:0031589","cell-substrate adhesion","28/694","271/12561",0.103321033210332,1.87005115007922,3.5015277551386,0.00105150728234823,0.0116663394790227,0.00784760892621003,"POLDIP2/FLNA/VEGFA/NRP1/FZD7/MMP12/PDGFB/EFNA5/SPOCK2/SPRY4/VWF/ITGA10/TEK/FGB/SFRP1/ITGAX/SPOCK1/ITGAM/ITGB2/SERPINE1/PLAUR/TESK2/CSF1/CSPG5/GBP1/KDR/SNED1/ITGA7",28
"GO:0051924","regulation of calcium ion transport","18/694","145/12561",0.124137931034483,2.24682500248435,3.65176427368118,0.00105201922212355,0.0116663394790227,0.00784760892621003,"PDE4B/P2RX7/TSPAN18/PDGFB/RYR2/CXCL9/EGF/CXCL11/F2RL3/SLC8B1/CACNA1F/CAMK2B/CCL2/JPH3/P2RX1/GPER1/PDGFRB/CXCL10",18
"GO:0030900","forebrain development","22/694","194/12561",0.11340206185567,2.05251195816869,3.57272679471798,0.00106360351234854,0.0117638456720124,0.00791319852025904,"SHH/FAT4/FLNA/PHLPP2/INHBA/ASCL1/NRP1/CSF1R/NRP2/SCN5A/SLIT2/PHACTR1/BMP4/LRRK2/NCAPH2/ITGAM/WNT2B/SOX3/FGF13/PLCB1/DAB2IP/AQP1",22
"GO:0090287","regulation of cellular response to growth factor stimulus","23/694","207/12561",0.111111111111111,2.01104707012488,3.54696442762316,0.00109368037030335,0.012052542567824,0.00810739656675113,"VEGFA/CD109/NRP1/LRP2/ANGPT1/CRB2/SPRED3/FGF2/FST/SPRY4/SLIT2/SPRY1/TNFAIP6/GRB10/BMP4/SEMA6A/PMEPA1/IL1B/ZEB2/DAB2IP/MYOCD/KDR/TGFBR3",23
"GO:0032835","glomerulus development","9/694","48/12561",0.1875,3.39364193083573,4.01793738237328,0.00109542567714205,0.012052542567824,0.00810739656675113,"PDGFB/ANGPT1/TEK/EDN1/BMP4/PDGFRB/AQP1/EGR1/CR1",9
"GO:0048858","cell projection morphogenesis","40/694","436/12561",0.0917431192660551,1.66049758083706,3.39451463981043,0.001102632518539,0.0121002433154253,0.00813948347913153,"PLAA/BOC/SHH/VIL1/LZTS1/SCN1B/FAT4/KLK8/VEGFA/NRP1/SPP1/LRP2/CSF1R/NRP2/EFNA5/ZNF365/PTCH1/PRICKLE1/KIF1A/NEXN/ROBO3/CAMK2B/AMIGO1/SLIT2/PHACTR1/EDN1/ARC/LRRK2/HMCN2/SEMA6A/TENM2/NCAM1/KIF5C/EPHA10/CNTNAP1/LIMK1/ATOH7/FGF13/DAB2IP/CSPG5",40
"GO:0060761","negative regulation of response to cytokine stimulus","12/694","78/12561",0.153846153846154,2.7845267124806,3.82309379555446,0.00111102687679245,0.0121606941787101,0.00818014702532469,"SH2B3/IL1R2/MMP12/CARD16/USP18/SLIT2/PADI2/IL6/PXDN/IL1B/IL36RN/IL1RN",12
"GO:1905330","regulation of morphogenesis of an epithelium","8/694","39/12561",0.205128205128205,3.71270228330747,4.10300145025216,0.00111459730162803,0.0121681684690687,0.00818517476413179,"VEGFA/EGF/FGF2/BMP4/ITGAX/TBX2/CXCL10/TNF",8
"GO:1904062","regulation of monoatomic cation transmembrane transport","20/694","170/12561",0.117647058823529,2.12934395660281,3.58510267532458,0.00112293862190349,0.0122275538829492,0.0082251216133464,"PDE4B/SCN1B/FLNA/IFNG/P2RX7/RYR2/CXCL9/SCN5A/CXCL11/F2RL3/CACNA1F/AMIGO1/JPH3/EDN1/TESC/GRIN2C/FGF13/P2RX1/GPER1/CXCL10",20
"GO:0060047","heart contraction","18/694","146/12561",0.123287671232877,2.23143579013857,3.61925281913457,0.00113978733904705,0.0123790305328461,0.00832701557177104,"PDE4B/SCN1B/FLNA/MYBPC3/RYR2/SCN5A/MYH7/MYH6/JPH3/EDN1/GCH1/TBX2/TTN/MYL2/FGF13/TNF/CHGA/SLC4A3",18
"GO:0055007","cardiac muscle cell differentiation","11/694","68/12561",0.161764705882353,2.92784794032887,3.85476534459043,0.00115989172699984,0.0125649967546974,0.00845210966706963,"VEGFA/FZD7/PRICKLE1/ALPK3/MYH6/EDN1/BMP4/TTN/MYL2/PDGFRB/MYOCD",11
"GO:0002703","regulation of leukocyte mediated immunity","19/694","159/12561",0.119496855345912,2.1628242074928,3.56837794661672,0.001227572480438,0.0132640780322198,0.00892236141000023,"IL4I1/SERPINB9/IL10/IL18R1/FGR/CD80/PDCD1/NLRP3/IL6/ITGAM/ITGB2/IL1B/SLC22A13/RASGRP4/LILRB4/KLRD1/CD274/CR1/RSAD2",19
"GO:0072676","lymphocyte migration","12/694","79/12561",0.151898734177215,2.7492795389049,3.77167928522742,0.00124570541441884,0.0133738831481666,0.00899622413357321,"MSN/CD69/MYO1G/CD200/CXCL11/SLC8B1/AIF1/CCL2/PADI2/S1PR1/SPN/CXCL10",12
"GO:0002710","negative regulation of T cell mediated immunity","6/694","23/12561",0.260869565217391,4.72158877333668,4.31998513031952,0.00125012034733925,0.0133738831481666,0.00899622413357321,"IL4I1/CD80/PDCD1/LILRB4/KLRD1/CD274",6
"GO:0051894","positive regulation of focal adhesion assembly","6/694","23/12561",0.260869565217391,4.72158877333668,4.31998513031952,0.00125012034733925,0.0133738831481666,0.00899622413357321,"POLDIP2/VEGFA/NRP1/TEK/SFRP1/KDR",6
"GO:0045429","positive regulation of nitric oxide biosynthetic process","7/694","31/12561",0.225806451612903,4.08696662638282,4.16141788595697,0.00125042951124291,0.0133738831481666,0.00899622413357321,"HBB/IFNG/EDN1/ESR1/ITGB2/IL1B/TNF",7
"GO:0045744","negative regulation of G protein-coupled receptor signaling pathway","9/694","49/12561",0.183673469387755,3.32438393224725,3.94227231848375,0.00127737228706845,0.0135930475194607,0.00914364966319781,"PDE4B/RGS16/SH2B3/CXCL8/PLEK/SLIT2/PADI2/RGS19/SERPINE1",9
"GO:1901224","positive regulation of non-canonical NF-kappaB signal transduction","9/694","49/12561",0.183673469387755,3.32438393224725,3.94227231848375,0.00127737228706845,0.0135930475194607,0.00914364966319781,"SPHK1/IL18R1/CD86/NLRP3/EDN1/IL1B/TNFSF14/NLRP12/TNF",9
"GO:0030282","bone mineralization","11/694","69/12561",0.159420289855072,2.88541536148352,3.79769149979319,0.00131252742158227,0.0139319661323619,0.00937163040528444,"FGFR3/P2RX7/SPP1/PRICKLE1/ACVR2A/BMP4/SRGN/BCOR/S1PR1/STATH/MMP13",11
"GO:0048844","artery morphogenesis","8/694","40/12561",0.2,3.61988472622478,4.0132549923175,0.00132694288713049,0.0140008953180329,0.00941799707357148,"DLL4/VEGFA/NRP1/LRP2/EDN1/BMP4/TBX2/PDGFRB",8
"GO:0072111","cell proliferation involved in kidney development","5/694","16/12561",0.3125,5.65606988472623,4.50659190676798,0.00133033553255525,0.0140008953180329,0.00941799707357148,"SHH/PDGFB/BMP4/PDGFRB/EGR1",5
"GO:0006801","superoxide metabolic process","10/694","59/12561",0.169491525423729,3.06769892052948,3.84970670354333,0.00133231111118443,0.0140008953180329,0.00941799707357148,"NCF1C/NCF1B/EDN1/GCH1/NOXA1/ITGAM/ITGB2/NCF1/SOD2/NOX4",10
"GO:0035148","tube formation","10/694","59/12561",0.169491525423729,3.06769892052948,3.84970670354333,0.00133231111118443,0.0140008953180329,0.00941799707357148,"VEGFA/IRX1/LRP2/PTCH1/PRICKLE1/EGF/FGF2/BMP4/SCRIB/DAB2IP",10
"GO:0002833","positive regulation of response to biotic stimulus","33/694","344/12561",0.0959302325581395,1.736281918102,3.34846029155728,0.00141267572869283,0.014808496320178,0.00996124689453258,"NLRC4/OASL/MAP2K6/FFAR2/ZNFX1/P2RX7/NFKBIA/ZBP1/MMP12/MNDA/CLEC4E/TREML4/IRAK2/GBP2/IRF7/NLRP3/S100A9/TNIP3/MEFV/SLC22A13/TNFAIP3/AIM2/DAB2IP/EMILIN2/RASGRP4/GBP5/KLRD1/PIK3AP1/FCN1/CD274/TNF/FCN3/RSAD2",33
"GO:0043010","camera-type eye development","17/694","137/12561",0.124087591240876,2.24591388123436,3.54586070192754,0.00143965025531509,0.015053811850863,0.0101262635522257,"DLL4/INHBA/VEGFA/NRP1/NRL/EFNA5/CRB2/PRICKLE1/SPRED3/FGF2/SPRY1/TBX2/WNT2B/ATOH7/ZEB2/PDGFRB/CALB1",17
"GO:0060840","artery development","9/694","50/12561",0.18,3.25789625360231,3.8685396891019,0.0014829159314613,0.015364779316947,0.0103354423667964,"DLL4/EGR2/VEGFA/NRP1/LRP2/EDN1/BMP4/TBX2/PDGFRB",9
"GO:2000401","regulation of lymphocyte migration","9/694","50/12561",0.18,3.25789625360231,3.8685396891019,0.0014829159314613,0.015364779316947,0.0103354423667964,"MSN/CD69/CD200/SLC8B1/AIF1/CCL2/PADI2/SPN/CXCL10",9
"GO:0070099","regulation of chemokine-mediated signaling pathway","4/694","10/12561",0.4,7.23976945244957,4.77346192250918,0.00148397370241989,0.015364779316947,0.0103354423667964,"SH2B3/SLIT2/PADI2/EDN1",4
"GO:0070234","positive regulation of T cell apoptotic process","4/694","10/12561",0.4,7.23976945244957,4.77346192250918,0.00148397370241989,0.015364779316947,0.0103354423667964,"BBC3/TP53/CD274/IDO1",4
"GO:0062013","positive regulation of small molecule metabolic process","15/694","114/12561",0.131578947368421,2.38150310935841,3.58324110422794,0.00149033150340854,0.015392786655303,0.0103542820927341,"PLAA/GHSR/STAR/IFNG/P2RX7/IRS1/PID1/PMAIP1/EDN1/ABCD1/TIGAR/IL1B/GPER1/UCHL1/TNF",15
"GO:0006953","acute-phase response","7/694","32/12561",0.21875,3.95924891930836,4.05324042997073,0.00152541052683676,0.0157165769195357,0.0105720864325086,"ORM1/IL6/SERPINA1/IL1B/IL1RN/TNF/SAA2",7
"GO:0007601","visual perception","14/694","103/12561",0.135922330097087,2.46011583335665,3.59820450749671,0.00154619106272147,0.0158918271666056,0.010689972201708,"GJA3/CNGB1/DLL4/RDH12/RGS16/NRL/TULP1/CRB2/COL18A1/CACNA1F/COL2A1/USH2A/OPA3/TULP2",14
"GO:0002444","myeloid leukocyte mediated immunity","12/694","81/12561",0.148148148148148,2.68139609349984,3.67121090371049,0.00155574657743008,0.0159444527115686,0.0107253718827426,"MILR1/SERPINB9/NR4A3/FGR/IL6/ITGAM/ITGB2/TREM1/MPO/FCGR3B/FCGR2A/CHGA",12
"GO:0120039","plasma membrane bounded cell projection morphogenesis","39/694","430/12561",0.0906976744186047,1.64157563166008,3.27369240155892,0.00156325015598275,0.0159444527115686,0.0107253718827426,"PLAA/BOC/SHH/VIL1/LZTS1/SCN1B/FAT4/KLK8/VEGFA/NRP1/SPP1/LRP2/CSF1R/NRP2/EFNA5/ZNF365/PTCH1/PRICKLE1/KIF1A/NEXN/ROBO3/CAMK2B/AMIGO1/SLIT2/PHACTR1/EDN1/ARC/LRRK2/HMCN2/SEMA6A/TENM2/NCAM1/KIF5C/EPHA10/CNTNAP1/LIMK1/ATOH7/FGF13/DAB2IP",39
"GO:0010543","regulation of platelet activation","8/694","41/12561",0.195121951219512,3.53159485485345,3.92634133401512,0.00157022968089724,0.0159444527115686,0.0107253718827426,"FLNA/SH2B3/PDGFB/PLEK/SERPINE2/THBD/IL6/EMILIN2",8
"GO:0051785","positive regulation of nuclear division","8/694","41/12561",0.195121951219512,3.53159485485345,3.92634133401512,0.00157022968089724,0.0159444527115686,0.0107253718827426,"PDGFB/EGF/EDN1/IL1B/NUSAP1/PLCB1/PDGFRB/TNF",8
"GO:1903317","regulation of protein maturation","8/694","41/12561",0.195121951219512,3.53159485485345,3.92634133401512,0.00157022968089724,0.0159444527115686,0.0107253718827426,"NLRC4/TFR2/SERPINE2/GAS1/ASTL/LRRK2/SERPINE1/PLAUR",8
"GO:0006936","muscle contraction","27/694","265/12561",0.10188679245283,1.84409221902017,3.35841986707166,0.00157485578947074,0.015952986290456,0.0107311121742856,"GHSR/PDE4B/SCN1B/FLNA/MYBPC3/MYH3/SPHK1/RYR2/SCN5A/CACNA2D3/CLCN1/PROK2/MYH7/MYH6/JPH3/EDN1/KCNMA1/TTN/MYL2/FGF13/CNN1/GPER1/RPL3L/MYOCD/TNF/CHGA/ADRA2B",27
"GO:0045577","regulation of B cell differentiation","6/694","24/12561",0.25,4.52485590778098,4.17978804892124,0.00158991743482698,0.016028497775983,0.0107819065651842,"IL4I1/INHBA/IL10/SFRP1/NFAM1/CR1",6
"GO:0051043","regulation of membrane protein ectodomain proteolysis","6/694","24/12561",0.25,4.52485590778098,4.17978804892124,0.00158991743482698,0.016028497775983,0.0107819065651842,"IFNG/TIMP4/IL10/TSPAN5/IL1B/TNF",6
"GO:0007389","pattern specification process","20/694","175/12561",0.114285714285714,2.06850555784273,3.44218617302669,0.00160332739130773,0.0161251112815532,0.0108468956742417,"SHH/DLL4/ASCL1/IRX1/NRP1/LRP2/NRP2/HES4/CRB2/PTCH1/PRICKLE1/PKD1L1/ACVR2A/BMP4/SFRP1/TBX2/ITGAM/WNT2B/NKD1/BCOR",20
"GO:0048812","neuron projection morphogenesis","38/694","417/12561",0.0911270983213429,1.64934795679307,3.26113449532782,0.00164175522255322,0.0164722773996173,0.0110804242743564,"PLAA/BOC/SHH/LZTS1/SCN1B/FAT4/KLK8/VEGFA/NRP1/SPP1/LRP2/CSF1R/NRP2/EFNA5/ZNF365/PTCH1/PRICKLE1/KIF1A/NEXN/ROBO3/CAMK2B/AMIGO1/SLIT2/PHACTR1/EDN1/ARC/LRRK2/HMCN2/SEMA6A/TENM2/NCAM1/KIF5C/EPHA10/CNTNAP1/LIMK1/ATOH7/FGF13/DAB2IP",38
"GO:0150063","visual system development","21/694","188/12561",0.111702127659574,2.02174412900852,3.41340368363233,0.00165432164317267,0.0165589344520894,0.0111387159655695,"DLL4/INHBA/VEGFA/NRP1/NRL/TULP1/EFNA5/CRB2/PRICKLE1/SPRED3/FGF2/SPRY1/PXDN/TBX2/ITGAM/WNT2B/NKD1/ATOH7/ZEB2/PDGFRB/CALB1",21
"GO:0090087","regulation of peptide transport","16/694","127/12561",0.125984251968504,2.28024234722821,3.50665226266777,0.0016740290726246,0.0167164893650238,0.0112446985956254,"GHSR/FFAR2/CA2/IFNG/BLK/TFR2/IRS1/EFNA5/SLC8B1/IL6/FGB/RASL10B/IL1B/GPER1/TNF/CHGA",16
"GO:0050769","positive regulation of neurogenesis","18/694","151/12561",0.119205298013245,2.1575471878161,3.46055193072663,0.00167801569001957,0.0167166858575472,0.0112448307704591,"EGR2/IFNG/VEGFA/NRP1/LRP2/EFNA5/SERPINE2/ZNF365/ROBO3/CAMK2B/AMIGO1/SLIT2/IL6/E2F1/LIMK1/IL1B/GPER1/TNF",18
"GO:0050953","sensory perception of light stimulus","14/694","104/12561",0.134615384615385,2.43646087342053,3.55719622099149,0.00169830864616271,0.016878944893702,0.0113539777280611,"GJA3/CNGB1/DLL4/RDH12/RGS16/NRL/TULP1/CRB2/COL18A1/CACNA1F/COL2A1/USH2A/OPA3/TULP2",14
"GO:0007076","mitotic chromosome condensation","5/694","17/12561",0.294117647058824,5.32335989150703,4.31352094320301,0.00179975925757847,0.0177200596061581,0.0119197712520114,"PHF13/NCAPH/NCAPH2/TTN/NUSAP1",5
"GO:0032703","negative regulation of interleukin-2 production","5/694","17/12561",0.294117647058824,5.32335989150703,4.31352094320301,0.00179975925757847,0.0177200596061581,0.0119197712520114,"TNFAIP3/LILRB4/GBP1/CR1/ZFP36",5
"GO:0034114","regulation of heterotypic cell-cell adhesion","5/694","17/12561",0.294117647058824,5.32335989150703,4.31352094320301,0.00179975925757847,0.0177200596061581,0.0119197712520114,"IL10/FGB/IL1B/IL1RN/TNF",5
"GO:0044321","response to leptin","5/694","17/12561",0.294117647058824,5.32335989150703,4.31352094320301,0.00179975925757847,0.0177200596061581,0.0119197712520114,"NR4A3/LRP2/PID1/EDN1/FGB",5
"GO:0006836","neurotransmitter transport","18/694","152/12561",0.118421052631579,2.14335279842257,3.42955478236078,0.00180811185041892,0.0177608003208982,0.0119471763517198,"STX11/SLC18A1/SLC6A1/PNOC/DYSF/SNAP29/OTOF/SV2A/LRRK2/SLC6A2/SLC6A4/SCRIB/ERC2/P2RX1/GPER1/PIP5K1C/GGCX/CSPG5",18
"GO:1902107","positive regulation of leukocyte differentiation","17/694","140/12561",0.121428571428571,2.1977871552079,3.44643008073036,0.00182581481711416,0.0178514701608331,0.0120081673289231,"SHH/IL4I1/IFNG/IL13RA1/IL10/IL2RA/CD80/CD86/NFKBID/NLRP3/SMARCB1/GPR65/TESC/CSF1/LILRB4/TNF/CR1",17
"GO:1903708","positive regulation of hemopoiesis","17/694","140/12561",0.121428571428571,2.1977871552079,3.44643008073036,0.00182581481711416,0.0178514701608331,0.0120081673289231,"SHH/IL4I1/IFNG/IL13RA1/IL10/IL2RA/CD80/CD86/NFKBID/NLRP3/SMARCB1/GPR65/TESC/CSF1/LILRB4/TNF/CR1",17
"GO:1902041","regulation of extrinsic apoptotic signaling pathway via death domain receptors","7/694","33/12561",0.212121212121212,3.83927167932932,3.94936371605089,0.00184529119130502,0.0178976835366978,0.012039253729383,"ATF3/FAIM2/PMAIP1/FGB/SFRP1/SERPINE1/TNFAIP3",7
"GO:0002707","negative regulation of lymphocyte mediated immunity","8/694","42/12561",0.19047619047619,3.44750926307122,3.84209636517722,0.00184753021795528,0.0178976835366978,0.012039253729383,"IL4I1/SERPINB9/CD80/PDCD1/LILRB4/KLRD1/CD274/CR1",8
"GO:0043030","regulation of macrophage activation","8/694","42/12561",0.19047619047619,3.44750926307122,3.84209636517722,0.00184753021795528,0.0178976835366978,0.012039253729383,"SPHK1/IL10/CD200/MMP8/IL6/LRRK2/CST7/BPI",8
"GO:0045071","negative regulation of viral genome replication","8/694","42/12561",0.19047619047619,3.44750926307122,3.84209636517722,0.00184753021795528,0.0178976835366978,0.012039253729383,"OASL/APOBEC3A/ZNFX1/ISG20/IFITM2/N4BP1/TNF/RSAD2",8
"GO:0042063","gliogenesis","21/694","190/12561",0.110526315789474,2.00046261186106,3.36030999780214,0.00188686664584053,0.0182368257925964,0.0122673849096414,"SHH/EGR2/IFNG/LRP2/CSF1R/GCM2/SERPINE2/ZNF365/CCL2/IL6/VCAN/S100A9/E2F1/CNTNAP1/IL1B/CSF1/ZEB2/DAB2IP/CSPG5/ARHGEF10/TNF",21
"GO:0060048","cardiac muscle contraction","13/694","94/12561",0.138297872340426,2.50311177877246,3.53735224833053,0.00191729770441573,0.0184885412503613,0.0124367066130577,"PDE4B/SCN1B/FLNA/MYBPC3/RYR2/SCN5A/MYH7/MYH6/JPH3/TTN/MYL2/FGF13/CHGA",13
"GO:0010586","miRNA metabolic process","12/694","83/12561",0.144578313253012,2.6167841394396,3.57373774760774,0.00192672978721766,0.018537076080674,0.0124693545887384,"VEGFA/PDGFB/IL10/TP53/FGF2/IL6/ESR1/BMP4/MYOCD/LILRB4/TNF/EGR1",12
"GO:0008645","hexose transmembrane transport","10/694","62/12561",0.161290322580645,2.91926187598773,3.66350282758419,0.00196460576399981,0.0187628898911527,0.0126212530036577,"NR4A3/SLC5A9/IRS1/SLC5A10/PID1/TRIB3/GRB10/PDZK1IP1/IL1B/TNF",10
"GO:0051899","membrane depolarization","10/694","62/12561",0.161290322580645,2.91926187598773,3.66350282758419,0.00196460576399981,0.0187628898911527,0.0126212530036577,"CNGB1/SCN1B/P2RX7/SCN5A/EDN1/LRRK2/ABCD1/SLC6A4/CHRNA2/KDR",10
"GO:0051928","positive regulation of calcium ion transport","10/694","62/12561",0.161290322580645,2.91926187598773,3.66350282758419,0.00196460576399981,0.0187628898911527,0.0126212530036577,"P2RX7/PDGFB/CXCL9/CXCL11/F2RL3/CCL2/P2RX1/GPER1/PDGFRB/CXCL10",10
"GO:0034765","regulation of monoatomic ion transmembrane transport","20/694","178/12561",0.112359550561798,2.03364310462067,3.3587042225189,0.00196801075744886,0.0187628898911527,0.0126212530036577,"PDE4B/SCN1B/FLNA/IFNG/P2RX7/RYR2/CXCL9/SCN5A/CXCL11/F2RL3/CACNA1F/AMIGO1/JPH3/EDN1/TESC/GRIN2C/FGF13/P2RX1/GPER1/CXCL10",20
"GO:0030212","hyaluronan metabolic process","6/694","25/12561",0.24,4.34386167146974,4.04709034677852,0.00199558040528247,0.018982789679143,0.0127691732268097,"PDGFB/EGF/FGF2/TNFAIP6/IL1B/ITIH6",6
"GO:0010810","regulation of cell-substrate adhesion","19/694","166/12561",0.114457831325301,2.07162077705635,3.36105784986178,0.00203850920381939,0.0193474724885021,0.0130144847981992,"POLDIP2/FLNA/VEGFA/NRP1/FZD7/MMP12/PDGFB/EFNA5/SPOCK2/SPRY4/TEK/FGB/SFRP1/SPOCK1/SERPINE1/CSF1/CSPG5/GBP1/KDR",19
"GO:0002275","myeloid cell activation involved in immune response","11/694","73/12561",0.150684931506849,2.72731041016936,3.5792287829637,0.00209694199736143,0.0198573338806316,0.0133574538005328,"MILR1/IFNG/NR4A3/SBNO2/DYSF/FGR/ITGAM/ITGB2/IL1B/TNF/CHGA",11
"GO:0002698","negative regulation of immune effector process","12/694","84/12561",0.142857142857143,2.58563194730342,3.52607078679393,0.002137745393565,0.0201081676082207,0.0135261823895785,"IFNL1/IL4I1/SERPINB9/CD69/IL10/CD80/PDCD1/LILRB4/KLRD1/CD274/TNF/CR1",12
"GO:0045446","endothelial cell differentiation","12/694","84/12561",0.142857142857143,2.58563194730342,3.52607078679393,0.002137745393565,0.0201081676082207,0.0135261823895785,"MSN/VEGFA/NRP1/CLDN5/COL18A1/BMP4/TJP1/IL1B/PLCB1/S1PR1/KDR/TNF",12
"GO:0051209","release of sequestered calcium ion into cytosol","12/694","84/12561",0.142857142857143,2.58563194730342,3.52607078679393,0.002137745393565,0.0201081676082207,0.0135261823895785,"FLNA/RYR2/CXCL9/CXCL11/FGF2/F2RL3/SLC8B1/JPH3/PLCB1/GPER1/CXCL10/PLCB3",12
"GO:0048880","sensory system development","21/694","192/12561",0.109375,1.97962445965418,3.30785926215988,0.00214659777310859,0.0201464655142084,0.0135519442825376,"DLL4/INHBA/VEGFA/NRP1/NRL/TULP1/EFNA5/CRB2/PRICKLE1/SPRED3/FGF2/SPRY1/PXDN/TBX2/ITGAM/WNT2B/NKD1/ATOH7/ZEB2/PDGFRB/CALB1",21
"GO:0003208","cardiac ventricle morphogenesis","8/694","43/12561",0.186046511627907,3.36733462904631,3.7603692174801,0.00216205667422249,0.0202015672398527,0.0135890096186521,"DLL4/MYBPC3/LRP2/RYR2/MYH7/MYH6/MYL2/TGFBR3",8
"GO:0014015","positive regulation of gliogenesis","8/694","43/12561",0.186046511627907,3.36733462904631,3.7603692174801,0.00216205667422249,0.0202015672398527,0.0135890096186521,"EGR2/LRP2/SERPINE2/ZNF365/IL6/E2F1/IL1B/TNF",8
"GO:0015844","monoamine transport","7/694","34/12561",0.205882352941176,3.72635192405492,3.84947867802535,0.00221481702169077,0.0203503978385397,0.0136891236550086,"GHSR/SLC18A1/PNOC/SLC6A2/SLC6A4/CHGA/ADRA2B",7
"GO:0045622","regulation of T-helper cell differentiation","7/694","34/12561",0.205882352941176,3.72635192405492,3.84947867802535,0.00221481702169077,0.0203503978385397,0.0136891236550086,"IL27/CD69/CD80/CD86/NFKBID/NLRP3/GPR65",7
"GO:0002689","negative regulation of leukocyte chemotaxis","4/694","11/12561",0.363636363636364,6.58160859313597,4.47855530895136,0.00223061462610237,0.0203503978385397,0.0136891236550086,"CCL2/SLIT2/PADI2/TNFAIP6",4
"GO:0002830","positive regulation of type 2 immune response","4/694","11/12561",0.363636363636364,6.58160859313597,4.47855530895136,0.00223061462610237,0.0203503978385397,0.0136891236550086,"CD86/NLRP3/IL6/RSAD2",4
"GO:0032621","interleukin-18 production","4/694","11/12561",0.363636363636364,6.58160859313597,4.47855530895136,0.00223061462610237,0.0203503978385397,0.0136891236550086,"IL10/NLRP12/GBP5/TNF",4
"GO:0032661","regulation of interleukin-18 production","4/694","11/12561",0.363636363636364,6.58160859313597,4.47855530895136,0.00223061462610237,0.0203503978385397,0.0136891236550086,"IL10/NLRP12/GBP5/TNF",4
"GO:0034116","positive regulation of heterotypic cell-cell adhesion","4/694","11/12561",0.363636363636364,6.58160859313597,4.47855530895136,0.00223061462610237,0.0203503978385397,0.0136891236550086,"IL10/FGB/IL1B/TNF",4
"GO:0072109","glomerular mesangium development","4/694","11/12561",0.363636363636364,6.58160859313597,4.47855530895136,0.00223061462610237,0.0203503978385397,0.0136891236550086,"PDGFB/BMP4/PDGFRB/EGR1",4
"GO:0140105","interleukin-10-mediated signaling pathway","4/694","11/12561",0.363636363636364,6.58160859313597,4.47855530895136,0.00223061462610237,0.0203503978385397,0.0136891236550086,"IL10/LILRA1/IL10RA/LILRB4",4
"GO:2001279","regulation of unsaturated fatty acid biosynthetic process","4/694","11/12561",0.363636363636364,6.58160859313597,4.47855530895136,0.00223061462610237,0.0203503978385397,0.0136891236550086,"PLAA/EDN1/ABCD1/IL1B",4
"GO:0051048","negative regulation of secretion","14/694","107/12561",0.130841121495327,2.36814888631528,3.43696336652871,0.00223110673977346,0.0203503978385397,0.0136891236550086,"GHSR/INHBA/OSM/IRS1/CD200/EGF/EDN1/IL1B/RHBDF2/GGCX/TNF/CHGA/ADRA2B/RSAD2",14
"GO:0070527","platelet aggregation","9/694","53/12561",0.169811320754717,3.07348703170029,3.65804804935641,0.00226319485384739,0.0205541015390365,0.0138261492388427,"FLNA/HBB/SH2B3/PLEK/SERPINE2/IL6/FGB/SLC6A4/EMILIN2",9
"GO:0072175","epithelial tube formation","9/694","53/12561",0.169811320754717,3.07348703170029,3.65804804935641,0.00226319485384739,0.0205541015390365,0.0138261492388427,"VEGFA/IRX1/LRP2/PTCH1/PRICKLE1/EGF/FGF2/BMP4/SCRIB",9
"GO:0061564","axon development","30/694","313/12561",0.0958466453674121,1.73476903812689,3.18342418446942,0.00231323813937159,0.0209634097189503,0.0141014790054793,"BOC/SHH/BHLHA15/SCN1B/FAT4/VEGFA/NRP1/SPP1/CSF1R/NRP2/EFNA5/PTCH1/PRICKLE1/NEXN/ROBO3/AMIGO1/SLIT2/EDN1/SCARF1/HMCN2/SEMA6A/TENM2/NCAM1/KIF5C/EPHA10/CNTNAP1/LIMK1/ATOH7/FGF13/CSPG5",30
"GO:0019079","viral genome replication","13/694","96/12561",0.135416666666667,2.4509636167147,3.45104070144022,0.00232250264866893,0.0210022020632852,0.0141275734928048,"OASL/APOBEC3A/ZNFX1/ISG20/IFITM2/CXCL8/CCL2/SMARCB1/CCL8/GBP7/N4BP1/TNF/RSAD2",13
"GO:0002532","production of molecular mediator involved in inflammatory response","11/694","74/12561",0.148648648648649,2.69045486408599,3.52691072849137,0.00234316987972042,0.0210791194419058,0.0141793135872988,"NFKBIA/IL6/S100A9/ABCD1/SERPINE1/MEFV/NCF1/LILRB4/GBP5/TNF/ZFP36",11
"GO:0071887","leukocyte apoptotic process","11/694","74/12561",0.148648648648649,2.69045486408599,3.52691072849137,0.00234316987972042,0.0210791194419058,0.0141793135872988,"GHSR/PLEKHO2/BBC3/IL10/PIP/TP53/IRF7/IL6/BMP4/CD274/IDO1",11
"GO:0002758","innate immune response-activating signaling pathway","26/694","259/12561",0.1003861003861,1.81693055756456,3.21255998622532,0.00234601495449782,0.0210791194419058,0.0141793135872988,"NLRC4/OASL/MAP2K6/FFAR2/P2RX7/NFKBIA/CLEC4E/TREML4/IRAK2/GBP2/IRF7/NLRP3/S100A9/TNIP3/MEFV/TNFAIP3/AIM2/DAB2IP/GBP5/KLRD1/PIK3AP1/FCN1/CD274/TNF/FCN3/RSAD2",26
"GO:0048667","cell morphogenesis involved in neuron differentiation","34/694","369/12561",0.0921409214092141,1.66769757034746,3.14818021862087,0.00235981590226544,0.021158008962014,0.0142323802842948,"BOC/SHH/LZTS1/SCN1B/FAT4/VEGFA/NRP1/SPP1/CSF1R/NRP2/EFNA5/ZNF365/PTCH1/PRICKLE1/KIF1A/NEXN/ROBO3/CAMK2B/AMIGO1/SLIT2/PHACTR1/EDN1/ARC/LRRK2/HMCN2/SEMA6A/TENM2/NCAM1/KIF5C/EPHA10/CNTNAP1/LIMK1/ATOH7/FGF13",34
"GO:0002281","macrophage activation involved in immune response","5/694","18/12561",0.277777777777778,5.0276176753122,4.13511758241788,0.00237990367490672,0.0212027781946235,0.0142624952513827,"IFNG/SBNO2/DYSF/IL1B/TNF",5
"GO:0010759","positive regulation of macrophage chemotaxis","5/694","18/12561",0.277777777777778,5.0276176753122,4.13511758241788,0.00237990367490672,0.0212027781946235,0.0142624952513827,"CMKLR1/CSF1R/CCL2/C3AR1/CSF1",5
"GO:0061042","vascular wound healing","5/694","18/12561",0.277777777777778,5.0276176753122,4.13511758241788,0.00237990367490672,0.0212027781946235,0.0142624952513827,"VEGFA/SERPINE1/TNFAIP3/KDR/TNF",5
"GO:0003002","regionalization","18/694","156/12561",0.115384615384615,2.08839503436045,3.3079165912184,0.00241680033412269,0.0214860687932342,0.0144530566382141,"SHH/DLL4/ASCL1/IRX1/NRP1/LRP2/NRP2/HES4/CRB2/PTCH1/PRICKLE1/PKD1L1/BMP4/SFRP1/TBX2/ITGAM/WNT2B/NKD1",18
"GO:0007269","neurotransmitter secretion","14/694","108/12561",0.12962962962963,2.34622158181236,3.39778203719575,0.00243675471557543,0.0215724461584766,0.0145111601919224,"STX11/PNOC/DYSF/SNAP29/OTOF/SV2A/LRRK2/SCRIB/ERC2/P2RX1/GPER1/PIP5K1C/GGCX/CSPG5",14
"GO:0099643","signal release from synapse","14/694","108/12561",0.12962962962963,2.34622158181236,3.39778203719575,0.00243675471557543,0.0215724461584766,0.0145111601919224,"STX11/PNOC/DYSF/SNAP29/OTOF/SV2A/LRRK2/SCRIB/ERC2/P2RX1/GPER1/PIP5K1C/GGCX/CSPG5",14
"GO:0045089","positive regulation of innate immune response","31/694","328/12561",0.0945121951219512,1.71061625781964,3.15362214790657,0.0024503500266647,0.0216473270699477,0.0145615304139033,"NLRC4/OASL/MAP2K6/FFAR2/ZNFX1/P2RX7/NFKBIA/ZBP1/MMP12/MNDA/CLEC4E/TREML4/IRAK2/GBP2/IRF7/NLRP3/S100A9/TNIP3/MEFV/TNFAIP3/AIM2/DAB2IP/RASGRP4/GBP5/KLRD1/PIK3AP1/FCN1/CD274/TNF/FCN3/RSAD2",31
"GO:0032689","negative regulation of type II interferon production","6/694","26/12561",0.230769230769231,4.1767900687209,3.92118294431289,0.00247482965483943,0.0217269420114445,0.0146150850808726,"IL20RA/INHBA/IL36RN/LILRB4/CD274/CR1",6
"GO:0090077","foam cell differentiation","6/694","26/12561",0.230769230769231,4.1767900687209,3.92118294431289,0.00247482965483943,0.0217269420114445,0.0146150850808726,"NFKBIA/APOBR/CETP/IL1B/CSF1/TNF",6
"GO:1902894","negative regulation of miRNA transcription","6/694","26/12561",0.230769230769231,4.1767900687209,3.92118294431289,0.00247482965483943,0.0217269420114445,0.0146150850808726,"VEGFA/PDGFB/ESR1/BMP4/LILRB4/TNF",6
"GO:0014812","muscle cell migration","10/694","64/12561",0.15625,2.82803494236311,3.54548521541819,0.00250659641946727,0.0219145172440562,0.0147412615111424,"ADAMTS1/NR4A3/NRP1/PDGFB/AIF1/SLIT2/BMP4/SERPINE1/PDGFRB/MYOCD",10
"GO:0015749","monosaccharide transmembrane transport","10/694","64/12561",0.15625,2.82803494236311,3.54548521541819,0.00250659641946727,0.0219145172440562,0.0147412615111424,"NR4A3/SLC5A9/IRS1/SLC5A10/PID1/TRIB3/GRB10/PDZK1IP1/IL1B/TNF",10
"GO:0030239","myofibril assembly","8/694","44/12561",0.181818181818182,3.29080429656798,3.68102091344486,0.00251715314045293,0.0219158746567534,0.0147421746033783,"MYBPC3/MYH3/FLNC/MYH6/EDN1/TTN/MYL2/PDGFRB",8
"GO:0071526","semaphorin-plexin signaling pathway","8/694","44/12561",0.181818181818182,3.29080429656798,3.68102091344486,0.00251715314045293,0.0219158746567534,0.0147421746033783,"FLNA/NRP1/NRP2/EDN1/SEMA6A/NCAM1/CRMP1/KDR",8
"GO:0021953","central nervous system neuron differentiation","12/694","86/12561",0.13953488372093,2.52550097178473,3.43277643993361,0.00261653363294863,0.0227341705757639,0.0152926185853879,"SCN1B/DLL4/INHBA/ASCL1/NRP1/FAIM2/CSF1R/NRP2/SLIT2/SFRP1/SPOCK1/MDGA1",12
"GO:0046638","positive regulation of alpha-beta T cell differentiation","7/694","35/12561",0.2,3.61988472622478,3.75330696915486,0.00263891901361705,0.0228010667752423,0.0153376177227008,"SHH/CD80/CD86/NFKBID/NLRP3/GPR65/LILRB4",7
"GO:0070228","regulation of lymphocyte apoptotic process","7/694","35/12561",0.2,3.61988472622478,3.75330696915486,0.00263891901361705,0.0228010667752423,0.0153376177227008,"BBC3/IL10/PIP/TP53/BMP4/CD274/IDO1",7
"GO:0044093","positive regulation of molecular function","29/694","302/12561",0.0960264900662252,1.73802412351852,3.1394284556238,0.00264046525541487,0.0228010667752423,0.0153376177227008,"FGFR3/SCN1B/LCP2/RGS16/RANGAP1/PDGFB/CSF1R/ANGPT1/CHTF18/EGF/FGF2/PIK3R5/EDN1/ESR1/BMP4/S100A12/GCH1/UBE2S/TESC/SCRIB/PRLR/PLAUR/TIGAR/FGF13/PDGFRB/DAB2IP/RGS6/CR1/SYDE2",29
"GO:0071363","cellular response to growth factor stimulus","41/694","472/12561",0.086864406779661,1.57219569677136,3.06425202391546,0.00267297773236341,0.0230303876033208,0.0154918752068612,"VIL1/FGFR3/DLL4/VEGFA/CD109/NRP1/CLDN5/SPHK1/PDGFB/LRP2/CXCL8/ANGPT1/NRP2/GAS1/CRB2/COL4A2/SPRED3/FGF2/FST/SPRY4/CCL2/SLIT2/SPRY1/EDN1/ACVR2A/TNFAIP6/GRB10/BMP4/SFRP1/TBX2/SEMA6A/E2F1/PMEPA1/IL1B/ZEB2/PDGFRB/DAB2IP/MYOCD/KDR/ZFP36/TGFBR3",41
"GO:0050870","positive regulation of T cell activation","19/694","170/12561",0.111764705882353,2.02287675877267,3.24712252893647,0.00267795204689777,0.0230303876033208,0.0154918752068612,"SHH/IL4I1/IL2RA/CD80/CD86/SIRPB1/AIF1/CCDC88B/NFKBID/CCL2/NLRP3/IL6/SMARCB1/GPR65/IL1B/TNFSF14/LILRB4/CD274/CR1",19
"GO:0002040","sprouting angiogenesis","15/694","121/12561",0.12396694214876,2.24373020220544,3.32439606366734,0.00270411966441569,0.0232080657145575,0.0156113941300196,"GHSR/DLL4/VEGFA/NRP1/TSPAN18/ANGPT1/IL10/FGF2/SLIT2/TEK/BMP4/SEMA6A/TJP1/KDR/TGFBR3",15
"GO:0070665","positive regulation of leukocyte proliferation","13/694","98/12561",0.13265306122449,2.40094395106746,3.36687183372532,0.00279548145100958,0.0239434122653544,0.0161060404727107,"SHH/CSF2RB/CSF1R/IL2RA/CD80/CD86/AIF1/CCDC88B/IL6/PRLR/IL1B/CSF1/CD274",13
"GO:1901890","positive regulation of cell junction assembly","10/694","65/12561",0.153846153846154,2.7845267124806,3.48817533674047,0.00281925142600374,0.0240980233451922,0.0162100428714415,"POLDIP2/VEGFA/NRP1/CLDN5/EFNA5/AMIGO1/TEK/DSG3/SFRP1/KDR",10
"GO:0099537","trans-synaptic signaling","41/694","474/12561",0.0864978902953586,1.56556195965418,3.03538779929975,0.00288411624394298,0.0246025624533921,0.0165494317274105,"GHSR/STX11/KCNC4/LZTS1/CRHR2/P2RX7/SLC6A1/PNOC/DYSF/SNAP29/OTOF/APBA1/SV2A/GABRG3/CAMK2B/CCL2/JPH3/ARC/LRRK2/SLC6A2/SLC6A4/TENM2/CHRNA2/SCRIB/PXK/GRIN2C/HTR1F/ACHE/CACNA1E/ERC2/IL1B/PLCB1/P2RX1/GPER1/OPRL1/PIP5K1C/GGCX/CSPG5/BEGAIN/TNF/CALB1",41
"GO:0001885","endothelial cell development","8/694","45/12561",0.177777777777778,3.21767531219981,3.60392318063051,0.00291628693869656,0.0248267336558936,0.016700225207483,"MSN/VEGFA/CLDN5/COL18A1/TJP1/IL1B/PLCB1/TNF",8
"GO:0060485","mesenchyme development","22/694","210/12561",0.104761904761905,1.89613009468917,3.16689549843191,0.00292844242413896,0.0248576923176037,0.0167210502032254,"SNAI1/SHH/VEGFA/NRP1/NRP2/CRB2/PRICKLE1/KBTBD8/SPRED3/DCHS1/SPRY1/IL6/EDN1/BMP4/SFRP1/TBX2/SEMA6A/NCAM1/IL1B/DAB2IP/SP6/TGFBR3",22
"GO:0032623","interleukin-2 production","9/694","55/12561",0.163636363636364,2.96172386691119,3.52585211078253,0.00294351885773238,0.0248576923176037,0.0167210502032254,"PDE4B/CD80/CD86/IL1B/TNFAIP3/LILRB4/GBP1/CR1/ZFP36",9
"GO:0032663","regulation of interleukin-2 production","9/694","55/12561",0.163636363636364,2.96172386691119,3.52585211078253,0.00294351885773238,0.0248576923176037,0.0167210502032254,"PDE4B/CD80/CD86/IL1B/TNFAIP3/LILRB4/GBP1/CR1/ZFP36",9
"GO:0070373","negative regulation of ERK1 and ERK2 cascade","9/694","55/12561",0.163636363636364,2.96172386691119,3.52585211078253,0.00294351885773238,0.0248576923176037,0.0167210502032254,"ATF3/LMO3/SPRED3/SPRY4/SPRY1/SEMA6A/GPER1/DAB2IP/GBP1",9
"GO:0002221","pattern recognition receptor signaling pathway","25/694","250/12561",0.1,1.80994236311239,3.12810654730455,0.00296779139536178,0.0250125458801091,0.0168252157130289,"NLRC4/OASL/MAP2K6/FFAR2/P2RX7/NFKBIA/CLEC4E/TREML4/IRAK2/GBP2/IRF7/NLRP3/S100A9/TNIP3/MEFV/TNFAIP3/AIM2/DAB2IP/GBP5/PIK3AP1/FCN1/CD274/TNF/FCN3/RSAD2",25
"GO:0050922","negative regulation of chemotaxis","6/694","27/12561",0.222222222222222,4.02209414024976,3.80144848378459,0.00303561873055896,0.0253811454971735,0.0170731620076034,"AIF1/ROBO3/CCL2/SLIT2/PADI2/TNFAIP6",6
"GO:0051937","catecholamine transport","6/694","27/12561",0.222222222222222,4.02209414024976,3.80144848378459,0.00303561873055896,0.0253811454971735,0.0170731620076034,"GHSR/SLC18A1/PNOC/SLC6A2/CHGA/ADRA2B",6
"GO:0090022","regulation of neutrophil chemotaxis","6/694","27/12561",0.222222222222222,4.02209414024976,3.80144848378459,0.00303561873055896,0.0253811454971735,0.0170731620076034,"CXCL8/SLIT2/EDN1/TNFAIP6/JAM3/C3AR1",6
"GO:2000629","negative regulation of miRNA metabolic process","6/694","27/12561",0.222222222222222,4.02209414024976,3.80144848378459,0.00303561873055896,0.0253811454971735,0.0170731620076034,"VEGFA/PDGFB/ESR1/BMP4/LILRB4/TNF",6
"GO:0003148","outflow tract septum morphogenesis","5/694","19/12561",0.263157894736842,4.76300621871682,3.96946906773642,0.00308483058128686,0.025639992247619,0.0172472807252157,"NRP1/LRP2/NRP2/BMP4/TBX2",5
"GO:0009110","vitamin biosynthetic process","5/694","19/12561",0.263157894736842,4.76300621871682,3.96946906773642,0.00308483058128686,0.025639992247619,0.0172472807252157,"SNAI1/IFNG/BCO1/CYP24A1/TNF",5
"GO:0045624","positive regulation of T-helper cell differentiation","5/694","19/12561",0.263157894736842,4.76300621871682,3.96946906773642,0.00308483058128686,0.025639992247619,0.0172472807252157,"CD80/CD86/NFKBID/NLRP3/GPR65",5
"GO:0001654","eye development","20/694","185/12561",0.108108108108108,1.95669444660799,3.17010064562166,0.00309954858435655,0.0257116097135403,0.0172954557218243,"DLL4/INHBA/VEGFA/NRP1/NRL/TULP1/EFNA5/CRB2/PRICKLE1/SPRED3/FGF2/SPRY1/PXDN/TBX2/WNT2B/NKD1/ATOH7/ZEB2/PDGFRB/CALB1",20
"GO:0031638","zymogen activation","7/694","36/12561",0.194444444444444,3.51933237271854,3.66059712365401,0.00312269351268527,0.0257515273237881,0.0173223071429626,"GGT1/SERPINE2/THBD/FGB/SERPINE1/PLAUR/C1S",7
"GO:0045840","positive regulation of mitotic nuclear division","7/694","36/12561",0.194444444444444,3.51933237271854,3.66059712365401,0.00312269351268527,0.0257515273237881,0.0173223071429626,"PDGFB/EGF/EDN1/IL1B/NUSAP1/PDGFRB/TNF",7
"GO:1904427","positive regulation of calcium ion transmembrane transport","7/694","36/12561",0.194444444444444,3.51933237271854,3.66059712365401,0.00312269351268527,0.0257515273237881,0.0173223071429626,"P2RX7/CXCL9/CXCL11/F2RL3/P2RX1/GPER1/CXCL10",7
"GO:0001704","formation of primary germ layer","10/694","66/12561",0.151515151515152,2.74233691380665,3.43194294427399,0.00316229014256243,0.0259763950502107,0.0174735691545184,"SNAI1/INHBA/FZD7/CRB2/COL4A2/MMP8/DUSP2/BMP4/ITGB2/ITGA7",10
"GO:0046425","regulation of receptor signaling pathway via JAK-STAT","10/694","66/12561",0.151515151515152,2.74233691380665,3.43194294427399,0.00316229014256243,0.0259763950502107,0.0174735691545184,"IFNL1/IFNG/SH2B3/IL10/EGF/IL10RA/IL6/GBP7/PRLR/SOCS3",10
"GO:0090276","regulation of peptide hormone secretion","15/694","123/12561",0.121951219512195,2.2072467842834,3.25369934945257,0.00317212198511043,0.0259887823829372,0.0174819017547356,"GHSR/FFAR2/IFNG/BLK/TFR2/IRS1/EFNA5/SLC8B1/IL6/FGB/RASL10B/IL1B/GPER1/TNF/CHGA",15
"GO:0050864","regulation of B cell activation","12/694","88/12561",0.136363636363636,2.46810322242599,3.34207776142235,0.00317908818493102,0.0259887823829372,0.0174819017547356,"IL4I1/INHBA/MNDA/IL10/THEMIS2/CTLA4/IL6/SFRP1/PRLR/NFAM1/TNFAIP3/CR1",12
"GO:0015874","norepinephrine transport","4/694","12/12561",0.333333333333333,6.03314121037464,4.21822034780824,0.00320080162713441,0.0259887823829372,0.0174819017547356,"GHSR/SLC18A1/SLC6A2/ADRA2B",4
"GO:0032354","response to follicle-stimulating hormone","4/694","12/12561",0.333333333333333,6.03314121037464,4.21822034780824,0.00320080162713441,0.0259887823829372,0.0174819017547356,"GHSR/INHBA/EDN1/TGFBR3",4
"GO:0046851","negative regulation of bone remodeling","4/694","12/12561",0.333333333333333,6.03314121037464,4.21822034780824,0.00320080162713441,0.0259887823829372,0.0174819017547356,"P2RX7/IL6/SFRP1/TNFAIP3",4
"GO:0070486","leukocyte aggregation","4/694","12/12561",0.333333333333333,6.03314121037464,4.21822034780824,0.00320080162713441,0.0259887823829372,0.0174819017547356,"MSN/NR4A3/S100A9/IL1B",4
"GO:0050764","regulation of phagocytosis","11/694","77/12561",0.142857142857143,2.58563194730342,3.37500914332542,0.00322537677369794,0.0260877883385089,0.0175485001956681,"IFNG/SLC11A1/DYSF/SPHK1/TULP1/FGR/SIRPB1/CCL2/FCN1/FCGR2A/FCN3",11
"GO:0071677","positive regulation of mononuclear cell migration","11/694","77/12561",0.142857142857143,2.58563194730342,3.37500914332542,0.00322537677369794,0.0260877883385089,0.0175485001956681,"CMKLR1/CSF1R/AIF1/CCL2/SERPINE1/JAM3/C3AR1/CSF1/SPN/CXCL10/TNF",11
"GO:0015850","organic hydroxy compound transport","19/694","173/12561",0.109826589595376,1.98779797104829,3.1636954269497,0.00326106137261498,0.0263258862532558,0.0177086617720083,"GHSR/SHH/AQP9/SLC18A1/STAR/GRAMD1A/NFKBIA/PNOC/SPP1/SLC16A8/SLC5A11/PTCH1/EGF/SLC6A2/SLC6A4/CETP/AQP1/CHGA/ADRA2B",19
"GO:0007409","axonogenesis","27/694","279/12561",0.0967741935483871,1.75155712559264,3.0699664943462,0.0032743360102813,0.0263825085034903,0.0177467499210083,"BOC/SHH/SCN1B/FAT4/VEGFA/NRP1/SPP1/CSF1R/NRP2/EFNA5/PTCH1/PRICKLE1/NEXN/ROBO3/AMIGO1/SLIT2/EDN1/HMCN2/SEMA6A/TENM2/NCAM1/KIF5C/EPHA10/CNTNAP1/LIMK1/ATOH7/FGF13",27
"GO:0040013","negative regulation of locomotion","25/694","252/12561",0.0992063492063492,1.79557774118293,3.08514508320087,0.00329821593210972,0.0265242021715846,0.0178420631507085,"GHSR/SHH/DLL4/KRT16/CD69/CLDN5/CD200/FGF2/AIF1/ROBO3/CCL2/SLIT2/PADI2/DSG3/TNFAIP6/BMP4/SFRP1/SERPINE1/PLCB1/ZEB2/DAB2IP/EMILIN2/MYOCD/TNF/TGFBR3",25
"GO:0046637","regulation of alpha-beta T cell differentiation","9/694","56/12561",0.160714285714286,2.90883594071634,3.4619823768466,0.00333932834857194,0.0266915114196509,0.0179546072397027,"SHH/IL27/CD69/CD80/CD86/NFKBID/NLRP3/GPR65/LILRB4",9
"GO:0090288","negative regulation of cellular response to growth factor stimulus","9/694","56/12561",0.160714285714286,2.90883594071634,3.4619823768466,0.00333932834857194,0.0266915114196509,0.0179546072397027,"LRP2/ANGPT1/FGF2/SPRY4/SLIT2/SPRY1/TNFAIP6/SEMA6A/DAB2IP",9
"GO:2000106","regulation of leukocyte apoptotic process","9/694","56/12561",0.160714285714286,2.90883594071634,3.4619823768466,0.00333932834857194,0.0266915114196509,0.0179546072397027,"GHSR/BBC3/IL10/PIP/TP53/IRF7/BMP4/CD274/IDO1",9
"GO:0055001","muscle cell development","13/694","100/12561",0.13,2.35292507204611,3.28474288670606,0.00334435643796291,0.0266915114196509,0.0179546072397027,"MYBPC3/MYH3/VEGFA/PRICKLE1/FLNC/ALPK3/MYH6/EDN1/BMP4/TTN/CNTNAP1/MYL2/PDGFRB",13
"GO:0032722","positive regulation of chemokine production","8/694","46/12561",0.173913043478261,3.14772584889112,3.52895740763188,0.00336303904861692,0.0267393331148523,0.0179867755100332,"FFAR2/IFNG/CSF1R/AIF1/IL6/IL1B/TNF/EGR1",8
"GO:0045861","negative regulation of proteolysis","8/694","46/12561",0.173913043478261,3.14772584889112,3.52895740763188,0.00336303904861692,0.0267393331148523,0.0179867755100332,"TIMP4/IL10/SERPINE2/GAS1/CRB2/LRRK2/SERPINE1/CR1",8
"GO:0001503","ossification","25/694","253/12561",0.0988142292490119,1.78848059596086,3.06380845700652,0.00347474659531196,0.0275754842799334,0.0185492301993168,"SNAI1/MAP2K6/FGFR3/BMP3/P2RX7/SBNO2/SPP1/PTCH1/PRICKLE1/IL6/ACVR2A/COL2A1/TNFAIP6/BMP4/SFRP1/VCAN/SRGN/ACHE/BCOR/S1PR1/CYP24A1/STATH/MMP13/TNF/NOCT",25
"GO:0048639","positive regulation of developmental growth","12/694","89/12561",0.134831460674157,2.4403717255448,3.29765808044574,0.00349496061592466,0.0276837669840348,0.0186220688405023,"PLAA/GHSR/VIL1/VEGFA/NRP1/EFNA5/FGF2/EDN1/TBX2/LIMK1/PLCB1/TGFBR3",12
"GO:0050808","synapse organization","37/694","422/12561",0.0876777251184834,1.58691628993267,2.96582155412049,0.00362132403302262,0.0286308808164303,0.0192591649046626,"GHSR/LZTS1/KLK8/SLC6A1/NRP1/IL10/NRP2/EFNA5/ZNF365/PRICKLE1/CACNA2D3/KIF1A/DNM3/SPOCK2/GABRG3/CAMK2B/IL10RA/AMIGO1/ARC/LRRK2/HMCN2/ITGAM/PRMT8/PCDH17/TENM2/ACHE/LRFN3/CNTNAP1/ERC2/FGF13/CSMD2/CRMP1/SPTB/MDGA1/DAB2IP/LRFN1/TNF",37
"GO:0050851","antigen receptor-mediated signaling pathway","18/694","162/12561",0.111111111111111,2.01104707012488,3.13212896673659,0.00364513133844662,0.028765137565944,0.0193494755344692,"PDE4B/LCP2/NFKBIA/BLK/MNDA/BTNL8/THEMIS2/CD80/CD86/NFKBID/CTLA4/CD79B/PDCD1/SH2B2/NFAM1/LILRB4/GBP1/CD274",18
"GO:0030225","macrophage differentiation","7/694","37/12561",0.189189189189189,3.42421528156398,3.57112129003364,0.00367138070022727,0.0288104250852099,0.0193799391379908,"INHBA/IFNG/VEGFA/CSF1R/BMP4/CSF3/CSF1",7
"GO:0045453","bone resorption","7/694","37/12561",0.189189189189189,3.42421528156398,3.57112129003364,0.00367138070022727,0.0288104250852099,0.0193799391379908,"P2RX7/SPP1/CSF1R/RUFY4/IL6/S1PR1/TNFAIP3",7
"GO:0051480","regulation of cytosolic calcium ion concentration","7/694","37/12561",0.189189189189189,3.42421528156398,3.57112129003364,0.00367138070022727,0.0288104250852099,0.0193799391379908,"CNGB1/RYR2/SLC8B1/ERC2/P2RX1/GPER1/CALB1",7
"GO:0042092","type 2 immune response","6/694","28/12561",0.214285714285714,3.87844792095513,3.68734654822361,0.00368608183294333,0.0288120479914647,0.019381030820059,"IFNL1/IL10/CD86/NLRP3/IL6/RSAD2",6
"GO:0071398","cellular response to fatty acid","6/694","28/12561",0.214285714285714,3.87844792095513,3.68734654822361,0.00368608183294333,0.0288120479914647,0.019381030820059,"FFAR2/IRS1/PID1/EDN1/E2F1/PLCB1",6
"GO:0002791","regulation of peptide secretion","15/694","125/12561",0.12,2.17193083573487,3.18434940600767,0.00370476237959807,0.0288120479914647,0.019381030820059,"GHSR/FFAR2/IFNG/BLK/TFR2/IRS1/EFNA5/SLC8B1/IL6/FGB/RASL10B/IL1B/GPER1/TNF/CHGA",15
"GO:0001822","kidney development","19/694","175/12561",0.108571428571429,1.9650802799506,3.10900207408712,0.00370577361446935,0.0288120479914647,0.019381030820059,"SHH/VEGFA/IRX1/NRP1/PDGFB/ANGPT1/PTCH1/FGF2/SLIT2/TEK/EDN1/BMP4/SFRP1/LRRK2/PDGFRB/AQP1/EGR1/CR1/CALB1",19
"GO:0046879","hormone secretion","19/694","175/12561",0.108571428571429,1.9650802799506,3.10900207408712,0.00370577361446935,0.0288120479914647,0.019381030820059,"GHSR/FFAR2/INHBA/IFNG/BLK/TFR2/OSM/SPP1/IRS1/EFNA5/SLC8B1/IL6/EDN1/FGB/RASL10B/IL1B/GPER1/TNF/CHGA",19
"GO:0070848","response to growth factor","42/694","496/12561",0.0846774193548387,1.53261248489356,2.92679700081414,0.00378488077580868,0.0293729053209167,0.0197583033135307,"VIL1/FGFR3/DLL4/ASCL1/VEGFA/CD109/NRP1/CLDN5/SPHK1/PDGFB/LRP2/CXCL8/ANGPT1/NRP2/GAS1/CRB2/COL4A2/SPRED3/FGF2/FST/SPRY4/CCL2/SLIT2/SPRY1/EDN1/ACVR2A/TNFAIP6/GRB10/BMP4/SFRP1/TBX2/SEMA6A/E2F1/PMEPA1/IL1B/ZEB2/PDGFRB/DAB2IP/MYOCD/KDR/ZFP36/TGFBR3",42
"GO:0007268","chemical synaptic transmission","40/694","467/12561",0.0856531049250535,1.55027183135965,2.93058838198853,0.00382724893006245,0.0295927100757489,0.0199061596106277,"GHSR/STX11/KCNC4/LZTS1/CRHR2/P2RX7/SLC6A1/PNOC/DYSF/SNAP29/OTOF/APBA1/SV2A/GABRG3/CAMK2B/CCL2/JPH3/ARC/LRRK2/SLC6A2/SLC6A4/CHRNA2/SCRIB/PXK/GRIN2C/HTR1F/ACHE/CACNA1E/ERC2/IL1B/PLCB1/P2RX1/GPER1/OPRL1/PIP5K1C/GGCX/CSPG5/BEGAIN/TNF/CALB1",40
"GO:0098916","anterograde trans-synaptic signaling","40/694","467/12561",0.0856531049250535,1.55027183135965,2.93058838198853,0.00382724893006245,0.0295927100757489,0.0199061596106277,"GHSR/STX11/KCNC4/LZTS1/CRHR2/P2RX7/SLC6A1/PNOC/DYSF/SNAP29/OTOF/APBA1/SV2A/GABRG3/CAMK2B/CCL2/JPH3/ARC/LRRK2/SLC6A2/SLC6A4/CHRNA2/SCRIB/PXK/GRIN2C/HTR1F/ACHE/CACNA1E/ERC2/IL1B/PLCB1/P2RX1/GPER1/OPRL1/PIP5K1C/GGCX/CSPG5/BEGAIN/TNF/CALB1",40
"GO:0001764","neuron migration","12/694","90/12561",0.133333333333333,2.41325648414986,3.25383619293093,0.00383567057604654,0.029603508804872,0.0199134236031774,"PLAA/FLNA/VEGFA/NRP1/NRP2/CAMK2B/PHACTR1/SPOCK1/SEMA6A/FGF13/MDGA1/DAB2IP",12
"GO:0045428","regulation of nitric oxide biosynthetic process","8/694","47/12561",0.170212765957447,3.08075295848918,3.45601372223745,0.00386109371651166,0.0296909651850002,0.0199722529789711,"HBB/IFNG/IL10/EDN1/ESR1/ITGB2/IL1B/TNF",8
"GO:1902895","positive regulation of miRNA transcription","8/694","47/12561",0.170212765957447,3.08075295848918,3.45601372223745,0.00386109371651166,0.0296909651850002,0.0199722529789711,"PDGFB/IL10/TP53/FGF2/IL6/MYOCD/TNF/EGR1",8
"GO:0002828","regulation of type 2 immune response","5/694","20/12561",0.25,4.52485590778098,3.81499845020982,0.00392868575486444,0.0300462464083462,0.0202112403755455,"IFNL1/CD86/NLRP3/IL6/RSAD2",5
"GO:0034698","response to gonadotropin","5/694","20/12561",0.25,4.52485590778098,3.81499845020982,0.00392868575486444,0.0300462464083462,0.0202112403755455,"GHSR/SLC5A5/INHBA/EDN1/TGFBR3",5
"GO:0051281","positive regulation of release of sequestered calcium ion into cytosol","5/694","20/12561",0.25,4.52485590778098,3.81499845020982,0.00392868575486444,0.0300462464083462,0.0202112403755455,"CXCL9/CXCL11/F2RL3/GPER1/CXCL10",5
"GO:0030316","osteoclast differentiation","10/694","68/12561",0.147058823529412,2.66167994575352,3.32255782974194,0.00394772466913193,0.0301371589777571,0.0202723946298424,"LILRB3/IL20RA/IFNG/SBNO2/CSF1R/TNFAIP6/CSF1/SNX10/LILRB4/TNF",10
"GO:0006809","nitric oxide biosynthetic process","9/694","58/12561",0.155172413793103,2.80853125310544,3.33838932599608,0.00425574014371395,0.0323712797213188,0.0217752229952376,"HBB/IFNG/IL10/EDN1/ESR1/GCH1/ITGB2/IL1B/TNF",9
"GO:0042102","positive regulation of T cell proliferation","9/694","58/12561",0.155172413793103,2.80853125310544,3.33838932599608,0.00425574014371395,0.0323712797213188,0.0217752229952376,"SHH/IL2RA/CD80/CD86/AIF1/CCDC88B/IL6/IL1B/CD274",9
"GO:0062012","regulation of small molecule metabolic process","23/694","230/12561",0.1,1.80994236311239,2.99794021381781,0.00427281004208645,0.0324425612925267,0.0218231720451938,"PLAA/SNAI1/GHSR/NUPR1/STAR/IFNG/P2RX7/IRS1/PLEK/TP53/PID1/PMAIP1/TRIB3/EDN1/ABCD1/TIGAR/IL1B/SLC22A13/GPER1/UCHL1/GGCX/TNF/EGR1",23
"GO:0048008","platelet-derived growth factor receptor signaling pathway","7/694","38/12561",0.184210526315789,3.33410435310177,3.48467243811231,0.00429034191750451,0.0324587088695942,0.0218340340529521,"NR4A3/VEGFA/NRP1/PDGFB/IL1B/PDGFRB/MYOCD",7
"GO:0070613","regulation of protein processing","7/694","38/12561",0.184210526315789,3.33410435310177,3.48467243811231,0.00429034191750451,0.0324587088695942,0.0218340340529521,"NLRC4/SERPINE2/GAS1/ASTL/LRRK2/SERPINE1/PLAUR",7
"GO:0046631","alpha-beta T cell activation","17/694","152/12561",0.111842105263158,2.02427764295465,3.07238176502197,0.00434671433408631,0.0327266199071312,0.0220142500541567,"SHH/IL27/CD69/IL10/IL18R1/CD80/CD86/NFKBID/NLRP3/IL6/GPR65/SOCS3/SPN/LILRB4/CD274/RSAD2/IL18RAP",17
"GO:0043124","negative regulation of canonical NF-kappaB signal transduction","11/694","80/12561",0.1375,2.48867074927954,3.23015260587198,0.00435626737388059,0.0327266199071312,0.0220142500541567,"NFKBIA/CD200/IRAK2/ESR1/TNIP3/TNFAIP3/DAB2IP/NLRP12/LILRB4/FBXO7/TGFBR3",11
"GO:0045069","regulation of viral genome replication","10/694","69/12561",0.144927536231884,2.62310487407593,3.26933348983691,0.00439436827041153,0.0327266199071312,0.0220142500541567,"OASL/APOBEC3A/ZNFX1/ISG20/IFITM2/CXCL8/GBP7/N4BP1/TNF/RSAD2",10
"GO:0002823","negative regulation of adaptive immune response based on somatic recombination of immune receptors built from immunoglobulin superfamily domains","8/694","48/12561",0.166666666666667,3.01657060518732,3.38499017517975,0.00441422732438558,0.0327266199071312,0.0220142500541567,"IL4I1/CD69/CD80/PDCD1/LILRB4/KLRD1/CD274/CR1",8
"GO:0046849","bone remodeling","8/694","48/12561",0.166666666666667,3.01657060518732,3.38499017517975,0.00441422732438558,0.0327266199071312,0.0220142500541567,"P2RX7/SPP1/CSF1R/RUFY4/IL6/SFRP1/S1PR1/TNFAIP3",8
"GO:0080164","regulation of nitric oxide metabolic process","8/694","48/12561",0.166666666666667,3.01657060518732,3.38499017517975,0.00441422732438558,0.0327266199071312,0.0220142500541567,"HBB/IFNG/IL10/EDN1/ESR1/ITGB2/IL1B/TNF",8
"GO:0010829","negative regulation of D-glucose transmembrane transport","4/694","13/12561",0.307692307692308,5.56905342496121,3.98579300901337,0.00442325734952811,0.0327266199071312,0.0220142500541567,"PID1/GRB10/IL1B/TNF",4
"GO:0043116","negative regulation of vascular permeability","4/694","13/12561",0.307692307692308,5.56905342496121,3.98579300901337,0.00442325734952811,0.0327266199071312,0.0220142500541567,"VEGFA/CLDN5/ANGPT1/SLIT2",4
"GO:1902946","protein localization to early endosome","4/694","13/12561",0.307692307692308,5.56905342496121,3.98579300901337,0.00442325734952811,0.0327266199071312,0.0220142500541567,"MSN/VEGFA/NRP1/EGF",4
"GO:2000402","negative regulation of lymphocyte migration","4/694","13/12561",0.307692307692308,5.56905342496121,3.98579300901337,0.00442325734952811,0.0327266199071312,0.0220142500541567,"CD69/CD200/CCL2/PADI2",4
"GO:2000660","negative regulation of interleukin-1-mediated signaling pathway","4/694","13/12561",0.307692307692308,5.56905342496121,3.98579300901337,0.00442325734952811,0.0327266199071312,0.0220142500541567,"IL1R2/IL6/IL1B/IL1RN",4
"GO:0014911","positive regulation of smooth muscle cell migration","6/694","29/12561",0.206896551724138,3.74470833747392,3.57840169717316,0.0044344802959117,0.0327266199071312,0.0220142500541567,"ADAMTS1/NR4A3/NRP1/PDGFB/AIF1/PDGFRB",6
"GO:0030261","chromosome condensation","6/694","29/12561",0.206896551724138,3.74470833747392,3.57840169717316,0.0044344802959117,0.0327266199071312,0.0220142500541567,"PHF13/NCAPH/NCAPH2/TTN/NUSAP1/GPER1",6
"GO:0045214","sarcomere organization","6/694","29/12561",0.206896551724138,3.74470833747392,3.57840169717316,0.0044344802959117,0.0327266199071312,0.0220142500541567,"MYBPC3/MYH3/FLNC/MYH6/EDN1/TTN",6
"GO:0006909","phagocytosis","19/694","178/12561",0.106741573033708,1.93196094938963,3.02829976995437,0.00446639723745018,0.0329045418856906,0.0221339330198052,"IFNG/SLC11A1/MYO1G/DYSF/SPHK1/TULP1/FGR/ICAM4/SIRPB1/AIF1/CCL2/ITGAX/ITGAM/ITGB2/LIMK1/PIP5K1C/FCN1/FCGR2A/FCN3",19
"GO:0048589","developmental growth","27/694","286/12561",0.0944055944055944,1.70868684629492,2.93177557225515,0.00459046879016542,0.0337497606960708,0.0227024872516503,"PLAA/GHSR/VIL1/FGFR3/VEGFA/NRP1/SPP1/NRP2/EFNA5/GAS1/PTCH1/PRICKLE1/FGF2/SLIT2/EDN1/TNFAIP6/BMP4/TBX2/SLC6A4/WWC3/NKD1/KLK6/LIMK1/FGF13/PLCB1/S1PR1/TGFBR3",27
"GO:0098656","monoatomic anion transmembrane transport","12/694","92/12561",0.130434782608696,2.36079438666834,3.16792356206769,0.00459714348351795,0.0337497606960708,0.0227024872516503,"BEST3/SLC5A5/ANO2/SLC6A1/SLC26A8/CLCN1/APOL1/GABRG3/SLC6A2/SLC39A14/ANO7/SLC4A3",12
"GO:0010927","cellular component assembly involved in morphogenesis","10/694","70/12561",0.142857142857143,2.58563194730342,3.21704315636896,0.00487988402373333,0.0356637132414842,0.0239899477362981,"MYBPC3/ACRBP/MYH3/FLNC/MYH6/EDN1/TTN/CNTNAP1/MYL2/PDGFRB",10
"GO:0032989","cellular anatomical entity morphogenesis","10/694","70/12561",0.142857142857143,2.58563194730342,3.21704315636896,0.00487988402373333,0.0356637132414842,0.0239899477362981,"MYBPC3/ACRBP/MYH3/FLNC/MYH6/EDN1/TTN/CNTNAP1/MYL2/PDGFRB",10
"GO:0010743","regulation of macrophage derived foam cell differentiation","5/694","21/12561",0.238095238095238,4.30938657883903,3.67039212277256,0.00492555318142947,0.0356637132414842,0.0239899477362981,"NFKBIA/CETP/IL1B/CSF1/TNF",5
"GO:0014912","negative regulation of smooth muscle cell migration","5/694","21/12561",0.238095238095238,4.30938657883903,3.67039212277256,0.00492555318142947,0.0356637132414842,0.0239899477362981,"AIF1/SLIT2/BMP4/SERPINE1/MYOCD",5
"GO:0060055","angiogenesis involved in wound healing","5/694","21/12561",0.238095238095238,4.30938657883903,3.67039212277256,0.00492555318142947,0.0356637132414842,0.0239899477362981,"VEGFA/SERPINE1/TNFAIP3/KDR/TNF",5
"GO:0090200","positive regulation of release of cytochrome c from mitochondria","5/694","21/12561",0.238095238095238,4.30938657883903,3.67039212277256,0.00492555318142947,0.0356637132414842,0.0239899477362981,"BBC3/TP53/PMAIP1/PLAUR/GPER1",5
"GO:0099560","synaptic membrane adhesion","5/694","21/12561",0.238095238095238,4.30938657883903,3.67039212277256,0.00492555318142947,0.0356637132414842,0.0239899477362981,"EFNA5/PCDH17/TENM2/LRFN3/MDGA1",5
"GO:1903672","positive regulation of sprouting angiogenesis","5/694","21/12561",0.238095238095238,4.30938657883903,3.67039212277256,0.00492555318142947,0.0356637132414842,0.0239899477362981,"GHSR/VEGFA/IL10/FGF2/TJP1",5
"GO:0061028","establishment of endothelial barrier","7/694","39/12561",0.179487179487179,3.24861449789404,3.40106196049953,0.00498503605222749,0.0360324904358262,0.0242380134819679,"MSN/VEGFA/CLDN5/TJP1/IL1B/PLCB1/TNF",7
"GO:0007229","integrin-mediated signaling pathway","12/694","93/12561",0.129032258064516,2.33540950079018,3.12580313868103,0.00502076253394484,0.036035087937953,0.0242397607464731,"ADAMTS1/FLNA/NRP1/PLEK/FGR/ITGA10/ITGAX/ITGAM/ITGB2/ADAM11/SERPINE1/ITGA7",12
"GO:0008217","regulation of blood pressure","12/694","93/12561",0.129032258064516,2.33540950079018,3.12580313868103,0.00502076253394484,0.036035087937953,0.0242397607464731,"HBB/MYH6/EDN1/GCH1/RASL10B/P2RX1/SOD2/EMILIN2/TNF/CHGA/ADRA2B/PLCB3",12
"GO:0002704","negative regulation of leukocyte mediated immunity","8/694","49/12561",0.163265306122449,2.95500793977533,3.31579201545281,0.00502629659995965,0.036035087937953,0.0242397607464731,"IL4I1/SERPINB9/CD80/PDCD1/LILRB4/KLRD1/CD274/CR1",8
"GO:0045055","regulated exocytosis","18/694","167/12561",0.107784431137725,1.95083608000138,2.9913155342679,0.00502815180529577,0.036035087937953,0.0242397607464731,"MILR1/STX11/NR4A3/TSPAN18/SNAP29/OTOF/PLEK/SV2A/FGR/LRRK2/ITGAM/ITGB2/SCRIB/ERC2/P2RX1/PIP5K1C/CSPG5/CHGA",18
"GO:0048638","regulation of developmental growth","18/694","167/12561",0.107784431137725,1.95083608000138,2.9913155342679,0.00502815180529577,0.036035087937953,0.0242397607464731,"PLAA/GHSR/VIL1/FGFR3/VEGFA/NRP1/SPP1/EFNA5/PTCH1/FGF2/EDN1/TBX2/SLC6A4/WWC3/LIMK1/FGF13/PLCB1/TGFBR3",18
"GO:0010817","regulation of hormone levels","29/694","316/12561",0.0917721518987342,1.66102305475504,2.87796055419813,0.00504725864255209,0.0361106076735391,0.0242905606869476,"GHSR/FFAR2/SLC5A5/SHH/STAR/RDH12/INHBA/IFNG/BLK/TFR2/OSM/SPP1/IRS1/EFNA5/BCO1/SLC8B1/IL6/EDN1/FGB/RASL10B/TG/SLC39A14/KLK6/SULT1B1/IL1B/GPER1/TNF/CHGA/EGR1",29
"GO:0006820","monoatomic anion transport","13/694","105/12561",0.123809523809524,2.24088102099629,3.08773183652458,0.00510639755731536,0.0364717954347914,0.0245335212406276,"BEST3/SLC5A5/ANO2/CA2/SLC6A1/SLC26A8/CLCN1/APOL1/GABRG3/SLC6A2/SLC39A14/ANO7/SLC4A3",13
"GO:0030336","negative regulation of cell migration","23/694","234/12561",0.0982905982905983,1.77900317741816,2.90885815056669,0.00527076922252499,0.037396766235775,0.0251557223284096,"SHH/DLL4/KRT16/CD69/CLDN5/CD200/FGF2/AIF1/CCL2/SLIT2/PADI2/DSG3/TNFAIP6/BMP4/SFRP1/SERPINE1/PLCB1/ZEB2/DAB2IP/EMILIN2/MYOCD/TNF/TGFBR3",23
"GO:0002369","T cell cytokine production","6/694","30/12561",0.2,3.61988472622478,3.47419370536548,0.00528914871298574,0.037396766235775,0.0251557223284096,"IL18R1/NLRP3/IL6/IL1B/LILRB4/RSAD2",6
"GO:0002724","regulation of T cell cytokine production","6/694","30/12561",0.2,3.61988472622478,3.47419370536548,0.00528914871298574,0.037396766235775,0.0251557223284096,"IL18R1/NLRP3/IL6/IL1B/LILRB4/RSAD2",6
"GO:0007157","heterophilic cell-cell adhesion","6/694","30/12561",0.2,3.61988472622478,3.47419370536548,0.00528914871298574,0.037396766235775,0.0251557223284096,"FAT4/CRB2/DCHS1/AMIGO1/SCARF1/CD164",6
"GO:0070231","T cell apoptotic process","6/694","30/12561",0.2,3.61988472622478,3.47419370536548,0.00528914871298574,0.037396766235775,0.0251557223284096,"BBC3/PIP/TP53/BMP4/CD274/IDO1",6
"GO:0150117","positive regulation of cell-substrate junction organization","6/694","30/12561",0.2,3.61988472622478,3.47419370536548,0.00528914871298574,0.037396766235775,0.0251557223284096,"POLDIP2/VEGFA/NRP1/TEK/SFRP1/KDR",6
"GO:0009914","hormone transport","19/694","181/12561",0.104972375690608,1.8999394971898,2.94914660094102,0.00535155147913957,0.0376893666798045,0.0253525461788134,"GHSR/FFAR2/INHBA/IFNG/BLK/TFR2/OSM/SPP1/IRS1/EFNA5/SLC8B1/IL6/EDN1/FGB/RASL10B/IL1B/GPER1/TNF/CHGA",19
"GO:0048762","mesenchymal cell differentiation","19/694","181/12561",0.104972375690608,1.8999394971898,2.94914660094102,0.00535155147913957,0.0376893666798045,0.0253525461788134,"SNAI1/SHH/VEGFA/NRP1/NRP2/CRB2/KBTBD8/SPRED3/SPRY1/IL6/EDN1/BMP4/SFRP1/SEMA6A/NCAM1/IL1B/DAB2IP/SP6/TGFBR3",19
"GO:0006939","smooth muscle contraction","9/694","60/12561",0.15,2.71491354466859,3.21995321701341,0.00535736370223135,0.0376893666798045,0.0253525461788134,"GHSR/SPHK1/PROK2/EDN1/KCNMA1/CNN1/GPER1/MYOCD/ADRA2B",9
"GO:0002367","cytokine production involved in immune response","10/694","71/12561",0.140845070422535,2.54921459593295,3.16565526398068,0.00540652407665398,0.0379086396988684,0.0255000447926483,"FFAR2/NR4A3/IL10/IL18R1/NLRP3/IL6/IL1B/LILRB4/TNF/RSAD2",10
"GO:0002718","regulation of cytokine production involved in immune response","10/694","71/12561",0.140845070422535,2.54921459593295,3.16565526398068,0.00540652407665398,0.0379086396988684,0.0255000447926483,"FFAR2/NR4A3/IL10/IL18R1/NLRP3/IL6/IL1B/LILRB4/TNF/RSAD2",10
"GO:0002064","epithelial cell development","13/694","106/12561",0.122641509433962,2.21974063400576,3.04966855952496,0.00553503238128406,0.0387452266689884,0.0260627926353688,"FLNA/MSN/VEGFA/CLDN5/PDGFB/EFNA5/COL18A1/VSIG1/BMP4/TJP1/IL1B/PLCB1/TNF",13
"GO:0002820","negative regulation of adaptive immune response","8/694","50/12561",0.16,2.89590778097983,3.24833104527991,0.00570122625110219,0.0398424003683991,0.026800829629113,"IL4I1/CD69/CD80/PDCD1/LILRB4/KLRD1/CD274/CR1",8
"GO:1903670","regulation of sprouting angiogenesis","7/694","40/12561",0.175,3.16739913544669,3.32011760426201,0.0057609952084602,0.040126998030498,0.0269922702397246,"GHSR/VEGFA/TSPAN18/IL10/FGF2/SEMA6A/TJP1",7
"GO:2000573","positive regulation of DNA biosynthetic process","7/694","40/12561",0.175,3.16739913544669,3.32011760426201,0.0057609952084602,0.040126998030498,0.0269922702397246,"VEGFA/PDGFB/CHTF18/FGF2/PDGFRB/NOX4/TNF",7
"GO:0002430","complement receptor mediated signaling pathway","4/694","14/12561",0.285714285714286,5.17126389460683,3.77629417694695,0.00592506193535756,0.0408097507423277,0.0274515382290869,"CMKLR1/ITGAM/C3AR1/CR1",4
"GO:0010544","negative regulation of platelet activation","4/694","14/12561",0.285714285714286,5.17126389460683,3.77629417694695,0.00592506193535756,0.0408097507423277,0.0274515382290869,"SH2B3/PDGFB/SERPINE2/THBD",4
"GO:0048663","neuron fate commitment","4/694","14/12561",0.285714285714286,5.17126389460683,3.77629417694695,0.00592506193535756,0.0408097507423277,0.0274515382290869,"SHH/DLL4/ASCL1/ATOH7",4
"GO:0048846","axon extension involved in axon guidance","4/694","14/12561",0.285714285714286,5.17126389460683,3.77629417694695,0.00592506193535756,0.0408097507423277,0.0274515382290869,"VEGFA/NRP1/NRP2/SLIT2",4
"GO:0060252","positive regulation of glial cell proliferation","4/694","14/12561",0.285714285714286,5.17126389460683,3.77629417694695,0.00592506193535756,0.0408097507423277,0.0274515382290869,"IL6/E2F1/IL1B/TNF",4
"GO:0060973","cell migration involved in heart development","4/694","14/12561",0.285714285714286,5.17126389460683,3.77629417694695,0.00592506193535756,0.0408097507423277,0.0274515382290869,"DCHS1/EDN1/BMP4/PDGFRB",4
"GO:0030072","peptide hormone secretion","16/694","144/12561",0.111111111111111,2.01104707012488,2.95085836127841,0.00592913717523416,0.0408097507423277,0.0274515382290869,"GHSR/FFAR2/IFNG/BLK/TFR2/IRS1/EFNA5/SLC8B1/IL6/EDN1/FGB/RASL10B/IL1B/GPER1/TNF/CHGA",16
"GO:0010595","positive regulation of endothelial cell migration","12/694","95/12561",0.126315789473684,2.28624298498407,3.04316390627671,0.00596114676556781,0.0408097507423277,0.0274515382290869,"EMC10/VEGFA/NRP1/PDGFB/ANGPT1/NRP2/EGF/FGF2/TEK/EDN1/KDR/TGFBR3",12
"GO:1903531","negative regulation of secretion by cell","12/694","95/12561",0.126315789473684,2.28624298498407,3.04316390627671,0.00596114676556781,0.0408097507423277,0.0274515382290869,"GHSR/INHBA/OSM/IRS1/CD200/EDN1/IL1B/RHBDF2/GGCX/CHGA/ADRA2B/RSAD2",12
"GO:0008037","cell recognition","10/694","72/12561",0.138888888888889,2.5138088376561,3.11513975669256,0.00597658449272809,0.0408097507423277,0.0274515382290869,"MSN/EFNA5/ASTL/NEXN/ROBO3/AMIGO1/PRF1/VCAN/FCN1/FCN3",10
"GO:0045833","negative regulation of lipid metabolic process","10/694","72/12561",0.138888888888889,2.5138088376561,3.11513975669256,0.00597658449272809,0.0408097507423277,0.0274515382290869,"SNAI1/SPHK1/PDGFB/TRIB3/IL1B/SLC22A13/GPER1/HCAR3/GGCX/TNF",10
"GO:1902476","chloride transmembrane transport","10/694","72/12561",0.138888888888889,2.5138088376561,3.11513975669256,0.00597658449272809,0.0408097507423277,0.0274515382290869,"BEST3/ANO2/SLC6A1/SLC26A8/CLCN1/APOL1/GABRG3/SLC6A2/ANO7/SLC4A3",10
"GO:0044344","cellular response to fibroblast growth factor stimulus","9/694","61/12561",0.147540983606557,2.67040676524779,3.16254151312672,0.00598491361147568,0.0408097507423277,0.0274515382290869,"FGFR3/DLL4/CXCL8/FGF2/SPRY4/CCL2/SPRY1/TBX2/ZFP36",9
"GO:0002726","positive regulation of T cell cytokine production","5/694","22/12561",0.227272727272727,4.11350537070998,3.53454562606257,0.00608931804359601,0.0413210728433391,0.0277954898080103,"IL18R1/NLRP3/IL6/IL1B/RSAD2",5
"GO:1905207","regulation of cardiocyte differentiation","5/694","22/12561",0.227272727272727,4.11350537070998,3.53454562606257,0.00608931804359601,0.0413210728433391,0.0277954898080103,"FZD7/PRICKLE1/BMP4/GPER1/MYOCD",5
"GO:2000810","regulation of bicellular tight junction assembly","5/694","22/12561",0.227272727272727,4.11350537070998,3.53454562606257,0.00608931804359601,0.0413210728433391,0.0277954898080103,"SNAI1/CLDN5/DSG3/TJP1/TNF",5
"GO:0099536","synaptic signaling","41/694","495/12561",0.0828282828282828,1.49914417954764,2.7400029724092,0.00611914768696168,0.0414567336862645,0.0278867449308183,"GHSR/STX11/KCNC4/LZTS1/CRHR2/P2RX7/SLC6A1/PNOC/DYSF/SNAP29/OTOF/APBA1/SV2A/GABRG3/CAMK2B/CCL2/JPH3/ARC/LRRK2/SLC6A2/SLC6A4/TENM2/CHRNA2/SCRIB/PXK/GRIN2C/HTR1F/ACHE/CACNA1E/ERC2/IL1B/PLCB1/P2RX1/GPER1/OPRL1/PIP5K1C/GGCX/CSPG5/BEGAIN/TNF/CALB1",41
"GO:0035725","sodium ion transmembrane transport","15/694","132/12561",0.113636363636364,2.05675268535499,2.95152397590014,0.00617382879271067,0.0417600554293463,0.0280907806888041,"SLC5A5/CNGB1/SCN1B/P2RX7/SLC6A1/SLC5A9/SLC5A10/SCN5A/SLC8B1/UNC79/SLC6A2/SLC6A4/TESC/FGF13/SLC38A5",15
"GO:0031424","keratinization","6/694","31/12561",0.193548387096774,3.50311425118528,3.37434953991771,0.00625844132140402,0.0421295075533491,0.0283393004401233,"KRT16/SPRR1A/HRNR/SPRR1B/KRT6B/KRT6A",6
"GO:0045923","positive regulation of fatty acid metabolic process","6/694","31/12561",0.193548387096774,3.50311425118528,3.37434953991771,0.00625844132140402,0.0421295075533491,0.0283393004401233,"PLAA/GHSR/IRS1/EDN1/ABCD1/IL1B",6
"GO:2001222","regulation of neuron migration","6/694","31/12561",0.193548387096774,3.50311425118528,3.37434953991771,0.00625844132140402,0.0421295075533491,0.0283393004401233,"PLAA/FLNA/CAMK2B/PHACTR1/SEMA6A/DAB2IP",6
"GO:0043062","extracellular structure organization","20/694","197/12561",0.101522842639594,1.83750493716994,2.86513489836649,0.00628611513521357,0.0422483081017384,0.028419214130759,"ADAMTS1/COL9A3/TEX14/CRTAP/MMP12/PRICKLE1/COL27A1/COL4A2/MMP8/SPOCK2/COL18A1/IL6/COL2A1/PXDN/MMP28/PLAUR/COL11A2/COLGALT2/MMP13/TGFBR3",20
"GO:0045580","regulation of T cell differentiation","16/694","145/12561",0.110344827586207,1.99717777998609,2.92058483284034,0.00633440527128646,0.0425050697662439,0.0285919302714049,"IFNL1/SHH/IL4I1/IL27/CD69/IL2RA/CD80/CD86/NFKBID/CTLA4/NLRP3/SMARCB1/BMP4/GPR65/LILRB4/CR1",16
"GO:0045927","positive regulation of growth","17/694","158/12561",0.107594936708861,1.94740634005764,2.89804778460126,0.00641197242340341,0.0429525204956197,0.0288929174271621,"PLAA/GHSR/VIL1/VEGFA/NRP1/SPHK1/HBEGF/EFNA5/FGF2/EDN1/SFRP1/TBX2/S100A9/LIMK1/PLCB1/KRT17/TGFBR3",17
"GO:0051962","positive regulation of nervous system development","18/694","171/12561",0.105263157894737,1.90520248748673,2.88212109716535,0.00642147316379696,0.0429525204956197,0.0288929174271621,"EGR2/IFNG/VEGFA/NRP1/LRP2/EFNA5/SERPINE2/ZNF365/ROBO3/CAMK2B/AMIGO1/SLIT2/IL6/E2F1/LIMK1/IL1B/GPER1/TNF",18
"GO:0045620","negative regulation of lymphocyte differentiation","8/694","51/12561",0.156862745098039,2.83912527547042,3.18252504457086,0.00644299610988327,0.0430090334306707,0.028930932043002,"IFNL1/INHBA/CD69/CTLA4/BMP4/SFRP1/LILRB4/CR1",8
"GO:0032635","interleukin-6 production","13/694","108/12561",0.12037037037037,2.17863432596862,2.97480191619502,0.00647845980661182,0.0430090334306707,0.028930932043002,"ORM1/GHSR/IFNG/IL10/CD200/AIF1/IL6/IL1B/TNFAIP3/NLRP12/LILRB4/TNF/BPI",13
"GO:0032675","regulation of interleukin-6 production","13/694","108/12561",0.12037037037037,2.17863432596862,2.97480191619502,0.00647845980661182,0.0430090334306707,0.028930932043002,"ORM1/GHSR/IFNG/IL10/CD200/AIF1/IL6/IL1B/TNFAIP3/NLRP12/LILRB4/TNF/BPI",13
"GO:0031960","response to corticosteroid","12/694","96/12561",0.125,2.26242795389049,3.00261853662223,0.00648095306798194,0.0430090334306707,0.028930932043002,"GHSR/INHBA/IL10/SLIT2/IL6/EDN1/TBX2/GPER1/AQP1/IL1RN/TNF/ZFP36",12
"GO:0050954","sensory perception of mechanical stimulus","12/694","96/12561",0.125,2.26242795389049,3.00261853662223,0.00648095306798194,0.0430090334306707,0.028930932043002,"TMC7/OTOF/MYO1A/LRP2/LOXHD1/COL2A1/TMC1/USH2A/COL11A2/MYO7B/MYO6/TNF",12
"GO:0001837","epithelial to mesenchymal transition","15/694","133/12561",0.112781954887218,2.04128837945007,2.9194450391203,0.00661519801075262,0.0438189837944128,0.0294757622115154,"SNAI1/VEGFA/CRB2/KBTBD8/SPRED3/SPRY1/IL6/EDN1/BMP4/SFRP1/NCAM1/IL1B/DAB2IP/SP6/TGFBR3",15
"GO:0060411","cardiac septum morphogenesis","7/694","41/12561",0.170731707317073,3.09014549799677,3.24168168028821,0.00662379987589962,0.0438189837944128,0.0294757622115154,"NRP1/LRP2/NRP2/SLIT2/BMP4/TBX2/TGFBR3",7
"GO:0045229","external encapsulating structure organization","20/694","198/12561",0.101010101010101,1.82822460920444,2.84068367134046,0.00664250317124984,0.0438738375605749,0.0295126607524625,"ADAMTS1/COL9A3/CRTAP/MMP12/PRICKLE1/COL27A1/COL4A2/MMP8/SPOCK2/COL18A1/IL6/COL2A1/PXDN/HRNR/MMP28/PLAUR/COL11A2/COLGALT2/MMP13/TGFBR3",20
"GO:0018958","phenol-containing compound metabolic process","9/694","62/12561",0.145161290322581,2.62733568838896,3.10627172374455,0.00666760739689611,0.0439020274539378,0.02953162327787,"SLC5A5/GCH1/ITGAM/ITGB2/TG/DDC/SULT1B1/MFSD12/ZEB2",9
"GO:0046209","nitric oxide metabolic process","9/694","62/12561",0.145161290322581,2.62733568838896,3.10627172374455,0.00666760739689611,0.0439020274539378,0.02953162327787,"HBB/IFNG/IL10/EDN1/ESR1/GCH1/ITGB2/IL1B/TNF",9
"GO:0002790","peptide secretion","16/694","146/12561",0.10958904109589,1.98349848012317,2.89055237415165,0.00676175109811167,0.0444524479367279,0.0299018752066501,"GHSR/FFAR2/IFNG/BLK/TFR2/IRS1/EFNA5/SLC8B1/IL6/EDN1/FGB/RASL10B/IL1B/GPER1/TNF/CHGA",16
"GO:0090066","regulation of anatomical structure size","29/694","323/12561",0.0897832817337461,1.62502565109162,2.75199703505069,0.00681750633488803,0.0447491770953554,0.0301014763238728,"PLEKHG2/VIL1/HBB/MSN/P2RX7/VEGFA/SMTNL1/NRP1/PEX11G/SPP1/PLEK/EFNA5/SLIT2/ARHGAP28/EDN1/FGB/LRRK2/SLC6A4/CSF3/KCNMA1/LIMK1/FGF13/GPER1/SPTB/SOD2/AQP1/TNF/ADRA2B/SPTBN5",29
"GO:0032946","positive regulation of mononuclear cell proliferation","11/694","85/12561",0.129411764705882,2.3422783522631,3.00274498059501,0.00692016763804877,0.0453523894661548,0.0305072398278406,"SHH/IL2RA/CD80/CD86/AIF1/CCDC88B/IL6/PRLR/IL1B/CSF1/CD274",11
"GO:0043542","endothelial cell migration","20/694","199/12561",0.100502512562814,1.81903755086673,2.81637231068744,0.00701522837857872,0.0459039943902651,0.0308782884960174,"EMC10/DLL4/VEGFA/NRP1/PDGFB/ANGPT1/NRP2/EGF/FGF2/SLIT2/TEK/EDN1/S100A12/S100A9/ITGB2/ZEB2/DAB2IP/KDR/TNF/TGFBR3",20
"GO:0001508","action potential","12/694","97/12561",0.123711340206186,2.23910395436585,2.96257240771269,0.00703590765186545,0.0459679299921876,0.0309212961250386,"KCNC4/SCN1B/FLNA/RYR2/SCN5A/UNC79/CNTNAP1/FGF13/P2RX1/GPER1/TNF/SLC4A3",12
"GO:0007160","cell-matrix adhesion","19/694","186/12561",0.102150537634409,1.84886585479223,2.82050592711547,0.00714360208465224,0.0465992866636603,0.0313459914855311,"POLDIP2/VEGFA/NRP1/MMP12/EFNA5/ITGA10/TEK/FGB/SFRP1/ITGAX/ITGAM/ITGB2/SERPINE1/PLAUR/TESK2/CSF1/KDR/SNED1/ITGA7",19
"GO:0042088","T-helper 1 type immune response","8/694","52/12561",0.153846153846154,2.7845267124806,3.11829725617643,0.00725562787233076,0.0469711670803528,0.0315961446790642,"IL27/SLC11A1/IL10/IL18R1/CD80/IL1B/SPN/IL18RAP",8
"GO:0048864","stem cell development","8/694","52/12561",0.153846153846154,2.7845267124806,3.11829725617643,0.00725562787233076,0.0469711670803528,0.0315961446790642,"SHH/NRP1/NRP2/KBTBD8/FGF2/EDN1/BMP4/SEMA6A",8
"GO:0061326","renal tubule development","8/694","52/12561",0.153846153846154,2.7845267124806,3.11829725617643,0.00725562787233076,0.0469711670803528,0.0315961446790642,"SHH/VEGFA/IRX1/PRICKLE1/FGF2/BMP4/AQP1/CALB1",8
"GO:0034109","homotypic cell-cell adhesion","10/694","74/12561",0.135135135135135,2.44586805825999,3.0166126733099,0.00725634308716413,0.0469711670803528,0.0315961446790642,"FLNA/HBB/SH2B3/PLEK/SERPINE2/IL6/FGB/SLC6A4/PLAUR/EMILIN2",10
"GO:1904892","regulation of receptor signaling pathway via STAT","10/694","74/12561",0.135135135135135,2.44586805825999,3.0166126733099,0.00725634308716413,0.0469711670803528,0.0315961446790642,"IFNL1/IFNG/SH2B3/IL10/EGF/IL10RA/IL6/GBP7/PRLR/SOCS3",10
"GO:0045601","regulation of endothelial cell differentiation","6/694","32/12561",0.1875,3.39364193083574,3.27853672113672,0.00735067919707339,0.0475088376326185,0.0319578200985827,"VEGFA/CLDN5/BMP4/IL1B/PLCB1/TNF",6
"GO:0010758","regulation of macrophage chemotaxis","5/694","23/12561",0.217391304347826,3.9346573111139,3.40652251463802,0.00743353962588956,0.0477514268041137,0.0321210028133537,"CMKLR1/CSF1R/CCL2/C3AR1/CSF1",5
"GO:0090050","positive regulation of cell migration involved in sprouting angiogenesis","5/694","23/12561",0.217391304347826,3.9346573111139,3.40652251463802,0.00743353962588956,0.0477514268041137,0.0321210028133537,"VEGFA/NRP1/FGF2/KDR/TGFBR3",5
"GO:1905523","positive regulation of macrophage migration","5/694","23/12561",0.217391304347826,3.9346573111139,3.40652251463802,0.00743353962588956,0.0477514268041137,0.0321210028133537,"CMKLR1/CSF1R/CCL2/C3AR1/CSF1",5
"GO:2000108","positive regulation of leukocyte apoptotic process","5/694","23/12561",0.217391304347826,3.9346573111139,3.40652251463802,0.00743353962588956,0.0477514268041137,0.0321210028133537,"BBC3/IL10/TP53/CD274/IDO1",5
"GO:0045582","positive regulation of T cell differentiation","11/694","86/12561",0.127906976744186,2.31504255746934,2.95918992664385,0.00755136729213011,0.048434492799142,0.0325804815392568,"SHH/IL4I1/IL2RA/CD80/CD86/NFKBID/NLRP3/SMARCB1/GPR65/LILRB4/CR1",11
"GO:0006509","membrane protein ectodomain proteolysis","7/694","42/12561",0.166666666666667,3.01657060518732,3.16560950727154,0.00757905380748848,0.0485381956607241,0.0326502394529271,"ADAM19/IFNG/TIMP4/IL10/TSPAN5/IL1B/TNF",7
"GO:0006706","steroid catabolic process","4/694","15/12561",0.266666666666667,4.82651296829971,3.58591723180767,0.00773133621779027,0.0489922568748394,0.0329556732904512,"HSD11B1/SPP1/SCARF1/CYP24A1",4
"GO:0034104","negative regulation of tissue remodeling","4/694","15/12561",0.266666666666667,4.82651296829971,3.58591723180767,0.00773133621779027,0.0489922568748394,0.0329556732904512,"P2RX7/IL6/SFRP1/TNFAIP3",4
"GO:0035162","embryonic hemopoiesis","4/694","15/12561",0.266666666666667,4.82651296829971,3.58591723180767,0.00773133621779027,0.0489922568748394,0.0329556732904512,"VEGFA/SH2B3/TAL1/KDR",4
"GO:0036005","response to macrophage colony-stimulating factor","4/694","15/12561",0.266666666666667,4.82651296829971,3.58591723180767,0.00773133621779027,0.0489922568748394,0.0329556732904512,"SPP1/CSF1R/CSF1/TNF",4
"GO:0042730","fibrinolysis","4/694","15/12561",0.266666666666667,4.82651296829971,3.58591723180767,0.00773133621779027,0.0489922568748394,0.0329556732904512,"THBD/FGB/SERPINE1/PLAUR",4
"GO:0090280","positive regulation of calcium ion import","4/694","15/12561",0.266666666666667,4.82651296829971,3.58591723180767,0.00773133621779027,0.0489922568748394,0.0329556732904512,"PDGFB/CCL2/P2RX1/PDGFRB",4
"GO:2001224","positive regulation of neuron migration","4/694","15/12561",0.266666666666667,4.82651296829971,3.58591723180767,0.00773133621779027,0.0489922568748394,0.0329556732904512,"PLAA/FLNA/SEMA6A/DAB2IP",4
"GO:0045807","positive regulation of endocytosis","14/694","123/12561",0.113821138211382,2.06009699866451,2.85711004561402,0.00788843231101407,0.0499126933312512,0.0335748242558705,"IFNG/SLC11A1/VEGFA/TFR2/ANGPT1/TULP1/EGF/SIRPB1/CCL2/LRRK2/SERPINE1/FCN1/FCGR2A/FCN3",14
