"ID","Description","GeneRatio","BgRatio","RichFactor","FoldEnrichment","zScore","pvalue","p.adjust","qvalue","geneID","Count"
"GO:0051607","defense response to virus","71/811","244/12405",0.290983606557377,4.45086515332215,14.398356283089,4.49984525311199e-28,1.83368694064314e-24,1.83368694064314e-24,"PTPRC/OASL/OAS1/SLFN11/IRF1/IFIT5/ISG20/DTX3L/IRF9/TBK1/ZNFX1/MLKL/DDX60L/STAT2/IFIH1/TNF/TANK/STAT1/TRIM21/TLR3/TRAF3IP3/IFI44L/IFITM1/IFITM2/IFIT2/PARP9/TRIM25/APOBEC3G/GBP3/PLSCR1/AIM2/TRIM5/TNFAIP3/MX1/GBP2/MX2/LILRB1/SENP7/CXCL10/NT5C3A/RSAD2/IL1B/HSP90AA1/USP18/CLPB/MORC3/PMAIP1/ZC3HAV1/GBP7/HERC5/IFIT3/ZBP1/OAS2/TRIM22/SMARCA5/IFI16/BST2/RTP4/IFITM3/DDX60/CASP1/ISG15/NFKBIZ/OAS3/EIF2AK2/GBP5/IFIT1/IFI27/IFI6/IRF7/GBP1",71
"GO:0009615","response to virus","80/811","319/12405",0.250783699059561,3.83597014406147,13.5715783701159,1.02714237108367e-26,2.09280258108298e-23,2.09280258108298e-23,"PTPRC/OASL/OAS1/SLFN11/IRF1/IFIT5/ISG20/PSMA2/DTX3L/IRF9/FGR/TBK1/ZNFX1/CXCR4/NMI/MLKL/DDX60L/STAT2/IFIH1/HIF1A/TNF/TANK/STAT1/TRIM21/TLR3/TRAF3IP3/IFI44L/IFITM1/IFITM2/IFIT2/PARP9/TRIM25/BCL3/APOBEC3G/GBP3/PLSCR1/AIM2/TRIM5/TNFAIP3/MX1/GBP2/MX2/LILRB1/SENP7/CXCL10/NT5C3A/RSAD2/IL1B/HSP90AA1/USP18/CLPB/MORC3/DCLK1/PMAIP1/ZC3HAV1/GBP7/HERC5/IFIT3/ZBP1/OAS2/ACTA2/TRIM22/SMARCA5/IFI16/BST2/RTP4/IFITM3/DDX60/CASP1/ISG15/IFI44/NFKBIZ/OAS3/EIF2AK2/GBP5/IFIT1/IFI27/IFI6/IRF7/GBP1",80
"GO:0019221","cytokine-mediated signaling pathway","78/811","386/12405",0.202072538860104,3.09088760118321,11.037350392414,8.59342220525081e-20,1.1672731828799e-16,1.1672731828799e-16,"PTPRC/OASL/OAS1/GPS2/LYN/IRF1/IL20RA/SOCS1/CYLD/TBK1/USP25/CXCR4/STAT2/IL18RAP/HIF1A/CCL2/CCR5/EGR1/TNF/NFKBIA/TANK/PARP14/STAT1/TNFRSF1B/CARD16/CASP4/IFITM1/CSF3R/CXCR2/IFITM2/PARP9/CMKLR1/IL18R1/LILRA6/FCER1G/AIM2/TNFAIP3/MX1/TNFSF13B/CEACAM1/IL12RB2/LILRB1/LAPTM5/CXCL10/MIR1246/IL10RA/IL1B/BIRC3/USP18/IL1R2/TRAF1/CXCL11/IL7R/IL2RG/ZBP1/OAS2/NAIP/CXCL9/PLVAP/RPS6KA4/STAT4/CCRL2/STAP1/IFITM3/CCR1/CASP1/ISG15/NFKBIZ/OAS3/IFI27/SP100/FAS/CXCR1/IRF7/IL1RN/LILRB3/PTPN2/JAK2",78
"GO:0002764","immune response-regulating signaling pathway","81/811","454/12405",0.1784140969163,2.72900970683933,9.92653989935528,4.2432551979528e-17,4.32281623291441e-14,4.32281623291441e-14,"PTPRC/OASL/OAS1/S100A8/BTN3A3/FFAR2/GPS2/NCKAP1L/LYN/CLEC2B/IRF1/PIK3AP1/CLEC4E/BTN3A1/TESPA1/FGR/CYLD/TBK1/NMI/LAG3/PRKCB/CD22/IFIH1/TNF/NFKBIA/CD274/BTN2A2/LCP2/TLR3/TRAF3IP3/MNDA/CMKLR1/TRIM25/BTN2A1/HSP90B1/LILRA6/FCER1G/PLSCR1/AIM2/TNFAIP3/LY96/GBP2/SLC15A4/CD38/CEACAM1/LILRB1/LAPTM5/NOS2/RSAD2/BIRC3/CLPB/CD86/BTN3A2/NFKBIL1/FCAR/ZC3HAV1/CD300A/DGKZ/NAIP/FCGR2A/MEF2C/IFI16/USP15/STAP1/DDX60/CASP1/GDI1/NFKBIZ/FCGR3B/OAS3/NEK7/EIF2AK2/GBP5/IRF7/FCGR3A/HMGB1/MSR1/LILRB3/PTPN2/CLEC7A/GBP1",81
"GO:0002253","activation of immune response","81/811","466/12405",0.17381974248927,2.65873477876621,9.65296187107316,2.05760234496839e-16,1.67694591114924e-13,1.67694591114924e-13,"PTPRC/OASL/OAS1/S100A8/BTN3A3/FFAR2/GPS2/NCKAP1L/LYN/CLEC2B/IRF1/PIK3AP1/CLEC4E/BTN3A1/TESPA1/FGR/CYLD/TBK1/ZNFX1/NMI/LAG3/PRKCB/CD22/IFIH1/TNF/NFKBIA/CD274/BTN2A2/LCP2/SERPING1/TLR3/TRAF3IP3/MNDA/CMKLR1/TRIM25/BTN2A1/CFH/HSP90B1/PLSCR1/AIM2/TRIM5/TNFAIP3/LY96/GBP2/SLC15A4/CD38/CEACAM1/LAPTM5/NOS2/RSAD2/IL1B/BIRC3/HSP90AA1/CLPB/CD86/BTN3A2/NFKBIL1/ZC3HAV1/CD300A/ZBP1/DGKZ/NAIP/MEF2C/IFI16/USP15/STAP1/DDX60/CASP1/GDI1/NFKBIZ/OAS3/NEK7/EIF2AK2/GBP5/IRF7/CFB/HMGB1/MSR1/PTPN2/CLEC7A/GBP1",81
"GO:0048525","negative regulation of viral process","27/811","63/12405",0.428571428571429,6.55539897833363,11.691424142483,3.49373409471477e-16,2.37282773932711e-13,2.37282773932711e-13,"OASL/OAS1/IFIT5/ISG20/ZNFX1/IFIH1/LARP7/TNF/STAT1/TRIM21/IFITM1/IFITM2/APOBEC3G/PLSCR1/MX1/RSAD2/ZC3HAV1/OAS2/IFI16/BST2/IFITM3/ISG15/ZFP36/OAS3/EIF2AK2/IFIT1/SP100",27
"GO:0045071","negative regulation of viral genome replication","22/811","42/12405",0.523809523809524,8.01215430685221,12.0389561580327,9.71574882221445e-16,5.65595377864627e-13,5.65595377864627e-13,"OASL/OAS1/IFIT5/ISG20/ZNFX1/IFIH1/TNF/IFITM1/IFITM2/APOBEC3G/PLSCR1/MX1/RSAD2/ZC3HAV1/OAS2/IFI16/BST2/IFITM3/ISG15/OAS3/EIF2AK2/IFIT1",22
"GO:0002757","immune response-activating signaling pathway","73/811","425/12405",0.171764705882353,2.62730108072822,9.02835498521226,1.32554653645614e-14,6.4118362163007e-12,6.4118362163007e-12,"PTPRC/OASL/OAS1/S100A8/BTN3A3/FFAR2/GPS2/NCKAP1L/LYN/CLEC2B/IRF1/PIK3AP1/CLEC4E/BTN3A1/TESPA1/FGR/CYLD/TBK1/NMI/LAG3/PRKCB/CD22/IFIH1/TNF/NFKBIA/CD274/BTN2A2/LCP2/TLR3/TRAF3IP3/MNDA/CMKLR1/TRIM25/BTN2A1/HSP90B1/PLSCR1/AIM2/TNFAIP3/LY96/GBP2/SLC15A4/CD38/CEACAM1/LAPTM5/NOS2/RSAD2/BIRC3/CLPB/CD86/BTN3A2/NFKBIL1/ZC3HAV1/CD300A/DGKZ/NAIP/MEF2C/IFI16/USP15/STAP1/DDX60/CASP1/GDI1/NFKBIZ/OAS3/NEK7/EIF2AK2/GBP5/IRF7/HMGB1/MSR1/PTPN2/CLEC7A/GBP1",73
"GO:0050792","regulation of viral process","35/811","119/12405",0.294117647058824,4.49880322042504,10.1429060003673,1.41611106617684e-14,6.4118362163007e-12,6.4118362163007e-12,"OASL/OAS1/PPIE/PPID/IFIT5/ISG20/ZNFX1/IFIH1/LARP7/TNF/STAT1/TRIM21/IFITM1/IFITM2/TRIM25/APOBEC3G/PLSCR1/TRIM5/MX1/LAMP3/RSAD2/ZC3HAV1/GBP7/OAS2/IFI16/BST2/IFITM3/ISG15/ZFP36/OAS3/EIF2AK2/IFIT1/CXCL8/SP100/HMGB1",35
"GO:0002831","regulation of response to biotic stimulus","76/811","457/12405",0.166301969365427,2.54374344017031,8.89324539400292,2.16829943697873e-14,8.83582020568834e-12,8.83582020568834e-12,"OASL/OAS1/S100A8/FFAR2/GPS2/LYN/IRF1/PIK3AP1/CLEC4E/DTX3L/FGR/CYLD/TBK1/ZNFX1/NMI/LAG3/STAT2/IFIH1/TNF/NFKBIA/PARP14/CD274/STAT1/SERPING1/TRIM21/TLR3/TRAF3IP3/CARD16/MNDA/PARP9/TRIM25/APOBEC3G/CFH/HSP90B1/PLSCR1/AIM2/TRIM5/TNFAIP3/LY96/GBP2/SLC15A4/CEACAM1/LILRB1/RASGRP1/B2M/RSAD2/IL1B/BIRC3/HSP90AA1/USP18/CLPB/NFKBIL1/CEP63/ZC3HAV1/HERC5/CD300A/ZBP1/NAIP/TRIM22/IFI16/USP15/DDX60/CASP1/GDI1/ISG15/NFKBIZ/OAS3/SPINK5/NEK7/EIF2AK2/GBP5/IRF7/HMGB1/MSR1/PTPN2/CLEC7A",76
"GO:1903900","regulation of viral life cycle","31/811","97/12405",0.319587628865979,4.88839030343092,10.1680256397252,3.69739014164828e-14,1.36971498429243e-11,1.36971498429243e-11,"OASL/OAS1/PPIE/PPID/IFIT5/ISG20/ZNFX1/IFIH1/TNF/TRIM21/IFITM1/IFITM2/TRIM25/APOBEC3G/PLSCR1/TRIM5/MX1/LAMP3/RSAD2/ZC3HAV1/GBP7/OAS2/IFI16/BST2/IFITM3/ISG15/OAS3/EIF2AK2/IFIT1/CXCL8/HMGB1",31
"GO:0045069","regulation of viral genome replication","26/811","69/12405",0.376811594202899,5.76368412587787,10.4943363407522,5.09138411110144e-14,1.7289491877282e-11,1.7289491877282e-11,"OASL/OAS1/PPIE/PPID/IFIT5/ISG20/ZNFX1/IFIH1/TNF/IFITM1/IFITM2/APOBEC3G/PLSCR1/MX1/RSAD2/ZC3HAV1/GBP7/OAS2/IFI16/BST2/IFITM3/ISG15/OAS3/EIF2AK2/IFIT1/CXCL8",26
"GO:0002252","immune effector process","69/811","400/12405",0.1725,2.63854808877928,8.81013905366676,5.93407023719679e-14,1.86010278589053e-11,1.86010278589053e-11,"PTPRC/BTN3A3/FFAR2/NCKAP1L/LYN/PSMA2/ZBTB1/FGR/GSDMB/LY9/NMI/LAG3/CD22/IL18RAP/MILR1/SEMA7A/NBN/TNF/MAD2L2/CD274/CD69/TNFRSF1B/SERPING1/CD2/DOCK11/IL18R1/CFH/FCER1G/GAPT/DAO/ICAM1/SLC15A4/DYSF/CEACAM1/CD177/LILRB1/LAPTM5/RASGRP1/DOCK10/NOS2/B2M/RSAD2/IL1B/CD86/BTN3A2/FCAR/IL2RG/KMT2E/CD300A/GZMB/FCGR2A/PSMA4/TREM1/STAT4/BST2/STAP1/DDX60/NFKBIZ/FCGR3B/JMJD1C/SPINK5/PSMA3/IRF8/LCP1/SLAMF7/CFB/FCGR3A/HMGB1/CLEC7A",69
"GO:0034341","response to type II interferon","30/811","94/12405",0.319148936170213,4.88168009024845,9.99106211564991,9.99031768145715e-14,2.88889406270064e-11,2.88889406270064e-11,"CALCOCO2/IRF1/PSMA2/CCL2/TNF/AIF1/PARP14/STAT1/TRIM21/IFITM1/IFITM2/PARP9/GBP3/GBP2/FCAR/GBP7/PSMA4/BST2/IFITM3/GBP4/CASP1/UBD/GBP5/PSMA3/IRF8/SP100/NUB1/PTPN2/GBP1/JAK2",30
"GO:0009617","response to bacterium","65/811","368/12405",0.176630434782609,2.70172693400525,8.76454367717918,1.06339658749717e-13,2.88889406270064e-11,2.88889406270064e-11,"OAS1/RNASE7/S100A8/LYN/FGR/ZNFX1/GSDMB/IL18RAP/CCL2/CCR5/CXCL2/TNF/CD274/TNFRSF1B/TLR3/CARD16/CASP4/IL18R1/GBP3/APOL1/DAO/TRIM5/TNFAIP3/LY96/GBP2/CD68/LILRB1/CXCL10/NOS2/B2M/IL10RA/IL1B/CD86/SPRR2A/NFKBIL1/FCAR/IL7R/GBP7/OAS2/NAIP/MEF2C/CXCL9/TREM1/STAP1/GNLY/CCL20/CHMP5/GBP4/CASP1/SOD2/ISG15/NFKBIZ/ZFP36/OAS3/ADM/SPINK5/GBP5/PELI1/CXCL8/STATH/RNF213/CFB/HMGB1/GBP1/JAK2",65
"GO:0045088","regulation of innate immune response","67/811","389/12405",0.172236503856041,2.63451766995584,8.66281657036228,1.5131721604135e-13,3.85386034605312e-11,3.85386034605312e-11,"OASL/OAS1/S100A8/FFAR2/GPS2/LYN/IRF1/PIK3AP1/CLEC4E/FGR/CYLD/TBK1/ZNFX1/NMI/STAT2/IFIH1/TNF/NFKBIA/PARP14/CD274/SERPING1/TRIM21/TLR3/TRAF3IP3/MNDA/PARP9/TRIM25/CFH/HSP90B1/PLSCR1/AIM2/TRIM5/TNFAIP3/LY96/GBP2/SLC15A4/CEACAM1/LILRB1/RASGRP1/B2M/RSAD2/BIRC3/HSP90AA1/USP18/CLPB/NFKBIL1/CEP63/ZC3HAV1/CD300A/ZBP1/NAIP/IFI16/USP15/DDX60/CASP1/GDI1/ISG15/NFKBIZ/OAS3/NEK7/EIF2AK2/GBP5/IRF7/HMGB1/MSR1/PTPN2/CLEC7A",67
"GO:0001906","cell killing","34/811","123/12405",0.276422764227642,4.22814351448077,9.51580428353854,2.51533264747437e-13,6.02940031674005e-11,6.02940031674004e-11,"PTPRC/RNASE7/NCKAP1L/GSDMB/CXCL2/CD2/CFH/GBP3/DAO/ICAM1/GBP2/CEACAM1/LILRB1/CXCL10/RASGRP1/NOS2/CXCL1/CXCL11/GBP7/GZMB/FCGR2A/CXCL9/TREM1/STAP1/GNLY/CCL20/NFKBIZ/FCGR3B/GBP5/SLAMF7/CXCL8/STATH/FCGR3A/GBP1",34
"GO:0140374","antiviral innate immune response","24/811","63/12405",0.380952380952381,5.82702131407433,10.1585419423065,3.62907885865378e-13,8.21583130500786e-11,8.21583130500786e-11,"OASL/OAS1/IFIT5/TBK1/IFIH1/TNF/TRIM21/TRAF3IP3/IFIT2/TRIM25/APOBEC3G/MX1/SENP7/CXCL10/USP18/CLPB/MORC3/IFIT3/ZBP1/OAS2/SMARCA5/OAS3/EIF2AK2/IFIT1",24
"GO:0002218","activation of innate immune response","51/811","271/12405",0.188191881918819,2.87857003107639,8.26960370303759,4.58489996140087e-12,9.83340386458345e-10,9.83340386458345e-10,"OASL/OAS1/S100A8/FFAR2/GPS2/LYN/IRF1/PIK3AP1/CLEC4E/CYLD/TBK1/ZNFX1/NMI/IFIH1/TNF/NFKBIA/CD274/TLR3/TRAF3IP3/MNDA/TRIM25/HSP90B1/AIM2/TRIM5/TNFAIP3/LY96/GBP2/SLC15A4/RSAD2/BIRC3/HSP90AA1/CLPB/NFKBIL1/ZC3HAV1/CD300A/ZBP1/NAIP/IFI16/USP15/DDX60/CASP1/GDI1/NFKBIZ/OAS3/NEK7/EIF2AK2/GBP5/IRF7/HMGB1/MSR1/CLEC7A",51
"GO:0019079","viral genome replication","28/811","96/12405",0.291666666666667,4.46131319358816,9.00408915026641,7.89498717028865e-12,1.60860363594631e-09,1.60860363594631e-09,"OASL/OAS1/PPIE/PPID/IFIT5/ISG20/ZNFX1/IFIH1/CCL2/TNF/IFITM1/IFITM2/APOBEC3G/PLSCR1/MX1/RSAD2/ZC3HAV1/GBP7/SMC6/OAS2/IFI16/BST2/IFITM3/ISG15/OAS3/EIF2AK2/IFIT1/CXCL8",28
"GO:0141060","disruption of anatomical structure in another organism","20/811","50/12405",0.4,6.11837237977805,9.59113854215704,1.17272457298283e-11,2.27564411185954e-09,2.27564411185954e-09,"RNASE7/GSDMB/CXCL2/GBP3/DAO/PI4KA/GBP2/CXCL10/CXCL1/CXCL11/GBP7/GZMB/CXCL9/TREM1/GNLY/CCL20/GBP5/CXCL8/STATH/GBP1",20
"GO:0031349","positive regulation of defense response","65/811","410/12405",0.158536585365854,2.42496466271691,7.76015783655141,1.65588324144475e-11,3.06714736767606e-09,3.06714736767606e-09,"OASL/OAS1/S100A8/FFAR2/GPS2/LYN/IRF1/PIK3AP1/CLEC4E/CYLD/TBK1/ZNFX1/NMI/IFIH1/TNF/NFKBIA/CD274/TLR3/TRAF3IP3/CASP4/MNDA/PARP9/TRIM25/HSP90B1/GBP3/PLSCR1/AIM2/TRIM5/TNFAIP3/LY96/GBP2/SLC15A4/RASGRP1/LRRK2/RSAD2/IL1B/BIRC3/HSP90AA1/CLPB/TRAF1/NFKBIL1/ZC3HAV1/CD300A/PTGS2/ZBP1/NAIP/MEF2C/IFI16/USP15/STAP1/DDX60/CCR1/CASP1/CASP5/GDI1/NFKBIZ/OAS3/NEK7/EIF2AK2/GBP5/IRF7/HMGB1/MSR1/CLEC7A/GBP1",65
"GO:0031640","killing of cells of another organism","19/811","46/12405",0.41304347826087,6.3178845225969,9.5565428186456,1.95583223842205e-11,3.32084015482077e-09,3.32084015482077e-09,"RNASE7/GSDMB/CXCL2/GBP3/DAO/GBP2/CXCL10/CXCL1/CXCL11/GBP7/GZMB/CXCL9/TREM1/GNLY/CCL20/GBP5/CXCL8/STATH/GBP1",19
"GO:0141061","disruption of cell in another organism","19/811","46/12405",0.41304347826087,6.3178845225969,9.5565428186456,1.95583223842205e-11,3.32084015482077e-09,3.32084015482077e-09,"RNASE7/GSDMB/CXCL2/GBP3/DAO/GBP2/CXCL10/CXCL1/CXCL11/GBP7/GZMB/CXCL9/TREM1/GNLY/CCL20/GBP5/CXCL8/STATH/GBP1",19
"GO:0042742","defense response to bacterium","36/811","158/12405",0.227848101265823,3.48514882392421,8.3145881909846,2.51314193901283e-11,4.09642136059091e-09,4.09642136059091e-09,"OAS1/RNASE7/S100A8/FGR/ZNFX1/GSDMB/IL18RAP/TLR3/CASP4/IL18R1/GBP3/APOL1/DAO/GBP2/NOS2/B2M/IL1B/SPRR2A/IL7R/GBP7/OAS2/NAIP/TREM1/GNLY/CCL20/GBP4/CASP1/ISG15/NFKBIZ/OAS3/ADM/SPINK5/GBP5/STATH/RNF213/GBP1",36
"GO:0002221","pattern recognition receptor signaling pathway","46/811","245/12405",0.187755102040816,2.87188907622235,7.82656186504274,5.71229731082535e-11,8.95292751600511e-09,8.95292751600511e-09,"OASL/OAS1/S100A8/FFAR2/GPS2/LYN/IRF1/PIK3AP1/CLEC4E/CYLD/TBK1/NMI/IFIH1/TNF/NFKBIA/CD274/TLR3/TRAF3IP3/TRIM25/HSP90B1/AIM2/TNFAIP3/LY96/GBP2/SLC15A4/RSAD2/BIRC3/CLPB/NFKBIL1/ZC3HAV1/CD300A/NAIP/IFI16/USP15/DDX60/CASP1/GDI1/NFKBIZ/OAS3/NEK7/EIF2AK2/GBP5/IRF7/HMGB1/MSR1/CLEC7A",46
"GO:0001819","positive regulation of cytokine production","60/811","375/12405",0.16,2.44734895191122,7.52715274451683,7.06646326274104e-11,1.06651251095073e-08,1.06651251095073e-08,"PTPRC/OAS1/FFAR2/IRF1/PSMA2/IL20RA/CLEC4E/BTN3A1/FGR/TBK1/LY9/IL18RAP/IFIH1/HIF1A/SEMA7A/EGR1/TNF/TANK/AIF1/CD274/STAT1/TLR3/TRAF3IP3/CD2/DDIT3/IL18R1/SAA1/FCER1G/AIM2/LY96/IL12RB2/LILRB1/LAPTM5/NOS2/LRRK2/B2M/RSAD2/IL1B/HSP90AA1/CD86/BTN3A2/ZC3HAV1/PTGS2/OAS2/NAIP/FCGR2A/PSMA4/GPR65/IFI16/CASP1/ISG15/OAS3/EIF2AK2/GBP5/PSMA3/IRF7/FCGR3A/HMGB1/CLEC7A/JAK2",60
"GO:0045089","positive regulation of innate immune response","54/811","320/12405",0.16875,2.58118834771887,7.57896540849911,8.5548935590494e-11,1.24504254475451e-08,1.24504254475451e-08,"OASL/OAS1/S100A8/FFAR2/GPS2/LYN/IRF1/PIK3AP1/CLEC4E/CYLD/TBK1/ZNFX1/NMI/IFIH1/TNF/NFKBIA/CD274/TLR3/TRAF3IP3/MNDA/PARP9/TRIM25/HSP90B1/PLSCR1/AIM2/TRIM5/TNFAIP3/LY96/GBP2/SLC15A4/RASGRP1/RSAD2/BIRC3/HSP90AA1/CLPB/NFKBIL1/ZC3HAV1/CD300A/ZBP1/NAIP/IFI16/USP15/DDX60/CASP1/GDI1/NFKBIZ/OAS3/NEK7/EIF2AK2/GBP5/IRF7/HMGB1/MSR1/CLEC7A",54
"GO:0032103","positive regulation of response to external stimulus","72/811","498/12405",0.144578313253012,2.21145989630532,7.29788800723948,1.06617463502702e-10,1.4981591854259e-08,1.4981591854259e-08,"OASL/OAS1/S100A8/FFAR2/GPS2/NCKAP1L/LYN/IRF1/PIK3AP1/CLEC4E/THBS4/CYLD/TBK1/ZNFX1/NMI/IFIH1/CCL2/TNF/NFKBIA/AIF1/CD274/TLR3/TRAF3IP3/CASP4/MNDA/PARP9/CMKLR1/TRIM25/HSP90B1/GBP3/PLSCR1/AIM2/TRIM5/TNFAIP3/LY96/GBP2/SLC15A4/CXCL10/RASGRP1/LRRK2/RSAD2/IL1B/BIRC3/HSP90AA1/CLPB/TRAF1/NFKBIL1/ZC3HAV1/CD300A/PTGS2/ZBP1/NAIP/IFI16/USP15/STAP1/DDX60/CCR1/CASP1/CASP5/GDI1/NFKBIZ/OAS3/NEK7/EIF2AK2/GBP5/MOSPD2/CXCL8/IRF7/HMGB1/MSR1/CLEC7A/GBP1",72
"GO:0002768","immune response-regulating cell surface receptor signaling pathway","50/811","286/12405",0.174825174825175,2.67411380235055,7.57546434880228,1.20273612965631e-10,1.63371657611648e-08,1.63371657611648e-08,"PTPRC/OAS1/BTN3A3/FFAR2/GPS2/NCKAP1L/LYN/CLEC2B/PIK3AP1/BTN3A1/TESPA1/FGR/TBK1/NMI/LAG3/PRKCB/CD22/NFKBIA/CD274/BTN2A2/LCP2/MNDA/CMKLR1/BTN2A1/LILRA6/FCER1G/PLSCR1/TNFAIP3/LY96/CD38/CEACAM1/LILRB1/LAPTM5/NOS2/CD86/BTN3A2/FCAR/CD300A/DGKZ/FCGR2A/MEF2C/STAP1/NFKBIZ/FCGR3B/FCGR3A/HMGB1/LILRB3/PTPN2/CLEC7A/GBP1",50
"GO:0002758","innate immune response-activating signaling pathway","46/811","253/12405",0.181818181818182,2.78107835444457,7.56996834966315,1.76212449026823e-10,2.31634106382034e-08,2.31634106382034e-08,"OASL/OAS1/S100A8/FFAR2/GPS2/LYN/IRF1/PIK3AP1/CLEC4E/CYLD/TBK1/NMI/IFIH1/TNF/NFKBIA/CD274/TLR3/TRAF3IP3/TRIM25/HSP90B1/AIM2/TNFAIP3/LY96/GBP2/SLC15A4/RSAD2/BIRC3/CLPB/NFKBIL1/ZC3HAV1/CD300A/NAIP/IFI16/USP15/DDX60/CASP1/GDI1/NFKBIZ/OAS3/NEK7/EIF2AK2/GBP5/IRF7/HMGB1/MSR1/CLEC7A",46
"GO:0050865","regulation of cell activation","65/811","433/12405",0.150115473441109,2.29615591619846,7.26093415564452,1.83666214770893e-10,2.33887445372309e-08,2.33887445372309e-08,"PTPRC/NCKAP1L/LYN/IRF1/PSMA2/PAG1/PLEK/ZBTB1/TESPA1/FGR/SOCS1/LAG3/CUL4A/CD22/MILR1/CCL2/TNF/MAD2L2/AIF1/CD274/CD69/BTN2A2/TNFRSF1B/CD2/MNDA/FCER1G/PLSCR1/TNFAIP3/TNFSF13B/SLC15A4/CD38/CEACAM1/IL12RB2/DOCK8/LILRB1/LAPTM5/RASGRP1/SAMSN1/LRRK2/B2M/IL1B/CD86/IL7R/BMI1/IL2RG/CD300A/PEAR1/ACTA2/ILDR2/SIRPB1/MEF2C/PSMA4/GPR65/PRDM1/STAP1/IKZF3/HSPH1/NFKBIZ/SPINK5/PSMA3/FCGR3A/HMGB1/PTPN2/CLEC7A/JAK2",65
"GO:0035456","response to interferon-beta","14/811","27/12405",0.518518518518518,7.93122345526784,9.5354501714159,2.10547743622589e-10,2.59994562200621e-08,2.59994562200621e-08,"OAS1/IRF1/STAT1/TRAF3IP3/IFITM1/MNDA/IFITM2/PLSCR1/AIM2/PNPT1/XAF1/IFI16/BST2/IFITM3",14
"GO:0002694","regulation of leukocyte activation","60/811","389/12405",0.154241645244216,2.35926955518434,7.20402296205091,3.19764739054617e-10,3.83247444602225e-08,3.83247444602225e-08,"PTPRC/NCKAP1L/LYN/IRF1/PSMA2/PAG1/ZBTB1/TESPA1/FGR/SOCS1/LAG3/CUL4A/CD22/MILR1/CCL2/TNF/MAD2L2/AIF1/CD274/CD69/BTN2A2/TNFRSF1B/CD2/MNDA/PLSCR1/TNFAIP3/TNFSF13B/SLC15A4/CD38/IL12RB2/DOCK8/LILRB1/LAPTM5/RASGRP1/SAMSN1/LRRK2/B2M/IL1B/CD86/IL7R/BMI1/IL2RG/CD300A/ILDR2/SIRPB1/MEF2C/PSMA4/GPR65/PRDM1/STAP1/IKZF3/HSPH1/NFKBIZ/SPINK5/PSMA3/FCGR3A/HMGB1/PTPN2/CLEC7A/JAK2",60
"GO:0051249","regulation of lymphocyte activation","55/811","343/12405",0.160349854227405,2.45270029801598,7.21585971567168,4.15812022272708e-10,4.84123997360367e-08,4.84123997360367e-08,"PTPRC/NCKAP1L/LYN/IRF1/PSMA2/PAG1/ZBTB1/TESPA1/FGR/SOCS1/LAG3/CUL4A/CD22/CCL2/MAD2L2/AIF1/CD274/CD69/BTN2A2/TNFRSF1B/CD2/MNDA/TNFAIP3/TNFSF13B/SLC15A4/CD38/IL12RB2/DOCK8/LILRB1/LAPTM5/RASGRP1/SAMSN1/B2M/IL1B/CD86/IL7R/BMI1/IL2RG/CD300A/ILDR2/SIRPB1/MEF2C/PSMA4/GPR65/PRDM1/IKZF3/HSPH1/NFKBIZ/SPINK5/PSMA3/FCGR3A/HMGB1/PTPN2/CLEC7A/JAK2",55
"GO:0002833","positive regulation of response to biotic stimulus","54/811","334/12405",0.161676646706587,2.47299482416179,7.21734535566096,4.42015082592893e-10,5.00336517101677e-08,5.00336517101677e-08,"OASL/OAS1/S100A8/FFAR2/GPS2/LYN/IRF1/PIK3AP1/CLEC4E/CYLD/TBK1/ZNFX1/NMI/IFIH1/TNF/NFKBIA/CD274/TLR3/TRAF3IP3/MNDA/PARP9/TRIM25/HSP90B1/PLSCR1/AIM2/TRIM5/TNFAIP3/LY96/GBP2/SLC15A4/RASGRP1/RSAD2/BIRC3/HSP90AA1/CLPB/NFKBIL1/ZC3HAV1/CD300A/ZBP1/NAIP/IFI16/USP15/DDX60/CASP1/GDI1/NFKBIZ/OAS3/NEK7/EIF2AK2/GBP5/IRF7/HMGB1/MSR1/CLEC7A",54
"GO:0042110","T cell activation","59/811","384/12405",0.153645833333333,2.35015605733662,7.10810673711598,5.27595078865846e-10,5.81067553075222e-08,5.81067553075222e-08,"PTPRC/NCKAP1L/LYN/CLEC2B/IRF1/PSMA2/PAG1/BTN3A1/ZBTB1/TESPA1/SOCS1/TBK1/LY9/LAG3/CUL4A/IL18RAP/CCL2/HSH2D/AIF1/CD274/CD69/BTN2A2/TNFRSF1B/CD2/IL18R1/TREML2/ICAM1/CD38/CEACAM1/IL12RB2/DOCK8/LILRB1/LAPTM5/RASGRP1/B2M/RSAD2/IL1B/CD86/IL7R/BMI1/IL2RG/CD300A/ILDR2/SIRPB1/PSMA4/GPR65/STAT4/PRDM1/IKZF3/HSPH1/NFKBIZ/SPINK5/PSMA3/LCP1/SLAMF7/HMGB1/PTPN2/CLEC7A/JAK2",59
"GO:0071222","cellular response to lipopolysaccharide","33/811","157/12405",0.210191082802548,3.21506828873687,7.38718567330938,1.58359087412588e-09,1.69819284527972e-07,1.69819284527972e-07,"LYN/IL18RAP/CCL2/CCR5/TNF/CD274/TNFRSF1B/CARD16/IL18R1/GBP3/TRIM5/TNFAIP3/LY96/GBP2/CD68/LILRB1/CXCL10/B2M/IL1B/CD86/NFKBIL1/FCAR/MEF2C/CXCL9/STAP1/CHMP5/CASP1/NFKBIZ/ZFP36/GBP5/CXCL8/HMGB1/JAK2",33
"GO:0002250","adaptive immune response","52/811","329/12405",0.158054711246201,2.41759394945637,6.89227989132796,2.1270481740085e-09,2.22249264335503e-07,2.22249264335503e-07,"PTPRC/BTN3A3/NCKAP1L/LYN/IRF1/PSMA2/PAG1/BTN3A1/ZBTB1/LY9/LAG3/PRKCB/IL18RAP/NBN/MAD2L2/CD274/CD69/TNFRSF1B/IL18R1/LILRA6/FCER1G/TNFAIP3/SLC15A4/CEACAM1/IL12RB2/LILRB1/LAMP3/SAMSN1/B2M/RSAD2/IL1B/CD86/BTN3A2/IL2RG/ERAP2/FCGR2A/MEF2C/PSMA4/TREM1/STAT4/PRDM1/NFKBIZ/FCGR3B/PSMA3/TAP1/SLAMF7/IRF7/FCGR3A/HMGB1/LILRB3/CLEC7A/JAK2",52
"GO:0070269","pyroptotic inflammatory response","15/811","37/12405",0.405405405405405,6.20105308761289,8.37947999158788,3.61098871665857e-09,3.60890733960024e-07,3.60890733960024e-07,"GSDMB/TRIM21/CASP4/GBP3/AIM2/GBP2/ZEB2/TRAF1/ZBP1/GZMB/NAIP/CASP1/GBP5/IFI27/GBP1",15
"GO:0002521","leukocyte differentiation","62/811","434/12405",0.142857142857143,2.18513299277788,6.6469344480424,3.64334114082653e-09,3.60890733960024e-07,3.60890733960024e-07,"PTPRC/NPM1/GPS2/NCKAP1L/LYN/IRF1/PSMA2/IL20RA/ZBTB1/TESPA1/SOCS1/TBK1/LY9/LAG3/BATF2/IL18RAP/TNF/CD69/TLR3/CD2/FSTL3/DOCK11/IL18R1/TNFSF13B/CEACAM1/LILRB1/LAPTM5/RASGRP1/DOCK10/SRP54/RSAD2/IL1B/IL1R2/CLPB/NFIL3/CD86/TNFAIP6/IL7R/BMI1/IL2RG/SNX10/HDAC9/PSMA4/GPR65/STAT4/PRDM1/IFI16/IKZF3/CCR1/NFKBIZ/UBD/JMJD1C/EVI2B/SPINK5/PSMA3/IRF8/IRF7/SMC4/CFB/HMGB1/LILRB3/PTPN2",62
"GO:0001776","leukocyte homeostasis","20/811","66/12405",0.303030303030303,4.63513059074095,7.83117016383518,3.71961001872909e-09,3.60890733960024e-07,3.60890733960024e-07,"NCKAP1L/LYN/PSMA2/DOCK11/GAPT/AIM2/TNFAIP3/TNFSF13B/SLC15A4/HCAR2/DOCK10/FCAR/PMAIP1/IL7R/IL2RG/MEF2C/PSMA4/PSMA3/FAS/HMGB1",20
"GO:0140888","interferon-mediated signaling pathway","22/811","80/12405",0.275,4.20638101109741,7.60924057883664,4.72293309476563e-09,4.47580287469068e-07,4.47580287469068e-07,"OASL/OAS1/IRF1/TBK1/STAT2/TANK/PARP14/STAT1/IFITM1/IFITM2/PARP9/USP18/ZBP1/OAS2/IFITM3/ISG15/OAS3/IFI27/SP100/IRF7/PTPN2/JAK2",22
"GO:0071219","cellular response to molecule of bacterial origin","33/811","164/12405",0.201219512195122,3.07783976421762,7.0843528861853,5.07590743627192e-09,4.70098245518365e-07,4.70098245518365e-07,"LYN/IL18RAP/CCL2/CCR5/TNF/CD274/TNFRSF1B/CARD16/IL18R1/GBP3/TRIM5/TNFAIP3/LY96/GBP2/CD68/LILRB1/CXCL10/B2M/IL1B/CD86/NFKBIL1/FCAR/MEF2C/CXCL9/STAP1/CHMP5/CASP1/NFKBIZ/ZFP36/GBP5/CXCL8/HMGB1/JAK2",33
"GO:0071346","cellular response to type II interferon","19/811","61/12405",0.311475409836066,4.76430636130258,7.7946493082392,5.48016400464995e-09,4.96259295976635e-07,4.96259295976635e-07,"IRF1/CCL2/TNF/AIF1/PARP14/STAT1/PARP9/GBP3/GBP2/FCAR/GBP7/GBP4/CASP1/GBP5/IRF8/SP100/PTPN2/GBP1/JAK2",19
"GO:0034340","response to type I interferon","25/811","102/12405",0.245098039215686,3.74900268368753,7.37300274457454,5.75927650560587e-09,5.10196777398781e-07,5.10196777398781e-07,"OASL/OAS1/PSMA2/TBK1/STAT2/TANK/PSME1/STAT1/IFITM1/PSMC1/IFITM2/MX1/USP18/ZBP1/OAS2/PSMA4/IFITM3/ISG15/OAS3/PSMA3/IFIT1/IFI27/SP100/IRF7/PTPN2",25
"GO:0050727","regulation of inflammatory response","47/811","291/12405",0.161512027491409,2.47047682001347,6.71329220061133,6.35324002370074e-09,5.5083942758682e-07,5.5083942758682e-07,"PTPRC/S100A8/FFAR2/GPS2/LYN/PIK3AP1/FGR/CYLD/NMI/SEMA7A/TNF/NFKBIA/CD69/TNFRSF1B/TLR3/CASP4/CMKLR1/IL18R1/SAA1/GBP3/AIM2/TNFAIP3/GBP2/RB1/LRRK2/TEK/IL10RA/IL1B/BIRC3/USP18/IL1R2/TRAF1/TNFAIP6/PTGS2/ZBP1/NAIP/IFI16/STAP1/CCR1/CASP1/CASP5/NFKBIZ/GBP5/IL1RN/PTPN2/GBP1/JAK2",47
"GO:0002443","leukocyte mediated immunity","43/811","254/12405",0.169291338582677,2.58946862529977,6.76920186607983,6.74037582789322e-09,5.72229822888852e-07,5.72229822888852e-07,"PTPRC/BTN3A3/NCKAP1L/LYN/ZBTB1/FGR/GSDMB/LAG3/MILR1/NBN/MAD2L2/CD274/TNFRSF1B/CD2/IL18R1/FCER1G/DAO/ICAM1/SLC15A4/CEACAM1/CD177/LILRB1/RASGRP1/NOS2/B2M/RSAD2/IL1B/BTN3A2/FCAR/IL2RG/KMT2E/CD300A/GZMB/FCGR2A/TREM1/BST2/STAP1/NFKBIZ/FCGR3B/SLAMF7/FCGR3A/HMGB1/CLEC7A",43
"GO:0071216","cellular response to biotic stimulus","35/811","183/12405",0.191256830601093,2.92545127448404,6.94003396417751,7.05589951411771e-09,5.86791643265912e-07,5.86791643265912e-07,"LYN/IL18RAP/CCL2/CCR5/TNF/CD274/TNFRSF1B/CARD16/DDIT3/IL18R1/GBP3/TRIM5/TNFAIP3/LY96/GBP2/CD68/LILRB1/CXCL10/B2M/IL1B/CD86/NFKBIL1/FCAR/MEF2C/CXCL9/STAP1/CHMP5/CASP1/NFKBIZ/ZFP36/GBP5/CXCL8/HMGB1/CLEC7A/JAK2",35
"GO:0071357","cellular response to type I interferon","24/811","97/12405",0.247422680412371,3.78456023491426,7.28154265763524,9.49618102175241e-09,7.73938753272821e-07,7.73938753272821e-07,"OASL/OAS1/PSMA2/TBK1/STAT2/TANK/PSME1/STAT1/IFITM1/PSMC1/IFITM2/USP18/ZBP1/OAS2/PSMA4/IFITM3/ISG15/OAS3/PSMA3/IFIT1/IFI27/SP100/IRF7/PTPN2",24
"GO:0042113","B cell activation","34/811","177/12405",0.192090395480226,2.93820142531714,6.86882551909108,1.03266220496376e-08,8.25117350044576e-07,8.25117350044576e-07,"PTPRC/GPS2/NCKAP1L/LYN/PRKCB/CD22/NBN/MAD2L2/MNDA/DOCK11/GAPT/TNFAIP3/TNFSF13B/SLC15A4/CD38/IL12RB2/LAPTM5/RASGRP1/DOCK10/SAMSN1/CD86/BMI1/SKAP2/CD300A/HDAC9/MEF2C/BST2/IKZF3/NFKBIZ/JMJD1C/IRF8/SMC4/CFB/PTPN2",34
"GO:0016032","viral process","49/811","319/12405",0.153605015673981,2.34953171323765,6.45820459270835,1.62401447804612e-08,1.27266519193037e-06,1.27266519193037e-06,"OASL/OAS1/PPIE/JUN/PPID/CALCOCO2/IFIT5/ISG20/ZNFX1/CXCR4/IFIH1/CCL2/CCR5/LARP7/TNF/STAT1/TRIM21/SLC10A1/IFITM1/IFITM2/PARP9/TRIM25/APOBEC3G/PLSCR1/TRIM5/MX1/ICAM1/LAMP3/RSAD2/CD86/ZC3HAV1/GBP7/KPNA3/SMC6/OAS2/IFI16/BST2/CHMP5/IFITM3/SLC6A19/ISG15/ZFP36/OAS3/EIF2AK2/IFIT1/CXCL8/SP100/IRF7/HMGB1",49
"GO:0002683","negative regulation of immune system process","55/811","380/12405",0.144736842105263,2.21388474268285,6.35625579866521,1.81182070943101e-08,1.39305082847762e-06,1.39305082847762e-06,"PTPRC/OAS1/GPS2/NCKAP1L/LYN/IRF1/PSMA2/PAG1/FGR/SOCS1/NMI/LAG3/C9orf72/CD22/STAT2/MILR1/CCL2/TNF/PARP14/CD274/CD69/BTN2A2/SERPING1/TRIM21/TLR3/FSTL3/MNDA/TNFAIP3/CD68/CEACAM1/IL12RB2/LILRB1/LAPTM5/SAMSN1/USP18/CD86/TNFAIP6/NFKBIL1/CEP63/CD300A/DGKZ/ILDR2/PSMA4/IFI16/BST2/USP15/STAP1/ISG15/OAS3/SPINK5/PSMA3/HMGB1/LILRB3/PTPN2/GBP1",55
"GO:0019058","viral life cycle","41/811","244/12405",0.168032786885246,2.57021790543955,6.55156195333774,1.8924190979277e-08,1.42807552297321e-06,1.42807552297321e-06,"OASL/OAS1/PPIE/PPID/IFIT5/ISG20/ZNFX1/CXCR4/IFIH1/CCL2/CCR5/TNF/TRIM21/SLC10A1/IFITM1/IFITM2/TRIM25/APOBEC3G/PLSCR1/TRIM5/MX1/ICAM1/LAMP3/RSAD2/CD86/ZC3HAV1/GBP7/KPNA3/SMC6/OAS2/IFI16/BST2/CHMP5/IFITM3/SLC6A19/ISG15/OAS3/EIF2AK2/IFIT1/CXCL8/HMGB1",41
"GO:0002429","immune response-activating cell surface receptor signaling pathway","42/811","257/12405",0.163424124513619,2.49972412403383,6.42540053852953,2.90645965866725e-08,2.1534223834671e-06,2.1534223834671e-06,"PTPRC/OAS1/BTN3A3/FFAR2/GPS2/NCKAP1L/LYN/CLEC2B/PIK3AP1/BTN3A1/TESPA1/FGR/TBK1/NMI/LAG3/PRKCB/CD22/NFKBIA/CD274/BTN2A2/LCP2/MNDA/CMKLR1/BTN2A1/PLSCR1/TNFAIP3/LY96/CD38/CEACAM1/LAPTM5/NOS2/CD86/BTN3A2/CD300A/DGKZ/MEF2C/STAP1/NFKBIZ/HMGB1/PTPN2/CLEC7A/GBP1",42
"GO:0002237","response to molecule of bacterial origin","39/811","233/12405",0.167381974248927,2.56026312029339,6.35871689790347,4.69645037591088e-08,3.38276766298261e-06,3.38276766298261e-06,"S100A8/LYN/IL18RAP/CCL2/CCR5/CXCL2/TNF/CD274/TNFRSF1B/CARD16/IL18R1/GBP3/TRIM5/TNFAIP3/LY96/GBP2/CD68/LILRB1/CXCL10/NOS2/B2M/IL10RA/IL1B/CD86/NFKBIL1/FCAR/MEF2C/CXCL9/STAP1/CHMP5/CASP1/SOD2/NFKBIZ/ZFP36/GBP5/PELI1/CXCL8/HMGB1/JAK2",39
"GO:0060337","type I interferon-mediated signaling pathway","18/811","62/12405",0.290322580645161,4.4407541466131,7.18313088838742,4.73172409300635e-08,3.38276766298261e-06,3.38276766298261e-06,"OASL/OAS1/TBK1/STAT2/TANK/STAT1/IFITM1/IFITM2/USP18/ZBP1/OAS2/IFITM3/ISG15/OAS3/IFI27/SP100/IRF7/PTPN2",18
"GO:0032496","response to lipopolysaccharide","38/811","225/12405",0.168888888888889,2.58331278257296,6.33882833746835,5.4722748576274e-08,3.8447448353158e-06,3.8447448353158e-06,"S100A8/LYN/IL18RAP/CCL2/CCR5/TNF/CD274/TNFRSF1B/CARD16/IL18R1/GBP3/TRIM5/TNFAIP3/LY96/GBP2/CD68/LILRB1/CXCL10/NOS2/B2M/IL10RA/IL1B/CD86/NFKBIL1/FCAR/MEF2C/CXCL9/STAP1/CHMP5/CASP1/SOD2/NFKBIZ/ZFP36/GBP5/PELI1/CXCL8/HMGB1/JAK2",38
"GO:0035455","response to interferon-alpha","10/811","19/12405",0.526315789473684,8.05048997339217,8.13401969852486,7.26093530220742e-08,5.01496802652462e-06,5.01496802652462e-06,"OAS1/IFITM1/IFITM2/MX2/LAMP3/FCAR/TPR/BST2/IFITM3/EIF2AK2",10
"GO:0050863","regulation of T cell activation","41/811","259/12405",0.158301158301158,2.4213635865917,6.11382617206492,1.0552881712033e-07,7.16716549608905e-06,7.16716549608905e-06,"PTPRC/NCKAP1L/LYN/IRF1/PSMA2/PAG1/ZBTB1/TESPA1/SOCS1/LAG3/CCL2/AIF1/CD274/CD69/BTN2A2/TNFRSF1B/CD2/IL12RB2/DOCK8/LILRB1/LAPTM5/RASGRP1/B2M/IL1B/CD86/IL7R/BMI1/IL2RG/CD300A/ILDR2/SIRPB1/PSMA4/GPR65/PRDM1/HSPH1/NFKBIZ/SPINK5/PSMA3/HMGB1/PTPN2/JAK2",41
"GO:0060759","regulation of response to cytokine stimulus","29/811","150/12405",0.193333333333333,2.95721331689272,6.37825372928511,1.08035138844027e-07,7.217101488351e-06,7.217101488351e-06,"PTPRC/OAS1/GPS2/CYLD/TBK1/USP25/CXCR4/STAT2/IFIH1/HIF1A/TANK/PARP14/CARD16/CASP4/PARP9/TNFAIP3/LAPTM5/MIR1246/IL1B/USP18/IL1R2/ZBP1/NAIP/STAP1/CASP1/ISG15/OAS3/IL1RN/PTPN2",29
"GO:0001959","regulation of cytokine-mediated signaling pathway","28/811","142/12405",0.197183098591549,3.01609906045397,6.3904631248758,1.15790251411043e-07,7.6104076532258e-06,7.6104076532258e-06,"PTPRC/OAS1/GPS2/CYLD/TBK1/USP25/CXCR4/STAT2/HIF1A/TANK/PARP14/CARD16/CASP4/PARP9/TNFAIP3/LAPTM5/MIR1246/IL1B/USP18/IL1R2/ZBP1/NAIP/STAP1/CASP1/ISG15/OAS3/IL1RN/PTPN2",28
"GO:0002697","regulation of immune effector process","38/811","233/12405",0.163090128755365,2.49461534797818,6.09117510081736,1.40639037383132e-07,9.09689011644863e-06,9.09689011644863e-06,"PTPRC/FFAR2/NCKAP1L/LYN/ZBTB1/FGR/LAG3/CD22/SEMA7A/TNF/MAD2L2/CD274/CD69/TNFRSF1B/SERPING1/IL18R1/CFH/ICAM1/SLC15A4/CEACAM1/CD177/LILRB1/LAPTM5/RASGRP1/NOS2/B2M/RSAD2/IL1B/CD86/CD300A/BST2/STAP1/DDX60/NFKBIZ/SPINK5/CFB/HMGB1/CLEC7A",38
"GO:1903131","mononuclear cell differentiation","51/811","364/12405",0.14010989010989,2.14311120445522,5.85440216978439,1.73274532948152e-07,1.10327144025581e-05,1.10327144025581e-05,"PTPRC/NPM1/GPS2/NCKAP1L/LYN/IRF1/PSMA2/IL20RA/ZBTB1/TESPA1/SOCS1/TBK1/LY9/LAG3/BATF2/IL18RAP/CD69/CD2/DOCK11/IL18R1/TNFSF13B/LILRB1/LAPTM5/RASGRP1/DOCK10/RSAD2/IL1B/IL1R2/NFIL3/CD86/IL7R/BMI1/IL2RG/HDAC9/PSMA4/GPR65/STAT4/PRDM1/IFI16/IKZF3/NFKBIZ/UBD/JMJD1C/SPINK5/PSMA3/IRF8/IRF7/SMC4/CFB/HMGB1/PTPN2",51
"GO:0002366","leukocyte activation involved in immune response","35/811","207/12405",0.169082125603865,2.58626851802212,6.08684469812364,1.78218522210829e-07,1.11729304309097e-05,1.11729304309097e-05,"NCKAP1L/LYN/PSMA2/FGR/LY9/NMI/IL18RAP/MILR1/NBN/TNF/MAD2L2/CD69/DOCK11/IL18R1/FCER1G/GAPT/ICAM1/SLC15A4/DYSF/CEACAM1/CD177/LILRB1/DOCK10/IL1B/CD86/CD300A/PSMA4/STAT4/NFKBIZ/JMJD1C/PSMA3/IRF8/LCP1/FCGR3A/HMGB1",35
"GO:0034612","response to tumor necrosis factor","31/811","172/12405",0.180232558139535,2.75682476414418,6.13621881633641,2.08811157517246e-07,1.28925070739815e-05,1.28925070739815e-05,"GPS2/CYLD/CCL2/TNF/NFKBIA/TANK/STAT1/TNFRSF1B/CARD16/CASP4/GBP3/AIM2/TNFAIP3/GBP2/TNFSF13B/LAPTM5/MIR1246/BIRC3/TRAF1/FCAR/NAIP/PLVAP/CASP1/UBD/ZFP36/CXCL8/FAS/NUB1/PTPN2/GBP1/JAK2",31
"GO:0071356","cellular response to tumor necrosis factor","29/811","155/12405",0.187096774193548,2.86181933892844,6.16893223595057,2.25645984497774e-07,1.37239908481855e-05,1.37239908481855e-05,"GPS2/CYLD/CCL2/TNF/NFKBIA/TANK/STAT1/TNFRSF1B/CARD16/CASP4/GBP3/AIM2/TNFAIP3/GBP2/TNFSF13B/LAPTM5/MIR1246/BIRC3/TRAF1/FCAR/NAIP/PLVAP/CASP1/ZFP36/CXCL8/FAS/PTPN2/GBP1/JAK2",29
"GO:0033209","tumor necrosis factor-mediated signaling pathway","22/811","98/12405",0.224489795918367,3.43378041722238,6.39724506233642,2.51435465131687e-07,1.50676400060533e-05,1.50676400060533e-05,"GPS2/CYLD/TNF/NFKBIA/TANK/STAT1/TNFRSF1B/CARD16/CASP4/AIM2/TNFAIP3/TNFSF13B/LAPTM5/MIR1246/BIRC3/TRAF1/NAIP/PLVAP/CASP1/FAS/PTPN2/JAK2",22
"GO:0002263","cell activation involved in immune response","35/811","211/12405",0.165876777251185,2.53723973095061,5.95640734826448,2.87784399677892e-07,1.69959627346002e-05,1.69959627346002e-05,"NCKAP1L/LYN/PSMA2/FGR/LY9/NMI/IL18RAP/MILR1/NBN/TNF/MAD2L2/CD69/DOCK11/IL18R1/FCER1G/GAPT/ICAM1/SLC15A4/DYSF/CEACAM1/CD177/LILRB1/DOCK10/IL1B/CD86/CD300A/PSMA4/STAT4/NFKBIZ/JMJD1C/PSMA3/IRF8/LCP1/FCGR3A/HMGB1",35
"GO:0050851","antigen receptor-mediated signaling pathway","29/811","157/12405",0.184713375796178,2.82536304161725,6.08753047397591,2.9980196399388e-07,1.74527571896437e-05,1.74527571896437e-05,"PTPRC/BTN3A3/GPS2/NCKAP1L/LYN/CLEC2B/BTN3A1/TESPA1/LAG3/PRKCB/CD22/NFKBIA/CD274/BTN2A2/LCP2/MNDA/BTN2A1/CD38/CEACAM1/LAPTM5/CD86/BTN3A2/CD300A/DGKZ/MEF2C/STAP1/NFKBIZ/PTPN2/GBP1",29
"GO:0046651","lymphocyte proliferation","29/811","159/12405",0.182389937106918,2.78982388386106,6.00739780601577,3.96057240864351e-07,2.26343475475623e-05,2.26343475475623e-05,"PTPRC/NCKAP1L/LYN/IRF1/BTN3A1/CD22/AIF1/CD274/BTN2A2/TNFRSF1B/MNDA/GAPT/TNFSF13B/CD38/IL12RB2/DOCK8/LILRB1/LAPTM5/RASGRP1/IL1B/CD86/BMI1/CD300A/MEF2C/IKZF3/NFKBIZ/FCGR3A/HMGB1/JAK2",29
"GO:0070661","leukocyte proliferation","32/811","186/12405",0.172043010752688,2.63155801280776,5.92946920741738,3.99919760349567e-07,2.26343475475623e-05,2.26343475475623e-05,"PTPRC/NCKAP1L/LYN/IRF1/BTN3A1/CD22/AIF1/CD274/BTN2A2/TNFRSF1B/MNDA/GAPT/TNFAIP3/TNFSF13B/CD38/IL12RB2/DOCK8/LILRB1/LAPTM5/RASGRP1/IL1B/CD86/BMI1/IL2RG/CD300A/MEF2C/BST2/IKZF3/NFKBIZ/FCGR3A/HMGB1/JAK2",32
"GO:0032943","mononuclear cell proliferation","29/811","161/12405",0.180124223602484,2.75516768654602,5.92849625914446,5.20315917305147e-07,2.90450323701161e-05,2.90450323701161e-05,"PTPRC/NCKAP1L/LYN/IRF1/BTN3A1/CD22/AIF1/CD274/BTN2A2/TNFRSF1B/MNDA/GAPT/TNFSF13B/CD38/IL12RB2/DOCK8/LILRB1/LAPTM5/RASGRP1/IL1B/CD86/BMI1/CD300A/MEF2C/IKZF3/NFKBIZ/FCGR3A/HMGB1/JAK2",29
"GO:0007159","leukocyte cell-cell adhesion","43/811","295/12405",0.145762711864407,2.22957637568183,5.65287138705285,5.49599710865563e-07,3.0265119213205e-05,3.0265119213205e-05,"PTPRC/ITGAX/S100A8/NCKAP1L/LYN/IRF1/PSMA2/PAG1/ZBTB1/TESPA1/SOCS1/LAG3/CCL2/TNF/AIF1/CD274/CD69/BTN2A2/ICAM1/IL12RB2/CD177/DOCK8/LILRB1/LAPTM5/RASGRP1/B2M/IL1B/CD86/IL7R/SELL/BMI1/IL2RG/CD300A/ILDR2/SIRPB1/PSMA4/GPR65/HSPH1/NFKBIZ/PSMA3/HMGB1/PTPN2/JAK2",43
"GO:0001960","negative regulation of cytokine-mediated signaling pathway","18/811","72/12405",0.25,3.82398273736128,6.35577592983401,5.69490568964044e-07,3.05926462607067e-05,3.05926462607067e-05,"PTPRC/OAS1/GPS2/CYLD/USP25/STAT2/TANK/PARP14/CARD16/IL1B/USP18/IL1R2/NAIP/STAP1/ISG15/OAS3/IL1RN/PTPN2",18
"GO:0002260","lymphocyte homeostasis","14/811","45/12405",0.311111111111111,4.75873407316071,6.68056632828805,5.78069634864887e-07,3.05926462607067e-05,3.05926462607067e-05,"NCKAP1L/LYN/PSMA2/DOCK11/GAPT/AIM2/TNFAIP3/TNFSF13B/DOCK10/PMAIP1/MEF2C/PSMA4/PSMA3/FAS",14
"GO:0061844","antimicrobial humoral immune response mediated by antimicrobial peptide","14/811","45/12405",0.311111111111111,4.75873407316071,6.68056632828805,5.78069634864887e-07,3.05926462607067e-05,3.05926462607067e-05,"RNASE7/CCL2/CXCL2/CXCL10/CXCL1/B2M/CXCL11/CXCL9/GNLY/CCL20/ADM/SPINK5/CXCL8/STATH",14
"GO:0032728","positive regulation of interferon-beta production","13/811","39/12405",0.333333333333333,5.09864364981504,6.78004382695136,5.98627928320565e-07,3.12744718962346e-05,3.12744718962346e-05,"OAS1/IRF1/TBK1/IFIH1/TLR3/TRAF3IP3/HSP90AA1/ZC3HAV1/OAS2/ISG15/OAS3/IRF7/HMGB1",13
"GO:0050777","negative regulation of immune response","28/811","154/12405",0.181818181818182,2.78107835444457,5.88209824563453,6.69650611247109e-07,3.45421043143287e-05,3.45421043143287e-05,"PTPRC/OAS1/NCKAP1L/LYN/FGR/NMI/LAG3/C9orf72/STAT2/PARP14/CD274/CD69/SERPING1/TRIM21/TNFAIP3/CEACAM1/IL12RB2/LILRB1/SAMSN1/USP18/CEP63/CD300A/IFI16/USP15/ISG15/OAS3/SPINK5/PTPN2",28
"GO:0002753","cytoplasmic pattern recognition receptor signaling pathway","29/811","164/12405",0.176829268292683,2.70476827764579,5.81237315600443,7.75618395993014e-07,3.95080620458941e-05,3.95080620458941e-05,"OASL/OAS1/LYN/IRF1/PIK3AP1/CYLD/TBK1/IFIH1/TNF/TLR3/TRAF3IP3/TRIM25/TNFAIP3/GBP2/SLC15A4/RSAD2/BIRC3/CLPB/ZC3HAV1/IFI16/USP15/DDX60/OAS3/NEK7/EIF2AK2/GBP5/IRF7/HMGB1/MSR1",29
"GO:0042100","B cell proliferation","15/811","53/12405",0.283018867924528,4.32903706116372,6.42336470790128,8.97598376794545e-07,4.51569553757749e-05,4.5156955375775e-05,"PTPRC/NCKAP1L/LYN/CD22/MNDA/GAPT/TNFSF13B/CD38/IL12RB2/RASGRP1/BMI1/CD300A/MEF2C/IKZF3/NFKBIZ",15
"GO:0060761","negative regulation of response to cytokine stimulus","18/811","75/12405",0.24,3.67102342786683,6.13622744197821,1.09092982654497e-06,5.42138907703751e-05,5.42138907703751e-05,"PTPRC/OAS1/GPS2/CYLD/USP25/STAT2/TANK/PARP14/CARD16/IL1B/USP18/IL1R2/NAIP/STAP1/ISG15/OAS3/IL1RN/PTPN2",18
"GO:0032608","interferon-beta production","15/811","54/12405",0.277777777777778,4.2488697081792,6.32780040264159,1.16857631854935e-06,5.66898630724835e-05,5.66898630724835e-05,"OAS1/IRF1/TBK1/IFIH1/TLR3/TRAF3IP3/LILRB1/HSP90AA1/MORC3/ZC3HAV1/OAS2/ISG15/OAS3/IRF7/HMGB1",15
"GO:0032648","regulation of interferon-beta production","15/811","54/12405",0.277777777777778,4.2488697081792,6.32780040264159,1.16857631854935e-06,5.66898630724835e-05,5.66898630724835e-05,"OAS1/IRF1/TBK1/IFIH1/TLR3/TRAF3IP3/LILRB1/HSP90AA1/MORC3/ZC3HAV1/OAS2/ISG15/OAS3/IRF7/HMGB1",15
"GO:0019730","antimicrobial humoral response","16/811","61/12405",0.262295081967213,4.01204746214954,6.23696676460293,1.20405025258757e-06,5.7723585638757e-05,5.7723585638757e-05,"RNASE7/CCL2/CXCL2/DAO/CXCL10/CXCL1/B2M/SPRR2A/CXCL11/CXCL9/GNLY/CCL20/ADM/SPINK5/CXCL8/STATH",16
"GO:0051250","negative regulation of lymphocyte activation","22/811","107/12405",0.205607476635514,3.14495776530647,5.89342888863362,1.24777720829783e-06,5.91243270210892e-05,5.91243270210892e-05,"LYN/IRF1/PSMA2/PAG1/FGR/SOCS1/LAG3/CD274/CD69/BTN2A2/MNDA/TNFAIP3/LILRB1/LAPTM5/SAMSN1/CD86/CD300A/ILDR2/PSMA4/PSMA3/HMGB1/PTPN2",22
"GO:0002460","adaptive immune response based on somatic recombination of immune receptors built from immunoglobulin superfamily domains","35/811","225/12405",0.155555555555556,2.37936703658035,5.52232695616629,1.37381991110511e-06,6.43484613534863e-05,6.43484613534863e-05,"PTPRC/BTN3A3/NCKAP1L/PSMA2/ZBTB1/LY9/LAG3/IL18RAP/NBN/MAD2L2/CD274/CD69/TNFRSF1B/IL18R1/FCER1G/TNFAIP3/SLC15A4/CEACAM1/IL12RB2/LILRB1/B2M/RSAD2/IL1B/BTN3A2/IL2RG/FCGR2A/MEF2C/PSMA4/STAT4/NFKBIZ/FCGR3B/PSMA3/FCGR3A/HMGB1/CLEC7A",35
"GO:0070663","regulation of leukocyte proliferation","27/811","152/12405",0.177631578947368,2.71704036601986,5.63320738842567,1.69329746726197e-06,7.8411217944233e-05,7.8411217944233e-05,"PTPRC/NCKAP1L/LYN/IRF1/CD22/AIF1/CD274/BTN2A2/TNFRSF1B/MNDA/TNFAIP3/TNFSF13B/CD38/IL12RB2/LILRB1/LAPTM5/IL1B/CD86/BMI1/IL2RG/CD300A/MEF2C/BST2/IKZF3/FCGR3A/HMGB1/JAK2",27
"GO:0002695","negative regulation of leukocyte activation","24/811","127/12405",0.188976377952756,2.8905696282416,5.66376702367761,2.04931146630456e-06,9.38308339909109e-05,9.38308339909109e-05,"PTPRC/LYN/IRF1/PSMA2/PAG1/FGR/SOCS1/LAG3/MILR1/CD274/CD69/BTN2A2/MNDA/TNFAIP3/LILRB1/LAPTM5/SAMSN1/CD86/CD300A/ILDR2/PSMA4/PSMA3/HMGB1/PTPN2",24
"GO:0031348","negative regulation of defense response","33/811","210/12405",0.157142857142857,2.40364629205566,5.4256413920141,2.1813623450396e-06,9.87672395115153e-05,9.87672395115153e-05,"PTPRC/OAS1/GPS2/LYN/FGR/CYLD/NMI/STAT2/PARP14/CD69/TNFRSF1B/SERPING1/TRIM21/IL18R1/SAA1/TNFAIP3/CEACAM1/LILRB1/RB1/TEK/IL10RA/IL1B/USP18/IL1R2/TNFAIP6/CEP63/IFI16/USP15/ISG15/OAS3/SPINK5/IL1RN/PTPN2",33
"GO:0006959","humoral immune response","23/811","120/12405",0.191666666666667,2.93172009864365,5.6236968151793,2.58953185718264e-06,0.000115206798773016,0.000115206798773016,"RNASE7/CCL2/CXCL2/SERPING1/CFH/DAO/CXCL10/CXCL1/CD83/B2M/IL1B/SPRR2A/CXCL11/MEF2C/CXCL9/TREM1/GNLY/CCL20/ADM/SPINK5/CXCL8/STATH/CFB",23
"GO:0030098","lymphocyte differentiation","42/811","302/12405",0.139072847682119,2.1272486750884,5.24507069603644,2.60098784959937e-06,0.000115206798773016,0.000115206798773016,"PTPRC/GPS2/NCKAP1L/IRF1/PSMA2/ZBTB1/TESPA1/SOCS1/TBK1/LY9/LAG3/IL18RAP/CD69/CD2/DOCK11/IL18R1/TNFSF13B/LAPTM5/RASGRP1/DOCK10/RSAD2/IL1B/NFIL3/CD86/IL7R/BMI1/IL2RG/HDAC9/PSMA4/GPR65/STAT4/PRDM1/IKZF3/NFKBIZ/JMJD1C/SPINK5/PSMA3/IRF8/SMC4/CFB/HMGB1/PTPN2",42
"GO:0048872","homeostasis of number of cells","29/811","174/12405",0.166666666666667,2.54932182490752,5.44327076059271,2.7043233216919e-06,0.000118495887482736,0.000118495887482736,"NCKAP1L/LYN/PSMA2/HIF1A/STAT1/DOCK11/GAPT/AIM2/TNFAIP3/TNFSF13B/SLC15A4/HCAR2/DOCK10/SPRR2A/FCAR/PMAIP1/IL7R/IL2RG/KMT2E/MEF2C/PSMA4/ISG15/NFKBIZ/ZFP36/PSMA3/FAS/HMGB1/PTPN2/JAK2",29
"GO:0050830","defense response to Gram-positive bacterium","13/811","44/12405",0.295454545454545,4.51925232597242,6.18478488970654,2.81832933754419e-06,0.000121408289876245,0.000121408289876245,"RNASE7/FGR/IL18RAP/CASP4/IL18R1/GBP2/B2M/IL1B/SPRR2A/IL7R/GBP7/GBP4/ADM",13
"GO:1903037","regulation of leukocyte cell-cell adhesion","38/811","262/12405",0.145038167938931,2.21849380182792,5.27212417139458,2.83037730999835e-06,0.000121408289876245,0.000121408289876245,"PTPRC/NCKAP1L/LYN/IRF1/PSMA2/PAG1/ZBTB1/TESPA1/SOCS1/LAG3/CCL2/TNF/AIF1/CD274/CD69/BTN2A2/IL12RB2/DOCK8/LILRB1/LAPTM5/RASGRP1/B2M/IL1B/CD86/IL7R/BMI1/IL2RG/CD300A/ILDR2/SIRPB1/PSMA4/GPR65/HSPH1/NFKBIZ/PSMA3/HMGB1/PTPN2/JAK2",38
"GO:0002832","negative regulation of response to biotic stimulus","21/811","104/12405",0.201923076923077,3.08860144171488,5.65687642607702,2.946380341541e-06,0.000122397575690685,0.000122397575690685,"OAS1/NMI/LAG3/STAT2/PARP14/CD274/SERPING1/TRIM21/CARD16/TNFAIP3/CEACAM1/LILRB1/USP18/NFKBIL1/CEP63/IFI16/USP15/ISG15/OAS3/SPINK5/PTPN2",21
"GO:0001782","B cell homeostasis","7/811","12/12405",0.583333333333333,8.92262638717632,7.26183258003693,2.94806466228237e-06,0.000122397575690685,0.000122397575690685,"NCKAP1L/LYN/DOCK11/GAPT/TNFAIP3/DOCK10/MEF2C",7
"GO:0001909","leukocyte mediated cytotoxicity","18/811","80/12405",0.225,3.44158446362515,5.79425948225502,2.97209256534511e-06,0.000122397575690685,0.000122397575690685,"PTPRC/NCKAP1L/GSDMB/CD2/DAO/ICAM1/CEACAM1/LILRB1/RASGRP1/NOS2/GZMB/FCGR2A/TREM1/STAP1/NFKBIZ/FCGR3B/SLAMF7/FCGR3A",18
"GO:0035458","cellular response to interferon-beta","9/811","21/12405",0.428571428571429,6.55539897833363,6.73859085400694,3.00148109276784e-06,0.000122397575690685,0.000122397575690685,"OAS1/IRF1/STAT1/TRAF3IP3/MNDA/IFITM2/AIM2/PNPT1/IFI16",9
"GO:0050729","positive regulation of inflammatory response","23/811","121/12405",0.190082644628099,2.90749100691932,5.57647729453921,3.00362148934196e-06,0.000122397575690685,0.000122397575690685,"S100A8/FFAR2/NMI/TNF/NFKBIA/TLR3/CASP4/GBP3/AIM2/GBP2/LRRK2/IL1B/TRAF1/PTGS2/ZBP1/NAIP/STAP1/CCR1/CASP1/CASP5/NFKBIZ/GBP5/GBP1",23
"GO:0050867","positive regulation of cell activation","37/811","254/12405",0.145669291338583,2.22814742176957,5.23041328840057,3.44362335018774e-06,0.000138938268831832,0.000138938268831832,"PTPRC/NCKAP1L/LYN/PLEK/ZBTB1/TESPA1/SOCS1/CCL2/TNF/MAD2L2/AIF1/CD274/CD2/TNFSF13B/CD38/IL12RB2/DOCK8/RASGRP1/LRRK2/B2M/IL1B/CD86/IL7R/BMI1/IL2RG/PEAR1/ACTA2/SIRPB1/MEF2C/GPR65/STAP1/HSPH1/NFKBIZ/FCGR3A/HMGB1/CLEC7A/JAK2",37
"GO:0032609","type II interferon production","19/811","90/12405",0.211111111111111,3.22914097821619,5.61327397633248,4.35799061816834e-06,0.000172415648243068,0.000172415648243068,"PSMA2/IL20RA/BTN3A1/IL18RAP/CD274/TLR3/CD2/DDIT3/IL18R1/IL12RB2/LILRB1/LAPTM5/IL1B/BTN3A2/PSMA4/ISG15/PSMA3/HMGB1/CLEC7A",19
"GO:0032649","regulation of type II interferon production","19/811","90/12405",0.211111111111111,3.22914097821619,5.61327397633248,4.35799061816834e-06,0.000172415648243068,0.000172415648243068,"PSMA2/IL20RA/BTN3A1/IL18RAP/CD274/TLR3/CD2/DDIT3/IL18R1/IL12RB2/LILRB1/LAPTM5/IL1B/BTN3A2/PSMA4/ISG15/PSMA3/HMGB1/CLEC7A",19
"GO:0032102","negative regulation of response to external stimulus","40/811","288/12405",0.138888888888889,2.1244348540896,5.1063155241222,4.64695877556098e-06,0.000182080355869336,0.000182080355869336,"PTPRC/OAS1/GPS2/LYN/FGR/CYLD/NMI/STAT2/CCL2/TNF/AIF1/PARP14/CD69/TNFRSF1B/SERPING1/TRIM21/CARD16/IL18R1/SAA1/TNFAIP3/CEACAM1/LILRB1/RB1/TEK/IL10RA/IL1B/USP18/IL1R2/TNFAIP6/NFKBIL1/CEP63/PLAUR/IFI16/USP15/STAP1/ISG15/OAS3/SPINK5/IL1RN/PTPN2",40
"GO:0050670","regulation of lymphocyte proliferation","24/811","133/12405",0.180451127819549,2.76016799087732,5.39755310613282,4.76776055134395e-06,0.000185034516635492,0.000185034516635492,"PTPRC/NCKAP1L/LYN/IRF1/CD22/AIF1/CD274/BTN2A2/TNFRSF1B/MNDA/TNFSF13B/CD38/IL12RB2/LILRB1/LAPTM5/IL1B/CD86/BMI1/CD300A/MEF2C/IKZF3/FCGR3A/HMGB1/JAK2",24
"GO:1990868","response to chemokine","15/811","60/12405",0.25,3.82398273736128,5.79918246449151,4.96493820013878e-06,0.000189085263229584,0.000189085263229584,"LYN/CXCR4/HIF1A/CCL2/CCR5/CXCR2/CMKLR1/DOCK8/CXCL10/CXCL11/CXCL9/CCRL2/CCR1/CXCR1/JAK2",15
"GO:1990869","cellular response to chemokine","15/811","60/12405",0.25,3.82398273736128,5.79918246449151,4.96493820013878e-06,0.000189085263229584,0.000189085263229584,"LYN/CXCR4/HIF1A/CCL2/CCR5/CXCR2/CMKLR1/DOCK8/CXCL10/CXCL11/CXCL9/CCRL2/CCR1/CXCR1/JAK2",15
"GO:0002274","myeloid leukocyte activation","28/811","170/12405",0.164705882352941,2.51932980343802,5.27532461384772,5.07076469418861e-06,0.000191327464155728,0.000191327464155728,"PTPRC/LYN/FGR/NMI/BATF2/MILR1/TNF/AIF1/LCP2/CD2/CXCR2/FCER1G/PLSCR1/DYSF/CD177/LRRK2/IL1B/FCAR/KMT2E/CD300A/STAP1/NFKBIZ/UBD/CXCL8/CXCR1/FCGR3A/HMGB1/JAK2",28
"GO:0032944","regulation of mononuclear cell proliferation","24/811","134/12405",0.17910447761194,2.73956972228868,5.35462324568593,5.45601290420546e-06,0.00020279647076934,0.00020279647076934,"PTPRC/NCKAP1L/LYN/IRF1/CD22/AIF1/CD274/BTN2A2/TNFRSF1B/MNDA/TNFSF13B/CD38/IL12RB2/LILRB1/LAPTM5/IL1B/CD86/BMI1/CD300A/MEF2C/IKZF3/FCGR3A/HMGB1/JAK2",24
"GO:0002285","lymphocyte activation involved in immune response","25/811","143/12405",0.174825174825175,2.67411380235055,5.32533579249893,5.47426056064475e-06,0.00020279647076934,0.00020279647076934,"NCKAP1L/PSMA2/LY9/IL18RAP/NBN/MAD2L2/CD69/DOCK11/IL18R1/GAPT/ICAM1/SLC15A4/CEACAM1/LILRB1/DOCK10/CD86/PSMA4/STAT4/NFKBIZ/JMJD1C/PSMA3/IRF8/LCP1/FCGR3A/HMGB1",25
"GO:0007259","cell surface receptor signaling pathway via JAK-STAT","21/811","108/12405",0.194444444444444,2.97420879572544,5.44979331183584,5.5290016337591e-06,0.000202979114032147,0.000202979114032147,"PTPRC/IL20RA/SOCS1/USP1/NMI/STAT2/CCL2/PIAS1/TNF/PARP14/STAT1/PARP9/BCL3/IL12RB2/IL10RA/IL7R/IL2RG/GBP7/STAT4/PTPN2/JAK2",21
"GO:0030888","regulation of B cell proliferation","12/811","40/12405",0.3,4.58877928483354,6.01248966128513,5.70651254415552e-06,0.000207625344798515,0.000207625344798515,"PTPRC/NCKAP1L/LYN/CD22/MNDA/TNFSF13B/CD38/IL12RB2/BMI1/CD300A/MEF2C/IKZF3",12
"GO:0050866","negative regulation of cell activation","25/811","144/12405",0.173611111111111,2.655543567612,5.28486103336983,6.22251633900731e-06,0.000222823456909975,0.000222823456909975,"PTPRC/LYN/IRF1/PSMA2/PAG1/FGR/SOCS1/LAG3/MILR1/CD274/CD69/BTN2A2/MNDA/TNFAIP3/CEACAM1/LILRB1/LAPTM5/SAMSN1/CD86/CD300A/ILDR2/PSMA4/PSMA3/HMGB1/PTPN2",25
"GO:0002819","regulation of adaptive immune response","24/811","135/12405",0.177777777777778,2.71927661323469,5.31208500898441,6.23358873318703e-06,0.000222823456909975,0.000222823456909975,"PTPRC/NCKAP1L/IRF1/ZBTB1/LAG3/MAD2L2/CD274/CD69/TNFRSF1B/IL18R1/TNFAIP3/SLC15A4/CEACAM1/IL12RB2/LILRB1/SAMSN1/B2M/RSAD2/IL1B/MEF2C/NFKBIZ/IRF7/HMGB1/CLEC7A",24
"GO:0070098","chemokine-mediated signaling pathway","14/811","54/12405",0.259259259259259,3.96561172763392,5.77610085038396,6.47228103362934e-06,0.00022934387140904,0.00022934387140904,"LYN/CXCR4/HIF1A/CCL2/CCR5/CXCR2/CMKLR1/CXCL10/CXCL11/CXCL9/CCRL2/CCR1/CXCR1/JAK2",14
"GO:1903706","regulation of hemopoiesis","40/811","293/12405",0.136518771331058,2.08818169958295,4.98542233341816,7.10255119633146e-06,0.000249507725215954,0.000249507725215954,"NCKAP1L/LYN/IRF1/PSMA2/ZBTB1/TESPA1/SOCS1/LAG3/HIF1A/TNF/CD69/STAT1/TLR3/CD2/FSTL3/CEACAM1/LILRB1/RASGRP1/CD86/TNFAIP6/L3MBTL1/IL7R/IL2RG/MEF2C/PSMA4/GPR65/PRDM1/IKZF3/CCR1/LEO1/ISG15/NFKBIZ/EVI2B/ZFP36/SPINK5/PSMA3/IRF7/HMGB1/LILRB3/PTPN2",40
"GO:0050854","regulation of antigen receptor-mediated signaling pathway","15/811","62/12405",0.241935483870968,3.70062845551092,5.63799877882406,7.68035572118391e-06,0.000267499568921576,0.000267499568921576,"PTPRC/GPS2/LYN/TESPA1/LAG3/CD22/CD274/CEACAM1/LAPTM5/CD86/CD300A/DGKZ/STAP1/PTPN2/GBP1",15
"GO:0032479","regulation of type I interferon production","22/811","119/12405",0.184873949579832,2.82781916712431,5.29878270649338,7.85500429957361e-06,0.000268984390930777,0.000268984390930777,"OAS1/IRF1/CYLD/TBK1/IFIH1/TANK/STAT1/TRIM21/TLR3/TRAF3IP3/LILRB1/HSP90AA1/MORC3/XAF1/ZC3HAV1/GBP7/OAS2/ISG15/OAS3/IRF8/IRF7/HMGB1",22
"GO:0032606","type I interferon production","22/811","119/12405",0.184873949579832,2.82781916712431,5.29878270649338,7.85500429957361e-06,0.000268984390930777,0.000268984390930777,"OAS1/IRF1/CYLD/TBK1/IFIH1/TANK/STAT1/TRIM21/TLR3/TRAF3IP3/LILRB1/HSP90AA1/MORC3/XAF1/ZC3HAV1/GBP7/OAS2/ISG15/OAS3/IRF8/IRF7/HMGB1",22
"GO:0002449","lymphocyte mediated immunity","29/811","184/12405",0.157608695652174,2.41077172572776,5.09902268858663,8.41301196219252e-06,0.000285691864549454,0.000285691864549454,"PTPRC/BTN3A3/NCKAP1L/ZBTB1/GSDMB/LAG3/NBN/MAD2L2/CD274/TNFRSF1B/CD2/IL18R1/FCER1G/SLC15A4/CEACAM1/LILRB1/RASGRP1/B2M/RSAD2/IL1B/BTN3A2/IL2RG/GZMB/FCGR2A/NFKBIZ/FCGR3B/SLAMF7/FCGR3A/HMGB1",29
"GO:0002703","regulation of leukocyte mediated immunity","25/811","148/12405",0.168918918918919,2.5837721198387,5.12632476182664,1.02415049318869e-05,0.000339311856986017,0.000339311856986017,"PTPRC/NCKAP1L/LYN/ZBTB1/FGR/LAG3/MAD2L2/CD274/TNFRSF1B/IL18R1/ICAM1/SLC15A4/CEACAM1/CD177/LILRB1/RASGRP1/NOS2/B2M/RSAD2/IL1B/CD300A/BST2/STAP1/HMGB1/CLEC7A",25
"GO:0046631","alpha-beta T cell activation","25/811","148/12405",0.168918918918919,2.5837721198387,5.12632476182664,1.02415049318869e-05,0.000339311856986017,0.000339311856986017,"NCKAP1L/CLEC2B/IRF1/PSMA2/SOCS1/TBK1/LY9/IL18RAP/CD274/CD69/IL18R1/IL12RB2/LILRB1/RSAD2/CD86/CD300A/PSMA4/GPR65/STAT4/PRDM1/HSPH1/NFKBIZ/PSMA3/HMGB1/JAK2",25
"GO:0030101","natural killer cell activation","14/811","56/12405",0.25,3.82398273736128,5.60163508622634,1.02418057446086e-05,0.000339311856986017,0.000339311856986017,"PTPRC/ZBTB1/FGR/CUL4A/CD48/CD2/IL12RB2/RASGRP1/NFIL3/IL2RG/PRDM1/NFKBIZ/SLAMF7/FCGR3A",14
"GO:0002696","positive regulation of leukocyte activation","34/811","237/12405",0.143459915611814,2.19435296321154,4.90989180136244,1.190930823801e-05,0.000391374444112023,0.000391374444112024,"PTPRC/NCKAP1L/LYN/ZBTB1/TESPA1/SOCS1/CCL2/TNF/MAD2L2/AIF1/CD274/CD2/TNFSF13B/CD38/IL12RB2/DOCK8/RASGRP1/LRRK2/B2M/IL1B/CD86/IL7R/BMI1/IL2RG/SIRPB1/MEF2C/GPR65/STAP1/HSPH1/NFKBIZ/FCGR3A/HMGB1/CLEC7A/JAK2",34
"GO:0050864","regulation of B cell activation","17/811","81/12405",0.209876543209877,3.21025711284651,5.2781790593561,1.49775169752693e-05,0.000488267053393778,0.000488267053393778,"PTPRC/NCKAP1L/LYN/CD22/MAD2L2/MNDA/TNFAIP3/TNFSF13B/SLC15A4/CD38/IL12RB2/LAPTM5/SAMSN1/BMI1/CD300A/MEF2C/IKZF3",17
"GO:0046426","negative regulation of receptor signaling pathway via JAK-STAT","9/811","25/12405",0.36,5.50653514180025,5.96522874419318,1.64434575220269e-05,0.00053180229684333,0.00053180229684333,"PTPRC/SOCS1/PIAS1/PARP14/BCL3/IL7R/IL2RG/GBP7/PTPN2",9
"GO:0022407","regulation of cell-cell adhesion","44/811","349/12405",0.126074498567335,1.92842682457188,4.65300406039082,1.95863424315467e-05,0.00062845941266577,0.00062845941266577,"PTPRC/NCKAP1L/LYN/IRF1/PSMA2/PAG1/ZBTB1/TESPA1/SOCS1/LAG3/CCL2/TNF/MAD2L2/AIF1/CD274/CD69/BTN2A2/FSTL3/CEACAM1/IL12RB2/DOCK8/LILRB1/LAPTM5/RASGRP1/B2M/IL1B/CD86/IL7R/BMI1/IL2RG/CD300A/ILDR2/SIRPB1/PSMA4/PLAUR/GPR65/MUC21/HSPH1/NFKBIZ/PSMA3/HMGB1/IL1RN/PTPN2/JAK2",44
"GO:1903557","positive regulation of tumor necrosis factor superfamily cytokine production","18/811","91/12405",0.197802197802198,3.0255687592309,5.12911893371834,2.00001341293649e-05,0.000636723020134077,0.000636723020134077,"PTPRC/OAS1/PSMA2/IFIH1/TLR3/CD2/LY96/LRRK2/CD86/OAS2/FCGR2A/PSMA4/OAS3/PSMA3/FCGR3A/HMGB1/CLEC7A/JAK2",18
"GO:0032722","positive regulation of chemokine production","12/811","45/12405",0.266666666666667,4.07891491985203,5.47229331494869,2.16872012083226e-05,0.000685080193208641,0.000685080193208641,"OAS1/FFAR2/HIF1A/EGR1/TNF/AIF1/TLR3/IL1B/OAS3/EIF2AK2/HMGB1/CLEC7A",12
"GO:0071706","tumor necrosis factor superfamily cytokine production","23/811","136/12405",0.169117647058824,2.5868118517444,4.92113143377159,2.2493022876393e-05,0.000699687543674058,0.000699687543674058,"PTPRC/OAS1/PSMA2/IFIH1/CD274/TLR3/CD2/TNFAIP3/LY96/LILRB1/LRRK2/CD86/NFKBIL1/OAS2/FCGR2A/PSMA4/ZFP36/OAS3/PSMA3/FCGR3A/HMGB1/CLEC7A/JAK2",23
"GO:1903555","regulation of tumor necrosis factor superfamily cytokine production","23/811","136/12405",0.169117647058824,2.5868118517444,4.92113143377159,2.2493022876393e-05,0.000699687543674058,0.000699687543674058,"PTPRC/OAS1/PSMA2/IFIH1/CD274/TLR3/CD2/TNFAIP3/LY96/LILRB1/LRRK2/CD86/NFKBIL1/OAS2/FCGR2A/PSMA4/ZFP36/OAS3/PSMA3/FCGR3A/HMGB1/CLEC7A/JAK2",23
"GO:1902105","regulation of leukocyte differentiation","33/811","234/12405",0.141025641025641,2.15711846722944,4.72603877175681,2.28281291627951e-05,0.000704732017715075,0.000704732017715075,"NCKAP1L/LYN/IRF1/PSMA2/ZBTB1/TESPA1/SOCS1/LAG3/TNF/CD69/TLR3/CD2/FSTL3/CEACAM1/LILRB1/RASGRP1/CD86/TNFAIP6/IL7R/IL2RG/PSMA4/GPR65/PRDM1/IKZF3/CCR1/NFKBIZ/EVI2B/SPINK5/PSMA3/IRF7/HMGB1/LILRB3/PTPN2",33
"GO:0001818","negative regulation of cytokine production","32/811","224/12405",0.142857142857143,2.18513299277788,4.73395672995053,2.32932195377875e-05,0.000713683230199127,0.000713683230199127,"PTPRC/OAS1/NCKAP1L/IL20RA/CYLD/SRGN/TNF/NFKBIA/CD274/BTN2A2/CARD16/CMKLR1/DDIT3/BCL3/TNFAIP3/CEACAM1/LILRB1/LAPTM5/IL1B/IL1R2/MORC3/XAF1/NFKBIL1/GBP7/HDAC9/RPS6KA4/BST2/ZFP36/OAS3/HMGB1/GBP1/JAK2",32
"GO:0032729","positive regulation of type II interferon production","14/811","60/12405",0.233333333333333,3.56905055487053,5.27566713885735,2.39606947242725e-05,0.000728655455234407,0.000728655455234407,"PSMA2/BTN3A1/IL18RAP/TLR3/CD2/IL18R1/IL12RB2/LILRB1/IL1B/BTN3A2/PSMA4/ISG15/PSMA3/CLEC7A",14
"GO:0045824","negative regulation of innate immune response","16/811","76/12405",0.210526315789474,3.22019598935687,5.13462630641408,2.55012835452425e-05,0.000769760966273061,0.000769760966273061,"OAS1/NMI/STAT2/PARP14/SERPING1/TRIM21/TNFAIP3/CEACAM1/LILRB1/USP18/CEP63/IFI16/USP15/ISG15/OAS3/PTPN2",16
"GO:0097696","cell surface receptor signaling pathway via STAT","21/811","119/12405",0.176470588235294,2.69928193225502,4.92615783773385,2.62380458572944e-05,0.00078617674167996,0.00078617674167996,"PTPRC/IL20RA/SOCS1/USP1/NMI/STAT2/CCL2/PIAS1/TNF/PARP14/STAT1/PARP9/BCL3/IL12RB2/IL10RA/IL7R/IL2RG/GBP7/STAT4/PTPN2/JAK2",21
"GO:0050858","negative regulation of antigen receptor-mediated signaling pathway","11/811","39/12405",0.282051282051282,4.31423693445888,5.48246531984945,2.68388706324595e-05,0.000798309473191771,0.000798309473191771,"GPS2/LYN/LAG3/CD22/CD274/CEACAM1/LAPTM5/CD300A/DGKZ/PTPN2/GBP1",11
"GO:0050853","B cell receptor signaling pathway","13/811","54/12405",0.240740740740741,3.68235374708864,5.22440129812632,3.26935066553813e-05,0.000965406084207816,0.000965406084207816,"PTPRC/GPS2/NCKAP1L/LYN/PRKCB/CD22/NFKBIA/MNDA/CD38/CD300A/MEF2C/STAP1/NFKBIZ",13
"GO:1904893","negative regulation of receptor signaling pathway via STAT","9/811","27/12405",0.333333333333333,5.09864364981504,5.63860226775668,3.34989778301826e-05,0.000982074350057512,0.000982074350057512,"PTPRC/SOCS1/PIAS1/PARP14/BCL3/IL7R/IL2RG/GBP7/PTPN2",9
"GO:0002440","production of molecular mediator of immune response","22/811","131/12405",0.16793893129771,2.56878229685338,4.77397264386062,3.76600729966982e-05,0.00109617712472532,0.00109617712472532,"PTPRC/FFAR2/CD22/SEMA7A/NBN/TNF/MAD2L2/TNFRSF1B/IL18R1/SLC15A4/LILRB1/LAPTM5/B2M/RSAD2/IL1B/CD86/MSH3/BST2/NFKBIZ/SPINK5/SMC4/CLEC7A",22
"GO:0050691","regulation of defense response to virus by host","10/811","34/12405",0.294117647058824,4.49880322042504,5.40295350864355,4.18671396053913e-05,0.00120999002760262,0.00120999002760262,"DTX3L/STAT1/PARP9/APOBEC3G/AIM2/TNFAIP3/LILRB1/IL1B/HSP90AA1/TRIM22",10
"GO:0032481","positive regulation of type I interferon production","15/811","71/12405",0.211267605633803,3.23153470762925,4.98718531469049,4.34553111492247e-05,0.00124704502065557,0.00124704502065557,"OAS1/IRF1/TBK1/IFIH1/TANK/STAT1/TLR3/TRAF3IP3/HSP90AA1/ZC3HAV1/OAS2/ISG15/OAS3/IRF7/HMGB1",15
"GO:0032760","positive regulation of tumor necrosis factor production","17/811","88/12405",0.193181818181818,2.95489575159735,4.86728891447127,4.64242045562722e-05,0.00131374051088062,0.00131374051088062,"PTPRC/OAS1/PSMA2/IFIH1/TLR3/CD2/LY96/LRRK2/OAS2/FCGR2A/PSMA4/OAS3/PSMA3/FCGR3A/HMGB1/CLEC7A/JAK2",17
"GO:0050868","negative regulation of T cell activation","17/811","88/12405",0.193181818181818,2.95489575159735,4.86728891447127,4.64242045562722e-05,0.00131374051088062,0.00131374051088062,"IRF1/PSMA2/PAG1/SOCS1/LAG3/CD274/CD69/BTN2A2/LILRB1/LAPTM5/CD86/CD300A/ILDR2/PSMA4/PSMA3/HMGB1/PTPN2",17
"GO:0030217","T cell differentiation","31/811","222/12405",0.13963963963964,2.13591828573333,4.51669862878334,4.86005082211887e-05,0.00136584186897479,0.00136584186897479,"PTPRC/NCKAP1L/IRF1/PSMA2/ZBTB1/TESPA1/SOCS1/TBK1/LY9/LAG3/IL18RAP/CD69/CD2/IL18R1/RASGRP1/RSAD2/IL1B/CD86/IL7R/BMI1/IL2RG/PSMA4/GPR65/STAT4/PRDM1/IKZF3/NFKBIZ/SPINK5/PSMA3/HMGB1/PTPN2",31
"GO:0002822","regulation of adaptive immune response based on somatic recombination of immune receptors built from immunoglobulin superfamily domains","21/811","124/12405",0.169354838709677,2.59043991885764,4.70745202214219,4.94586942131976e-05,0.00138043958163548,0.00138043958163548,"PTPRC/NCKAP1L/ZBTB1/LAG3/MAD2L2/CD274/CD69/TNFRSF1B/IL18R1/TNFAIP3/SLC15A4/CEACAM1/IL12RB2/LILRB1/B2M/RSAD2/IL1B/MEF2C/NFKBIZ/HMGB1/CLEC7A",21
"GO:0002456","T cell mediated immunity","16/811","82/12405",0.195121951219512,2.98457189257466,4.76859233086075,6.7960459158832e-05,0.00187120858832595,0.00187120858832595,"PTPRC/BTN3A3/NCKAP1L/ZBTB1/LAG3/CD274/TNFRSF1B/IL18R1/CEACAM1/LILRB1/B2M/RSAD2/IL1B/BTN3A2/NFKBIZ/HMGB1",16
"GO:1902106","negative regulation of leukocyte differentiation","16/811","82/12405",0.195121951219512,2.98457189257466,4.76859233086075,6.7960459158832e-05,0.00187120858832595,0.00187120858832595,"LYN/IRF1/PSMA2/SOCS1/LAG3/CD69/TLR3/FSTL3/CEACAM1/LILRB1/TNFAIP6/PSMA4/PSMA3/HMGB1/LILRB3/PTPN2",16
"GO:0051251","positive regulation of lymphocyte activation","30/811","216/12405",0.138888888888889,2.1244348540896,4.40911873099278,7.08261342819616e-05,0.00193702347113418,0.00193702347113418,"PTPRC/NCKAP1L/LYN/ZBTB1/TESPA1/SOCS1/CCL2/MAD2L2/AIF1/CD274/TNFSF13B/CD38/IL12RB2/DOCK8/RASGRP1/B2M/IL1B/CD86/IL7R/BMI1/IL2RG/SIRPB1/MEF2C/GPR65/HSPH1/NFKBIZ/FCGR3A/HMGB1/CLEC7A/JAK2",30
"GO:0002700","regulation of production of molecular mediator of immune response","18/811","101/12405",0.178217821782178,2.72600749594072,4.60632801863995,8.51636922804738e-05,0.00231361364028621,0.00231361364028621,"PTPRC/FFAR2/CD22/SEMA7A/TNF/MAD2L2/TNFRSF1B/IL18R1/SLC15A4/LILRB1/LAPTM5/B2M/RSAD2/IL1B/CD86/BST2/SPINK5/CLEC7A",18
"GO:0030593","neutrophil chemotaxis","13/811","59/12405",0.220338983050847,3.37028987021672,4.82657420879846,8.81019217244764e-05,0.00237758497369034,0.00237758497369034,"S100A8/NCKAP1L/THBS4/CXCR2/SAA1/CXCL10/SRP54/TNFAIP6/CXCL9/TREM1/MOSPD2/CXCL8/CXCR1",13
"GO:0030595","leukocyte chemotaxis","24/811","158/12405",0.151898734177215,2.3234325492828,4.42782200401816,9.03917899773798e-05,0.0024233325273541,0.0024233325273541,"S100A8/FFAR2/NCKAP1L/LYN/THBS4/CXCR4/CCL2/CCR5/AIF1/CXCR2/CMKLR1/SAA1/CXCL10/SRP54/TNFAIP6/CXCL11/CXCL9/TREM1/STAP1/CCR1/MOSPD2/CXCL8/CXCR1/HMGB1",24
"GO:1903707","negative regulation of hemopoiesis","16/811","84/12405",0.19047619047619,2.91351065703717,4.65395529719636,9.19789862446734e-05,0.00244771599503951,0.00244771599503951,"LYN/IRF1/PSMA2/SOCS1/LAG3/CD69/TLR3/FSTL3/CEACAM1/LILRB1/TNFAIP6/PSMA4/PSMA3/HMGB1/LILRB3/PTPN2",16
"GO:0002230","positive regulation of defense response to virus by host","8/811","24/12405",0.333333333333333,5.09864364981504,5.31548109436855,9.25026412849288e-05,0.00244771599503951,0.00244771599503951,"DTX3L/STAT1/PARP9/APOBEC3G/AIM2/LILRB1/HSP90AA1/TRIM22",8
"GO:0022408","negative regulation of cell-cell adhesion","22/811","139/12405",0.158273381294964,2.42093871142297,4.45559721654412,9.45275381071637e-05,0.00248515946959156,0.00248515946959156,"IRF1/PSMA2/PAG1/SOCS1/LAG3/MAD2L2/CD274/CD69/BTN2A2/CEACAM1/LILRB1/LAPTM5/CD86/CD300A/ILDR2/PSMA4/MUC21/PSMA3/HMGB1/IL1RN/PTPN2/JAK2",22
"GO:0043068","positive regulation of programmed cell death","46/811","399/12405",0.115288220551378,1.76344066083829,4.09955977293117,0.000117701423132164,0.00307457243117672,0.00307457243117672,"S100A8/PPID/LYN/ATF3/CYLD/RPS7/PRKCB/CCL2/TNF/CD274/TNFRSF1B/ACSL4/CASP4/MNDA/IFIT2/STK17A/DDIT3/OMA1/HCAR2/STK17B/LILRB1/LAPTM5/LRRK2/G0S2/BCL2L14/TNFSF15/GADD45B/RPL26/FCAR/PMAIP1/DNAJA1/ZBP1/MEF2C/BCL2A1/CASP1/SOD2/CASP5/TNFAIP8/BCLAF1/UBD/TNFSF10/IRF8/FAS/HMGB1/PTPN2/JAK2",46
"GO:0032640","tumor necrosis factor production","21/811","132/12405",0.159090909090909,2.433443560139,4.37891841950969,0.000125537135029707,0.00323385719798941,0.00323385719798941,"PTPRC/OAS1/PSMA2/IFIH1/TLR3/CD2/TNFAIP3/LY96/LILRB1/LRRK2/NFKBIL1/OAS2/FCGR2A/PSMA4/ZFP36/OAS3/PSMA3/FCGR3A/HMGB1/CLEC7A/JAK2",21
"GO:0032680","regulation of tumor necrosis factor production","21/811","132/12405",0.159090909090909,2.433443560139,4.37891841950969,0.000125537135029707,0.00323385719798941,0.00323385719798941,"PTPRC/OAS1/PSMA2/IFIH1/TLR3/CD2/TNFAIP3/LY96/LILRB1/LRRK2/NFKBIL1/OAS2/FCGR2A/PSMA4/ZFP36/OAS3/PSMA3/FCGR3A/HMGB1/CLEC7A/JAK2",21
"GO:0070665","positive regulation of leukocyte proliferation","17/811","95/12405",0.178947368421053,2.73716659095334,4.4951987932995,0.000126179949565722,0.00323385719798941,0.00323385719798941,"PTPRC/NCKAP1L/LYN/AIF1/CD274/TNFSF13B/CD38/IL12RB2/IL1B/CD86/BMI1/IL2RG/MEF2C/BST2/FCGR3A/HMGB1/JAK2",17
"GO:0046634","regulation of alpha-beta T cell activation","15/811","78/12405",0.192307692307692,2.9415251825856,4.5492131847368,0.000135174596899237,0.00344272801477745,0.00344272801477745,"NCKAP1L/IRF1/SOCS1/CD274/CD69/IL12RB2/LILRB1/CD86/CD300A/GPR65/PRDM1/HSPH1/NFKBIZ/HMGB1/JAK2",15
"GO:0050856","regulation of T cell receptor signaling pathway","11/811","46/12405",0.239130434782609,3.65772261834557,4.77607964113884,0.000140209369916254,0.00354877753048903,0.00354877753048903,"PTPRC/TESPA1/LAG3/CD274/CEACAM1/LAPTM5/CD86/CD300A/DGKZ/PTPN2/GBP1",11
"GO:0038061","non-canonical NF-kappaB signal transduction","18/811","105/12405",0.171428571428571,2.62215959133345,4.41479284913611,0.000142902987106841,0.00355065789656133,0.00355065789656133,"CYLD/NMI/TNF/NFKBIA/TNFRSF1B/TRIM21/TLR3/BCL3/IL18R1/LAPTM5/IL1B/BIRC3/TNFSF15/CD86/TRAF1/EIF2AK2/CARD10/HMGB1",18
"GO:1903038","negative regulation of leukocyte cell-cell adhesion","17/811","96/12405",0.177083333333333,2.70865443896424,4.44480924867818,0.000144184968013383,0.00355065789656133,0.00355065789656133,"IRF1/PSMA2/PAG1/SOCS1/LAG3/CD274/CD69/BTN2A2/LILRB1/LAPTM5/CD86/CD300A/ILDR2/PSMA4/PSMA3/HMGB1/PTPN2",17
"GO:0060326","cell chemotaxis","29/811","214/12405",0.135514018691589,2.07281307258836,4.1868358657224,0.000144388852022628,0.00355065789656133,0.00355065789656133,"S100A8/FFAR2/NCKAP1L/LYN/THBS4/CXCR4/CCL2/CCR5/CXCL2/AIF1/CXCR2/CMKLR1/SAA1/CXCL10/CXCL1/SRP54/TNFAIP6/CXCL11/BIN2/CXCL9/TREM1/CCRL2/STAP1/CCL20/CCR1/MOSPD2/CXCL8/CXCR1/HMGB1",29
"GO:0001562","response to protozoan","6/811","14/12405",0.428571428571429,6.55539897833363,5.50048205087949,0.000146045722582539,0.00355065789656133,0.00355065789656133,"BATF2/GBP2/GBP7/GBP4/CLEC7A/GBP1",6
"GO:0042832","defense response to protozoan","6/811","14/12405",0.428571428571429,6.55539897833363,5.50048205087949,0.000146045722582539,0.00355065789656133,0.00355065789656133,"BATF2/GBP2/GBP7/GBP4/CLEC7A/GBP1",6
"GO:0002573","myeloid leukocyte differentiation","23/811","153/12405",0.150326797385621,2.29938831266169,4.27716333621214,0.000147618725344432,0.00355065789656133,0.00355065789656133,"NPM1/LYN/IL20RA/SOCS1/BATF2/TNF/TLR3/FSTL3/CEACAM1/LILRB1/SRP54/IL1B/IL1R2/CLPB/TNFAIP6/SNX10/IFI16/CCR1/UBD/EVI2B/IRF7/LILRB3/PTPN2",23
"GO:0062207","regulation of pattern recognition receptor signaling pathway","24/811","163/12405",0.147239263803681,2.25216161218824,4.25601017798675,0.000148392982431668,0.00355065789656133,0.00355065789656133,"OASL/S100A8/GPS2/LYN/IRF1/HSP90B1/TNFAIP3/GBP2/SLC15A4/RSAD2/BIRC3/NFKBIL1/ZC3HAV1/CD300A/IFI16/USP15/DDX60/GDI1/NEK7/EIF2AK2/GBP5/IRF7/HMGB1/MSR1",24
"GO:0034121","regulation of toll-like receptor signaling pathway","9/811","32/12405",0.28125,4.30198057953144,4.94637063481091,0.000149086356683557,0.00355065789656133,0.00355065789656133,"S100A8/GPS2/IRF1/HSP90B1/BIRC3/NFKBIL1/CD300A/GDI1/IRF7",9
"GO:0002709","regulation of T cell mediated immunity","13/811","62/12405",0.209677419354839,3.20721132810946,4.60791070578182,0.00015073958677426,0.00355065789656133,0.00355065789656133,"PTPRC/NCKAP1L/ZBTB1/LAG3/CD274/TNFRSF1B/IL18R1/CEACAM1/LILRB1/B2M/RSAD2/IL1B/HMGB1",13
"GO:0032602","chemokine production","13/811","62/12405",0.209677419354839,3.20721132810946,4.60791070578182,0.00015073958677426,0.00355065789656133,0.00355065789656133,"OAS1/FFAR2/HIF1A/EGR1/TNF/AIF1/TLR3/IL1B/OAS3/EIF2AK2/CXCL8/HMGB1/CLEC7A",13
"GO:0032642","regulation of chemokine production","13/811","62/12405",0.209677419354839,3.20721132810946,4.60791070578182,0.00015073958677426,0.00355065789656133,0.00355065789656133,"OAS1/FFAR2/HIF1A/EGR1/TNF/AIF1/TLR3/IL1B/OAS3/EIF2AK2/CXCL8/HMGB1/CLEC7A",13
"GO:0046425","regulation of receptor signaling pathway via JAK-STAT","13/811","62/12405",0.209677419354839,3.20721132810946,4.60791070578182,0.00015073958677426,0.00355065789656133,0.00355065789656133,"PTPRC/SOCS1/USP1/PIAS1/PARP14/BCL3/IL12RB2/IL10RA/IL7R/IL2RG/GBP7/PTPN2/JAK2",13
"GO:0050852","T cell receptor signaling pathway","19/811","115/12405",0.165217391304348,2.52715380903876,4.3514141166939,0.000156407090064704,0.00366298213800959,0.00366298213800959,"PTPRC/BTN3A3/CLEC2B/BTN3A1/TESPA1/LAG3/CD274/BTN2A2/LCP2/BTN2A1/CEACAM1/LAPTM5/CD86/BTN3A2/CD300A/DGKZ/NFKBIZ/PTPN2/GBP1",19
"GO:0097530","granulocyte migration","17/811","97/12405",0.175257731958763,2.6807301663976,4.39505967554526,0.000164397279729183,0.00382810808512241,0.00382810808512241,"S100A8/NCKAP1L/THBS4/CCL2/CXCR2/CMKLR1/SAA1/CD177/CXCL10/SRP54/TNFAIP6/CD300A/CXCL9/TREM1/MOSPD2/CXCL8/CXCR1",17
"GO:0062208","positive regulation of pattern recognition receptor signaling pathway","14/811","71/12405",0.197183098591549,3.01609906045397,4.50571509951518,0.000169931887680864,0.00391227368530802,0.00391227368530802,"OASL/LYN/HSP90B1/GBP2/SLC15A4/RSAD2/ZC3HAV1/USP15/DDX60/GDI1/NEK7/GBP5/HMGB1/MSR1",14
"GO:1990266","neutrophil migration","14/811","71/12405",0.197183098591549,3.01609906045397,4.50571509951518,0.000169931887680864,0.00391227368530802,0.00391227368530802,"S100A8/NCKAP1L/THBS4/CXCR2/SAA1/CD177/CXCL10/SRP54/TNFAIP6/CXCL9/TREM1/MOSPD2/CXCL8/CXCR1",14
"GO:0097529","myeloid leukocyte migration","22/811","146/12405",0.150684931506849,2.30486630745064,4.19459061412965,0.000197107677930532,0.0045124370088029,0.0045124370088029,"S100A8/NCKAP1L/LYN/THBS4/CCL2/AIF1/CXCR2/CMKLR1/SAA1/CD177/CXCL10/SRP54/TNFAIP6/CD300A/CXCL9/TREM1/STAP1/CCR1/MOSPD2/CXCL8/CXCR1/HMGB1",22
"GO:0050900","leukocyte migration","33/811","261/12405",0.126436781609195,1.93396828096433,4.03316657608714,0.000198834431135425,0.00452653802724502,0.00452653802724502,"S100A8/FFAR2/NCKAP1L/LYN/THBS4/CXCR4/CCL2/CCR5/TNF/AIF1/CD69/CXCR2/CMKLR1/SAA1/ICAM1/CD177/DOCK8/CXCL10/SRP54/TNFAIP6/CXCL11/SELL/CD300A/CXCL9/PLVAP/TREM1/STAP1/CCL20/CCR1/MOSPD2/CXCL8/CXCR1/HMGB1",33
"GO:0050688","regulation of defense response to virus","11/811","48/12405",0.229166666666667,3.50531750924784,4.5994036639674,0.000210613078073644,0.00476804607305611,0.00476804607305611,"DTX3L/STAT1/PARP9/APOBEC3G/AIM2/TNFAIP3/LILRB1/IL1B/HSP90AA1/HERC5/TRIM22",11
"GO:0044458","motile cilium assembly","12/811","56/12405",0.214285714285714,3.27769948916681,4.51803093751148,0.000216489605620402,0.00487400631438199,0.00487400631438199,"DYNLL1/CCDC181/SPAG17/CCDC39/CCDC146/MYCBPAP/LRRK2/CFAP54/MNS1/CFAP47/CFAP53/DMD",12
"GO:0002699","positive regulation of immune effector process","22/811","147/12405",0.149659863945578,2.28918694481492,4.15852594740462,0.000217848737555191,0.00487765717328245,0.00487765717328245,"PTPRC/FFAR2/ZBTB1/FGR/SEMA7A/TNF/MAD2L2/IL18R1/CD177/LILRB1/LAPTM5/RASGRP1/NOS2/B2M/RSAD2/IL1B/CD86/STAP1/DDX60/NFKBIZ/CFB/CLEC7A",22
"GO:0042098","T cell proliferation","18/811","109/12405",0.165137614678899,2.52593355128452,4.23196046360104,0.000232474546854063,0.0051766873138268,0.0051766873138268,"PTPRC/NCKAP1L/IRF1/BTN3A1/AIF1/CD274/BTN2A2/TNFRSF1B/IL12RB2/DOCK8/LILRB1/LAPTM5/RASGRP1/IL1B/CD86/BMI1/HMGB1/JAK2",18
"GO:0050870","positive regulation of T cell activation","24/811","168/12405",0.142857142857143,2.18513299277788,4.09033527248961,0.000237339852946183,0.00525630380845486,0.00525630380845486,"PTPRC/NCKAP1L/LYN/ZBTB1/TESPA1/SOCS1/CCL2/AIF1/CD274/IL12RB2/DOCK8/RASGRP1/B2M/IL1B/CD86/IL7R/BMI1/IL2RG/SIRPB1/GPR65/HSPH1/NFKBIZ/HMGB1/JAK2",24
"GO:0032612","interleukin-1 production","16/811","91/12405",0.175824175824176,2.68939445264969,4.27786271589929,0.000244166458336215,0.00534934579419396,0.00534934579419396,"EGR1/TNF/CARD16/SAA1/AIM2/TNFAIP3/CEACAM1/IL1B/IL1R2/NAIP/IFI16/CASP1/GBP5/HMGB1/CLEC7A/JAK2",16
"GO:0032652","regulation of interleukin-1 production","16/811","91/12405",0.175824175824176,2.68939445264969,4.27786271589929,0.000244166458336215,0.00534934579419396,0.00534934579419396,"EGR1/TNF/CARD16/SAA1/AIM2/TNFAIP3/CEACAM1/IL1B/IL1R2/NAIP/IFI16/CASP1/GBP5/HMGB1/CLEC7A/JAK2",16
"GO:0042119","neutrophil activation","9/811","34/12405",0.264705882352941,4.04892289838253,4.70823525462469,0.000247717951219429,0.00539813182470146,0.00539813182470146,"TNF/CXCR2/FCER1G/CD177/FCAR/KMT2E/CD300A/CXCL8/CXCR1",9
"GO:0140894","endolysosomal toll-like receptor signaling pathway","11/811","49/12405",0.224489795918367,3.43378041722238,4.51455699683955,0.000255773797397734,0.00554139351514694,0.00554139351514694,"OAS1/LYN/IRF1/PIK3AP1/TNF/TLR3/TNFAIP3/SLC15A4/RSAD2/HMGB1/MSR1",11
"GO:0039529","RIG-I signaling pathway","7/811","21/12405",0.333333333333333,5.09864364981504,4.97157498861796,0.000257011871009269,0.00554139351514694,0.00554139351514694,"OASL/BIRC3/CLPB/ZC3HAV1/USP15/DDX60/OAS3",7
"GO:0045580","regulation of T cell differentiation","21/811","139/12405",0.151079136690647,2.31089604272193,4.11053954134401,0.000263242026752979,0.00564584873167574,0.00564584873167574,"NCKAP1L/IRF1/PSMA2/ZBTB1/TESPA1/SOCS1/LAG3/CD69/CD2/RASGRP1/CD86/IL7R/IL2RG/PSMA4/GPR65/PRDM1/NFKBIZ/SPINK5/PSMA3/HMGB1/PTPN2",21
"GO:0050764","regulation of phagocytosis","14/811","74/12405",0.189189189189189,2.89382477421935,4.32146661613795,0.000268179682104001,0.0056918343988219,0.0056918343988219,"PTPRC/NCKAP1L/FGR/CCL2/PLSCR1/DYSF/IL2RG/CD300A/SIRPB1/FCGR2A/STAP1/CFB/HMGB1/CLEC7A",14
"GO:0071347","cellular response to interleukin-1","14/811","74/12405",0.189189189189189,2.89382477421935,4.32146661613795,0.000268179682104001,0.0056918343988219,0.0056918343988219,"HIF1A/CCL2/EGR1/NFKBIA/TANK/GBP3/GBP2/IL1B/IL1R2/ZBP1/RPS6KA4/CXCL8/IL1RN/GBP1",14
"GO:0071621","granulocyte chemotaxis","15/811","83/12405",0.180722891566265,2.76432487038165,4.26532038133094,0.00027738750609426,0.00583962107050664,0.00583962107050663,"S100A8/NCKAP1L/THBS4/CCL2/CXCR2/CMKLR1/SAA1/CXCL10/SRP54/TNFAIP6/CXCL9/TREM1/MOSPD2/CXCL8/CXCR1",15
"GO:0002286","T cell activation involved in immune response","16/811","92/12405",0.173913043478261,2.66016190425133,4.22704698994103,0.000278008954031482,0.00583962107050664,0.00583962107050663,"NCKAP1L/PSMA2/LY9/IL18RAP/CD69/IL18R1/ICAM1/CEACAM1/LILRB1/CD86/PSMA4/STAT4/NFKBIZ/PSMA3/LCP1/HMGB1",16
"GO:0043367","CD4-positive, alpha-beta T cell differentiation","16/811","93/12405",0.172043010752688,2.63155801280776,4.17690260977274,0.000315833409040457,0.0066001084196916,0.0066001084196916,"NCKAP1L/PSMA2/SOCS1/TBK1/LY9/IL18RAP/CD69/IL18R1/RSAD2/CD86/PSMA4/GPR65/STAT4/NFKBIZ/PSMA3/HMGB1",16
"GO:0030099","myeloid cell differentiation","33/811","268/12405",0.123134328358209,1.88345418407347,3.86696650970482,0.00032523068428733,0.00676181142076975,0.00676181142076975,"NPM1/NCKAP1L/LYN/IL20RA/SOCS1/BATF2/HIF1A/TNF/STAT1/TLR3/FSTL3/CEACAM1/LILRB1/SRP54/IL1B/IL1R2/CLPB/TNFAIP6/L3MBTL1/KMT2E/SNX10/MEF2C/IFI16/CCR1/LEO1/ISG15/UBD/EVI2B/ZFP36/IRF7/LILRB3/PTPN2/JAK2",33
"GO:0045637","regulation of myeloid cell differentiation","20/811","132/12405",0.151515151515152,2.31756529537047,4.02493066434024,0.000351653871081883,0.00725037486483237,0.00725037486483237,"NCKAP1L/LYN/HIF1A/TNF/STAT1/TLR3/FSTL3/CEACAM1/LILRB1/TNFAIP6/L3MBTL1/MEF2C/CCR1/LEO1/ISG15/EVI2B/ZFP36/IRF7/LILRB3/PTPN2",20
"GO:0019722","calcium-mediated signaling","22/811","152/12405",0.144736842105263,2.21388474268285,3.98247160433916,0.000353097570677151,0.00725037486483237,0.00725037486483237,"PTPRC/PLEK/CXCR4/CD22/CCR5/TNF/MCTP2/CXCR2/CMKLR1/LRRK2/ITPR2/RYR3/CCRL2/CCL20/PPP1R9A/CCR1/DMD/CXCL8/CXCR1/FCGR3A/CLEC7A/GBP1",22
"GO:0032727","positive regulation of interferon-alpha production","7/811","22/12405",0.318181818181818,4.86688712027799,4.80103151110598,0.000355846619132877,0.00725037486483237,0.00725037486483237,"TBK1/IFIH1/STAT1/TLR3/ZC3HAV1/IRF7/HMGB1",7
"GO:0060333","type II interferon-mediated signaling pathway","7/811","22/12405",0.318181818181818,4.86688712027799,4.80103151110598,0.000355846619132877,0.00725037486483237,0.00725037486483237,"IRF1/PARP14/STAT1/PARP9/SP100/PTPN2/JAK2",7
"GO:0002526","acute inflammatory response","12/811","59/12405",0.203389830508475,3.11103680327698,4.29866233516384,0.000362235510281415,0.00734382937510829,0.00734382937510829,"FFAR2/TNF/SAA1/PLSCR1/IL1B/SAA2/PTGS2/FCGR2A/FCGR3B/SERPINA1/FCGR3A/IL1RN",12
"GO:0097190","apoptotic signaling pathway","47/811","432/12405",0.108796296296296,1.66414063570352,3.71599476548287,0.000384532299687691,0.00773552915665012,0.00773552915665012,"S100A8/PPP1R15A/ATF3/CYLD/RPS7/CUL4A/HIF1A/ERO1A/TNF/TNFRSF1B/TLR3/CASP4/SLFN12/DDIT3/BCL3/TNFAIP3/ICAM1/CD38/RB1/LAPTM5/LRRK2/G0S2/IL1B/BIRC3/BCL2L14/TNFSF15/TRAF1/RPL26/PMAIP1/DNAJA1/PTGS2/PLAUR/TMEM117/IFI16/BCL2A1/CASP1/SOD2/NFKBIZ/BCLAF1/TNFSF10/IFI27/IFI6/SP100/FAS/PTPN2/CLEC7A/JAK2",47
"GO:0034165","positive regulation of toll-like receptor 9 signaling pathway","5/811","11/12405",0.454545454545455,6.95269588611142,5.22370869661028,0.000391047608900595,0.00773552915665012,0.00773552915665012,"LYN/SLC15A4/RSAD2/HMGB1/MSR1",5
"GO:0070673","response to interleukin-18","5/811","11/12405",0.454545454545455,6.95269588611142,5.22370869661028,0.000391047608900595,0.00773552915665012,0.00773552915665012,"CYLD/IL18RAP/CASP4/IL18R1/NFKBIZ",5
"GO:0071605","monocyte chemotactic protein-1 production","5/811","11/12405",0.454545454545455,6.95269588611142,5.22370869661028,0.000391047608900595,0.00773552915665012,0.00773552915665012,"OAS1/IL1B/OAS3/HMGB1/CLEC7A",5
"GO:0071637","regulation of monocyte chemotactic protein-1 production","5/811","11/12405",0.454545454545455,6.95269588611142,5.22370869661028,0.000391047608900595,0.00773552915665012,0.00773552915665012,"OAS1/IL1B/OAS3/HMGB1/CLEC7A",5
"GO:1904892","regulation of receptor signaling pathway via STAT","13/811","69/12405",0.188405797101449,2.88184206293894,4.14567444582963,0.000458893965450837,0.00903378217010705,0.00903378217010705,"PTPRC/SOCS1/USP1/PIAS1/PARP14/BCL3/IL12RB2/IL10RA/IL7R/IL2RG/GBP7/PTPN2/JAK2",13
"GO:2001235","positive regulation of apoptotic signaling pathway","15/811","87/12405",0.172413793103448,2.63722947404226,4.05297326229747,0.000470205882396353,0.0091613168990707,0.0091613168990707,"S100A8/ATF3/CYLD/RPS7/TNF/DDIT3/G0S2/BCL2L14/TNFSF15/RPL26/PMAIP1/BCLAF1/TNFSF10/FAS/PTPN2",15
"GO:0032611","interleukin-1 beta production","14/811","78/12405",0.179487179487179,2.74542350374656,4.08972476247718,0.000472116944491987,0.0091613168990707,0.0091613168990707,"EGR1/TNF/CARD16/AIM2/TNFAIP3/IL1B/IL1R2/NAIP/IFI16/CASP1/GBP5/HMGB1/CLEC7A/JAK2",14
"GO:0032651","regulation of interleukin-1 beta production","14/811","78/12405",0.179487179487179,2.74542350374656,4.08972476247718,0.000472116944491987,0.0091613168990707,0.0091613168990707,"EGR1/TNF/CARD16/AIM2/TNFAIP3/IL1B/IL1R2/NAIP/IFI16/CASP1/GBP5/HMGB1/CLEC7A/JAK2",14
"GO:0042509","regulation of tyrosine phosphorylation of STAT protein","7/811","23/12405",0.304347826086957,4.65528333243982,4.64049407140486,0.000482920864406194,0.00932655223912436,0.00932655223912436,"PARP14/PARP9/IL10RA/IL7R/IL2RG/PTPN2/JAK2",7
"GO:0006935","chemotaxis","36/811","308/12405",0.116883116883117,1.78783608500008,3.70294315039541,0.000487743275277714,0.00933123871716753,0.00933123871716753,"S100A8/FFAR2/NCKAP1L/LYN/THBS4/CXCR4/CCL2/TYMP/SEMA7A/CCR5/CXCL2/AIF1/RALA/CXCR2/ANGPT1/CMKLR1/SAA1/CXCL10/CXCL1/SRP54/PROK2/TNFAIP6/CXCL11/BIN2/PLAUR/CXCL9/TREM1/CCRL2/STAP1/CCL20/CCR1/MOSPD2/CXCL8/CXCR1/HMGB1/PTPN2",36
"GO:0042330","taxis","36/811","308/12405",0.116883116883117,1.78783608500008,3.70294315039541,0.000487743275277714,0.00933123871716753,0.00933123871716753,"S100A8/FFAR2/NCKAP1L/LYN/THBS4/CXCR4/CCL2/TYMP/SEMA7A/CCR5/CXCL2/AIF1/RALA/CXCR2/ANGPT1/CMKLR1/SAA1/CXCL10/CXCL1/SRP54/PROK2/TNFAIP6/CXCL11/BIN2/PLAUR/CXCL9/TREM1/CCRL2/STAP1/CCL20/CCR1/MOSPD2/CXCL8/CXCR1/HMGB1/PTPN2",36
"GO:0006953","acute-phase response","8/811","30/12405",0.266666666666667,4.07891491985203,4.46540001568619,0.000518424312226195,0.00987186482393338,0.00987186482393338,"TNF/SAA1/PLSCR1/IL1B/SAA2/PTGS2/SERPINA1/IL1RN",8
"GO:0010803","regulation of tumor necrosis factor-mediated signaling pathway","11/811","53/12405",0.207547169811321,3.17462717818673,4.1959351045268,0.000526620207782494,0.00997972577831656,0.00997972577831655,"GPS2/CYLD/TANK/CARD16/CASP4/TNFAIP3/LAPTM5/MIR1246/NAIP/CASP1/PTPN2",11
"GO:0043065","positive regulation of apoptotic process","42/811","379/12405",0.110817941952507,1.69506358806516,3.63461321292455,0.000531342191904973,0.00997972577831656,0.00997972577831655,"S100A8/PPID/LYN/ATF3/CYLD/RPS7/CCL2/TNF/CD274/TNFRSF1B/CASP4/MNDA/IFIT2/STK17A/DDIT3/OMA1/HCAR2/STK17B/LILRB1/G0S2/BCL2L14/TNFSF15/GADD45B/RPL26/FCAR/PMAIP1/DNAJA1/ZBP1/MEF2C/BCL2A1/CASP1/SOD2/CASP5/TNFAIP8/BCLAF1/UBD/TNFSF10/IRF8/FAS/HMGB1/PTPN2/JAK2",42
"GO:0007249","canonical NF-kappaB signal transduction","35/811","298/12405",0.11744966442953,1.7965019571496,3.68087751408359,0.000531435704023237,0.00997972577831656,0.00997972577831655,"NPM1/NAMPT/IFIT5/CYLD/TBK1/ECM1/PRKCB/TNF/NFKBIA/TANK/STAT1/TLR3/MIER1/CARD16/TRIM25/BCL3/TRIM5/TNFAIP3/IL1B/BIRC3/NKIRAS1/TNFSF15/TRAF1/NFKBIL1/ZC3HAV1/GBP7/TRIM22/BST2/CASP1/UBD/EIF2AK2/TNFSF10/CARD10/PELI1/CLEC7A",35
"GO:1903039","positive regulation of leukocyte cell-cell adhesion","25/811","189/12405",0.132275132275132,2.02327128960914,3.74914154463509,0.000584489290876114,0.0109256599097255,0.0109256599097255,"PTPRC/NCKAP1L/LYN/ZBTB1/TESPA1/SOCS1/CCL2/TNF/AIF1/CD274/IL12RB2/DOCK8/RASGRP1/B2M/IL1B/CD86/IL7R/BMI1/IL2RG/SIRPB1/GPR65/HSPH1/NFKBIZ/HMGB1/JAK2",25
"GO:0036230","granulocyte activation","9/811","38/12405",0.236842105263158,3.62272048802648,4.28239067456131,0.000608145085623592,0.0112477909493135,0.0112477909493135,"TNF/CXCR2/FCER1G/CD177/FCAR/KMT2E/CD300A/CXCL8/CXCR1",9
"GO:0035710","CD4-positive, alpha-beta T cell activation","17/811","108/12405",0.157407407407407,2.40769283463488,3.88592889056266,0.00061000289565602,0.0112477909493135,0.0112477909493135,"NCKAP1L/PSMA2/SOCS1/TBK1/LY9/IL18RAP/CD274/CD69/IL18R1/RSAD2/CD86/PSMA4/GPR65/STAT4/NFKBIZ/PSMA3/HMGB1",17
"GO:0046632","alpha-beta T cell differentiation","17/811","108/12405",0.157407407407407,2.40769283463488,3.88592889056266,0.00061000289565602,0.0112477909493135,0.0112477909493135,"NCKAP1L/PSMA2/SOCS1/TBK1/LY9/IL18RAP/CD69/IL18R1/RSAD2/CD86/PSMA4/GPR65/STAT4/PRDM1/NFKBIZ/PSMA3/HMGB1",17
"GO:0032623","interleukin-2 production","11/811","54/12405",0.203703703703704,3.11583778599808,4.12100219361104,0.000622952956495727,0.0113327379362504,0.0113327379362504,"PTPRC/PSMA2/TNFAIP3/LAPTM5/IL1B/CD86/PSMA4/ZFP36/PSMA3/CLEC7A/GBP1",11
"GO:0032663","regulation of interleukin-2 production","11/811","54/12405",0.203703703703704,3.11583778599808,4.12100219361104,0.000622952956495727,0.0113327379362504,0.0113327379362504,"PTPRC/PSMA2/TNFAIP3/LAPTM5/IL1B/CD86/PSMA4/ZFP36/PSMA3/CLEC7A/GBP1",11
"GO:0060760","positive regulation of response to cytokine stimulus","11/811","54/12405",0.203703703703704,3.11583778599808,4.12100219361104,0.000622952956495727,0.0113327379362504,0.0113327379362504,"TBK1/CXCR4/IFIH1/HIF1A/PARP14/CASP4/PARP9/LAPTM5/MIR1246/ZBP1/CASP1",11
"GO:0002765","immune response-inhibiting signal transduction","5/811","12/12405",0.416666666666667,6.3733045622688,4.92513924371129,0.000634407864237907,0.011438991357387,0.011438991357387,"LYN/LILRA6/LILRB1/FCAR/LILRB3",5
"GO:0002767","immune response-inhibiting cell surface receptor signaling pathway","5/811","12/12405",0.416666666666667,6.3733045622688,4.92513924371129,0.000634407864237907,0.011438991357387,0.011438991357387,"LYN/LILRA6/LILRB1/FCAR/LILRB3",5
"GO:0036037","CD8-positive, alpha-beta T cell activation","8/811","31/12405",0.258064516129032,3.94733701921165,4.34540488167744,0.000659203041092258,0.0118337109799601,0.0118337109799601,"NCKAP1L/IRF1/PSMA2/SOCS1/CD274/LILRB1/PSMA4/PSMA3",8
"GO:0002710","negative regulation of T cell mediated immunity","6/811","18/12405",0.333333333333333,5.09864364981504,4.60222664550171,0.00071998301430946,0.0128681174706625,0.0128681174706625,"PTPRC/NCKAP1L/LAG3/CD274/CEACAM1/LILRB1",6
"GO:0045619","regulation of lymphocyte differentiation","22/811","161/12405",0.136645962732919,2.09012721048319,3.68216389743323,0.000787126831716378,0.0140067329224639,0.0140067329224639,"NCKAP1L/IRF1/PSMA2/ZBTB1/TESPA1/SOCS1/LAG3/CD69/CD2/RASGRP1/CD86/IL7R/IL2RG/PSMA4/GPR65/PRDM1/IKZF3/NFKBIZ/SPINK5/PSMA3/HMGB1/PTPN2",22
"GO:0050671","positive regulation of lymphocyte proliferation","14/811","82/12405",0.170731707317073,2.61150040600283,3.87216432218768,0.000795430418881652,0.0140929519867075,0.0140929519867075,"PTPRC/NCKAP1L/AIF1/CD274/TNFSF13B/CD38/IL12RB2/IL1B/CD86/BMI1/MEF2C/FCGR3A/HMGB1/JAK2",14
"GO:0002224","toll-like receptor signaling pathway","13/811","73/12405",0.178082191780822,2.7239329088053,3.90696652377314,0.00080434515205923,0.0141892056045081,0.0141892056045081,"S100A8/GPS2/IRF1/CD274/TLR3/HSP90B1/LY96/BIRC3/NFKBIL1/CD300A/GDI1/NFKBIZ/IRF7",13
"GO:0045063","T-helper 1 cell differentiation","8/811","32/12405",0.25,3.82398273736128,4.23032932776331,0.000829241935895157,0.0145653486585033,0.0145653486585033,"PSMA2/IL18RAP/IL18R1/PSMA4/STAT4/NFKBIZ/PSMA3/HMGB1",8
"GO:0032607","interferon-alpha production","7/811","25/12405",0.28,4.28286066584464,4.34547034271093,0.000844109241226222,0.0146997656324652,0.0146997656324652,"TBK1/IFIH1/STAT1/TLR3/ZC3HAV1/IRF7/HMGB1",7
"GO:0032647","regulation of interferon-alpha production","7/811","25/12405",0.28,4.28286066584464,4.34547034271093,0.000844109241226222,0.0146997656324652,0.0146997656324652,"TBK1/IFIH1/STAT1/TLR3/ZC3HAV1/IRF7/HMGB1",7
"GO:0032732","positive regulation of interleukin-1 production","11/811","56/12405",0.196428571428571,3.00455786506958,3.97622886315405,0.000859907362218932,0.0149111595789028,0.0149111595789028,"EGR1/TNF/SAA1/AIM2/NAIP/IFI16/CASP1/GBP5/HMGB1/CLEC7A/JAK2",11
"GO:0032946","positive regulation of mononuclear cell proliferation","14/811","83/12405",0.168674698795181,2.58003654568954,3.81979656621827,0.000900540575099389,0.0155495883200424,0.0155495883200424,"PTPRC/NCKAP1L/AIF1/CD274/TNFSF13B/CD38/IL12RB2/IL1B/CD86/BMI1/MEF2C/FCGR3A/HMGB1/JAK2",14
"GO:0007204","positive regulation of cytosolic calcium ion concentration","15/811","93/12405",0.161290322580645,2.46708563700728,3.75584182595524,0.000968343637997232,0.0166497904001634,0.0166497904001634,"CYSLTR1/CXCR4/CCL2/CCR5/CXCR2/CMKLR1/SAA1/CD38/PROK2/CCRL2/CCR1/CXCL8/CXCR1/HMGB1/JAK2",15
"GO:0043331","response to dsRNA","6/811","19/12405",0.315789473684211,4.8302939840353,4.41893922760869,0.000994592062052382,0.0169580027316463,0.0169580027316463,"OAS1/IFIH1/TLR3/PMAIP1/OAS3/IFIT1",6
"GO:0050869","negative regulation of B cell activation","6/811","19/12405",0.315789473684211,4.8302939840353,4.41893922760869,0.000994592062052382,0.0169580027316463,0.0169580027316463,"LYN/MNDA/TNFAIP3/LAPTM5/SAMSN1/CD300A",6
"GO:0097191","extrinsic apoptotic signaling pathway","22/811","164/12405",0.134146341463415,2.05189317614508,3.58640862818792,0.00101005940696072,0.0171499670140205,0.0171499670140205,"ATF3/CYLD/TNF/TNFRSF1B/TLR3/TNFAIP3/ICAM1/G0S2/IL1B/BIRC3/BCL2L14/TNFSF15/TRAF1/PMAIP1/BCL2A1/NFKBIZ/TNFSF10/IFI27/IFI6/SP100/FAS/JAK2",22
"GO:0043122","regulation of canonical NF-kappaB signal transduction","33/811","286/12405",0.115384615384615,1.76491510955136,3.4612862842004,0.0010295975133051,0.0174091695714451,0.0174091695714451,"NAMPT/IFIT5/CYLD/TBK1/ECM1/PRKCB/TNF/NFKBIA/TANK/STAT1/TLR3/MIER1/CARD16/TRIM25/TRIM5/TNFAIP3/IL1B/BIRC3/NKIRAS1/TNFSF15/TRAF1/NFKBIL1/ZC3HAV1/GBP7/TRIM22/BST2/CASP1/UBD/EIF2AK2/TNFSF10/CARD10/PELI1/CLEC7A",33
"GO:0001961","positive regulation of cytokine-mediated signaling pathway","10/811","49/12405",0.204081632653061,3.12161856111125,3.93551030812419,0.0010743655049732,0.0179427845605155,0.0179427845605155,"TBK1/CXCR4/HIF1A/PARP14/CASP4/PARP9/LAPTM5/MIR1246/ZBP1/CASP1",10
"GO:0032731","positive regulation of interleukin-1 beta production","10/811","49/12405",0.204081632653061,3.12161856111125,3.93551030812419,0.0010743655049732,0.0179427845605155,0.0179427845605155,"EGR1/TNF/AIM2/NAIP/IFI16/CASP1/GBP5/HMGB1/CLEC7A/JAK2",10
"GO:0042088","T-helper 1 type immune response","10/811","49/12405",0.204081632653061,3.12161856111125,3.93551030812419,0.0010743655049732,0.0179427845605155,0.0179427845605155,"PSMA2/IL18RAP/IL18R1/IL12RB2/IL1B/PSMA4/STAT4/NFKBIZ/PSMA3/HMGB1",10
"GO:0070555","response to interleukin-1","15/811","94/12405",0.159574468085106,2.44084004512422,3.70858031956738,0.00108422792187999,0.0180335868639222,0.0180335868639222,"HIF1A/CCL2/EGR1/NFKBIA/TANK/GBP3/GBP2/CD38/IL1B/IL1R2/ZBP1/RPS6KA4/CXCL8/IL1RN/GBP1",15
"GO:0097028","dendritic cell differentiation","7/811","26/12405",0.269230769230769,4.11813525561984,4.20933509324426,0.00109070325331006,0.0180675437286118,0.0180675437286118,"LYN/IL20RA/BATF2/LILRB1/UBD/IRF8/HMGB1",7
"GO:0007162","negative regulation of cell adhesion","27/811","221/12405",0.122171945701357,1.86873364540732,3.4463746828342,0.0012362081525841,0.0203126944426622,0.0203126944426622,"PTPRC/IRF1/PSMA2/PAG1/SOCS1/LAG3/MAD2L2/CD274/CD69/BTN2A2/CD164/ANGPT1/CEACAM1/LILRB1/LAPTM5/CD86/CD300A/ADAMDEC1/ILDR2/PSMA4/MUC21/PSMA3/HMGB1/IL1RN/PTPN2/GBP1/JAK2",27
"GO:0022409","positive regulation of cell-cell adhesion","27/811","221/12405",0.122171945701357,1.86873364540732,3.4463746828342,0.0012362081525841,0.0203126944426622,0.0203126944426622,"PTPRC/NCKAP1L/LYN/ZBTB1/TESPA1/SOCS1/CCL2/TNF/AIF1/CD274/FSTL3/IL12RB2/DOCK8/RASGRP1/B2M/IL1B/CD86/IL7R/BMI1/IL2RG/SIRPB1/PLAUR/GPR65/HSPH1/NFKBIZ/HMGB1/JAK2",27
"GO:0002228","natural killer cell mediated immunity","10/811","50/12405",0.2,3.05918618988903,3.85863680207233,0.00126574676065939,0.0207145303200282,0.0207145303200282,"GSDMB/CD2/CEACAM1/LILRB1/RASGRP1/B2M/GZMB/NFKBIZ/SLAMF7/FCGR3A",10
"GO:0150077","regulation of neuroinflammatory response","8/811","34/12405",0.235294117647059,3.59904257634003,4.01351700060583,0.00127431975005386,0.0207714119258779,0.0207714119258779,"PTPRC/TNF/TNFRSF1B/LRRK2/IL1B/PTGS2/STAP1/CCR1",8
"GO:0002407","dendritic cell chemotaxis","6/811","20/12405",0.3,4.58877928483354,4.24803806518184,0.001343054036726,0.021593068795843,0.021593068795843,"CXCR4/CCR5/CXCR2/CCR1/CXCR1/HMGB1",6
"GO:0060339","negative regulation of type I interferon-mediated signaling pathway","6/811","20/12405",0.3,4.58877928483354,4.24803806518184,0.001343054036726,0.021593068795843,0.021593068795843,"OAS1/STAT2/USP18/ISG15/OAS3/PTPN2",6
"GO:0002444","myeloid leukocyte mediated immunity","13/811","77/12405",0.168831168831169,2.58242990055567,3.68381819046446,0.00134592379733598,0.021593068795843,0.021593068795843,"LYN/FGR/MILR1/DAO/CD177/FCAR/KMT2E/CD300A/FCGR2A/TREM1/STAP1/FCGR3B/FCGR3A",13
"GO:0002698","negative regulation of immune effector process","13/811","77/12405",0.168831168831169,2.58242990055567,3.68381819046446,0.00134592379733598,0.021593068795843,0.021593068795843,"PTPRC/NCKAP1L/LAG3/CD22/TNF/CD274/CD69/SERPING1/CEACAM1/LILRB1/CD300A/BST2/SPINK5",13
"GO:0042129","regulation of T cell proliferation","15/811","96/12405",0.15625,2.3899892108508,3.61584926657123,0.00135130186469226,0.0215943337200822,0.0215943337200822,"PTPRC/NCKAP1L/IRF1/AIF1/CD274/BTN2A2/TNFRSF1B/IL12RB2/LILRB1/LAPTM5/IL1B/CD86/BMI1/HMGB1/JAK2",15
"GO:0002706","regulation of lymphocyte mediated immunity","16/811","106/12405",0.150943396226415,2.30881976595398,3.57908930421473,0.00138224714034335,0.0220025667847622,0.0220025667847622,"PTPRC/NCKAP1L/ZBTB1/LAG3/MAD2L2/CD274/TNFRSF1B/IL18R1/SLC15A4/CEACAM1/LILRB1/RASGRP1/B2M/RSAD2/IL1B/HMGB1",16
"GO:0032814","regulation of natural killer cell activation","7/811","27/12405",0.259259259259259,3.96561172763392,4.07986310629299,0.00139045471924685,0.0220470933110153,0.0220470933110153,"ZBTB1/FGR/CUL4A/IL12RB2/RASGRP1/PRDM1/FCGR3A",7
"GO:0001779","natural killer cell differentiation","5/811","14/12405",0.357142857142857,5.46283248194469,4.41871592999104,0.00143663027436314,0.0226033527723158,0.0226033527723158,"PTPRC/ZBTB1/RASGRP1/NFIL3/PRDM1",5
"GO:2001185","regulation of CD8-positive, alpha-beta T cell activation","5/811","14/12405",0.357142857142857,5.46283248194469,4.41871592999104,0.00143663027436314,0.0226033527723158,0.0226033527723158,"NCKAP1L/IRF1/SOCS1/CD274/LILRB1",5
"GO:0045638","negative regulation of myeloid cell differentiation","10/811","51/12405",0.196078431372549,2.99920214695003,3.78366481944241,0.00148400726822503,0.0232589600692962,0.0232589600692962,"LYN/TLR3/FSTL3/CEACAM1/LILRB1/TNFAIP6/LEO1/ZFP36/LILRB3/PTPN2",10
"GO:0030183","B cell differentiation","15/811","97/12405",0.154639175257732,2.36535014682141,3.57035025209098,0.00150429181063494,0.0234865483844343,0.0234865483844343,"PTPRC/GPS2/NCKAP1L/DOCK11/TNFSF13B/LAPTM5/DOCK10/HDAC9/IKZF3/NFKBIZ/JMJD1C/IRF8/SMC4/CFB/PTPN2",15
"GO:0002762","negative regulation of myeloid leukocyte differentiation","8/811","35/12405",0.228571428571429,3.4962127884446,3.9111586613428,0.00155875388625451,0.0240535147664083,0.0240535147664083,"LYN/TLR3/FSTL3/CEACAM1/LILRB1/TNFAIP6/LILRB3/PTPN2",8
"GO:0070266","necroptotic process","8/811","35/12405",0.228571428571429,3.4962127884446,3.9111586613428,0.00155875388625451,0.0240535147664083,0.0240535147664083,"CYLD/MLKL/TNF/TLR3/BIRC3/ZBP1/PELI1/FAS",8
"GO:0002367","cytokine production involved in immune response","12/811","69/12405",0.173913043478261,2.66016190425133,3.65731583852789,0.00156421629769281,0.0240535147664083,0.0240535147664083,"FFAR2/SEMA7A/TNF/TNFRSF1B/IL18R1/LILRB1/LAPTM5/B2M/RSAD2/IL1B/BST2/CLEC7A",12
"GO:0002718","regulation of cytokine production involved in immune response","12/811","69/12405",0.173913043478261,2.66016190425133,3.65731583852789,0.00156421629769281,0.0240535147664083,0.0240535147664083,"FFAR2/SEMA7A/TNF/TNFRSF1B/IL18R1/LILRB1/LAPTM5/B2M/RSAD2/IL1B/BST2/CLEC7A",12
"GO:0007260","tyrosine phosphorylation of STAT protein","7/811","28/12405",0.25,3.82398273736128,3.95647126304949,0.0017508165501539,0.0267926740859624,0.0267926740859624,"PARP14/PARP9/IL10RA/IL7R/IL2RG/PTPN2/JAK2",7
"GO:0097193","intrinsic apoptotic signaling pathway","29/811","249/12405",0.116465863453815,1.78145380535706,3.29444526222174,0.00175549545544834,0.0267926740859624,0.0267926740859624,"S100A8/PPP1R15A/CYLD/RPS7/CUL4A/HIF1A/ERO1A/TNF/TNFRSF1B/CASP4/DDIT3/BCL3/LAPTM5/LRRK2/BIRC3/RPL26/PMAIP1/DNAJA1/PTGS2/PLAUR/TMEM117/IFI16/BCL2A1/SOD2/BCLAF1/IFI27/IFI6/PTPN2/JAK2",29
"GO:0043123","positive regulation of canonical NF-kappaB signal transduction","25/811","204/12405",0.122549019607843,1.87450134184377,3.33083031161979,0.00176485999095742,0.026835091280416,0.026835091280416,"NAMPT/IFIT5/TBK1/ECM1/PRKCB/TNF/TLR3/MIER1/CARD16/TRIM25/TRIM5/IL1B/BIRC3/TNFSF15/TRAF1/ZC3HAV1/TRIM22/BST2/CASP1/UBD/EIF2AK2/TNFSF10/CARD10/PELI1/CLEC7A",25
"GO:0050730","regulation of peptidyl-tyrosine phosphorylation","11/811","61/12405",0.180327868852459,2.75828263022781,3.6408291918758,0.00179216382702489,0.0271489501677562,0.0271489501677562,"THBS4/PARP14/ANGPT1/PARP9/SAMSN1/IL10RA/SNX6/IL7R/IL2RG/PTPN2/JAK2",11
"GO:0002820","negative regulation of adaptive immune response","9/811","44/12405",0.204545454545455,3.12871314875014,3.74103124682076,0.00185941107963235,0.0279597791494533,0.0279597791494533,"PTPRC/NCKAP1L/LAG3/CD274/CD69/CEACAM1/IL12RB2/LILRB1/SAMSN1",9
"GO:0045581","negative regulation of T cell differentiation","9/811","44/12405",0.204545454545455,3.12871314875014,3.74103124682076,0.00185941107963235,0.0279597791494533,0.0279597791494533,"IRF1/PSMA2/SOCS1/LAG3/CD69/PSMA4/PSMA3/HMGB1/PTPN2",9
"GO:0002702","positive regulation of production of molecular mediator of immune response","13/811","80/12405",0.1625,2.48558877928483,3.525533111528,0.00192686810811971,0.0287618591230324,0.0287618591230324,"PTPRC/FFAR2/SEMA7A/TNF/MAD2L2/IL18R1/LILRB1/LAPTM5/B2M/RSAD2/IL1B/CD86/CLEC7A",13
"GO:0042093","T-helper cell differentiation","13/811","80/12405",0.1625,2.48558877928483,3.525533111528,0.00192686810811971,0.0287618591230324,0.0287618591230324,"PSMA2/TBK1/LY9/IL18RAP/CD69/IL18R1/CD86/PSMA4/GPR65/STAT4/NFKBIZ/PSMA3/HMGB1",13
"GO:0033032","regulation of myeloid cell apoptotic process","5/811","15/12405",0.333333333333333,5.09864364981504,4.20073025879634,0.00203994808698432,0.0303386439943836,0.0303386439943836,"CCR5/HCAR2/FCAR/MEF2C/IRF7",5
"GO:0050860","negative regulation of T cell receptor signaling pathway","7/811","29/12405",0.241379310344828,3.69212126365917,3.83864654330304,0.00217966584222219,0.0322986847529287,0.0322986847529287,"LAG3/CD274/CEACAM1/LAPTM5/DGKZ/PTPN2/GBP1",7
"GO:0042267","natural killer cell mediated cytotoxicity","9/811","45/12405",0.2,3.05918618988903,3.65988379493965,0.00219207644897437,0.0323648968462702,0.0323648968462702,"GSDMB/CD2/CEACAM1/LILRB1/RASGRP1/GZMB/NFKBIZ/SLAMF7/FCGR3A",9
"GO:2001238","positive regulation of extrinsic apoptotic signaling pathway","8/811","37/12405",0.216216216216216,3.30722831339354,3.71720364365279,0.00227713520139738,0.0334993716451059,0.0334993716451059,"ATF3/CYLD/TNF/G0S2/BCL2L14/TNFSF15/PMAIP1/TNFSF10",8
"GO:0070670","response to interleukin-4","6/811","22/12405",0.272727272727273,4.17161753166685,3.93780196759766,0.00231058000946763,0.0337477187762746,0.0337477187762746,"PTPRC/IL20RA/PARP14/RUFY4/IL2RG/PTPN2",6
"GO:0071353","cellular response to interleukin-4","6/811","22/12405",0.272727272727273,4.17161753166685,3.93780196759766,0.00231058000946763,0.0337477187762746,0.0337477187762746,"PTPRC/IL20RA/PARP14/RUFY4/IL2RG/PTPN2",6
"GO:0050728","negative regulation of inflammatory response","18/811","133/12405",0.135338345864662,2.07012599315799,3.28154011904535,0.00253683835577067,0.0369200582134481,0.0369200582134481,"PTPRC/GPS2/LYN/FGR/CYLD/CD69/TNFRSF1B/IL18R1/SAA1/TNFAIP3/RB1/TEK/IL10RA/IL1B/IL1R2/TNFAIP6/IL1RN/PTPN2",18
"GO:0051098","regulation of binding","12/811","73/12405",0.164383561643836,2.51439960812797,3.43209909292321,0.0025679411117905,0.0372397154111968,0.0372397154111968,"JUN/MITD1/DTX3L/TRIM21/PARP9/ZC4H2/RB1/TXN/PLAUR/CCRL2/IFI16/HMGB1",12
"GO:0050832","defense response to fungus","7/811","30/12405",0.233333333333333,3.56905055487053,3.72593549566767,0.00268526109048184,0.0388029749777074,0.0388029749777074,"RNASE7/S100A8/CLEC4E/ZBP1/USP15/GNLY/CLEC7A",7
"GO:0060338","regulation of type I interferon-mediated signaling pathway","8/811","38/12405",0.210526315789474,3.22019598935687,3.62514672986544,0.00272219923227039,0.0391863856291846,0.0391863856291846,"OAS1/TBK1/STAT2/USP18/ZBP1/ISG15/OAS3/PTPN2",8
"GO:0002544","chronic inflammatory response","4/811","10/12405",0.4,6.11837237977805,4.2823609631942,0.00276949179416077,0.0391863856291846,0.0391863856291846,"S100A8/TNF/TNFAIP3/NFKBIZ",4
"GO:0039530","MDA-5 signaling pathway","4/811","10/12405",0.4,6.11837237977805,4.2823609631942,0.00276949179416077,0.0391863856291846,0.0391863856291846,"IFIH1/DDX60/OAS3/IRF7",4
"GO:0050859","negative regulation of B cell receptor signaling pathway","4/811","10/12405",0.4,6.11837237977805,4.2823609631942,0.00276949179416077,0.0391863856291846,0.0391863856291846,"GPS2/LYN/CD22/CD300A",4
"GO:0070671","response to interleukin-12","4/811","10/12405",0.4,6.11837237977805,4.2823609631942,0.00276949179416077,0.0391863856291846,0.0391863856291846,"IL12RB2/STAT4/NFKBIZ/JAK2",4
"GO:0071360","cellular response to exogenous dsRNA","4/811","10/12405",0.4,6.11837237977805,4.2823609631942,0.00276949179416077,0.0391863856291846,0.0391863856291846,"OAS1/IFIH1/OAS3/IFIT1",4
"GO:0032897","negative regulation of viral transcription","5/811","16/12405",0.3125,4.7799784217016,4.00134357252116,0.00280913513754604,0.0392028276900689,0.0392028276900689,"LARP7/TRIM21/IFITM3/ZFP36/SP100",5
"GO:0034163","regulation of toll-like receptor 9 signaling pathway","5/811","16/12405",0.3125,4.7799784217016,4.00134357252116,0.00280913513754604,0.0392028276900689,0.0392028276900689,"LYN/SLC15A4/RSAD2/HMGB1/MSR1",5
"GO:0043330","response to exogenous dsRNA","5/811","16/12405",0.3125,4.7799784217016,4.00134357252116,0.00280913513754604,0.0392028276900689,0.0392028276900689,"OAS1/IFIH1/TLR3/OAS3/IFIT1",5
"GO:0150078","positive regulation of neuroinflammatory response","5/811","16/12405",0.3125,4.7799784217016,4.00134357252116,0.00280913513754604,0.0392028276900689,0.0392028276900689,"TNF/LRRK2/IL1B/STAP1/CCR1",5
"GO:1901222","regulation of non-canonical NF-kappaB signal transduction","12/811","74/12405",0.162162162162162,2.48042123504516,3.37813246091181,0.00288716650290903,0.0401542781547928,0.0401542781547928,"CYLD/NMI/TNF/TRIM21/BCL3/IL18R1/LAPTM5/IL1B/CD86/TRAF1/EIF2AK2/HMGB1",12
"GO:0050732","negative regulation of peptidyl-tyrosine phosphorylation","6/811","23/12405",0.260869565217391,3.99024285637699,3.79620483149143,0.00295563617831284,0.0406899237385974,0.0406899237385974,"PARP14/SAMSN1/SNX6/IL7R/IL2RG/PTPN2",6
"GO:0090025","regulation of monocyte chemotaxis","6/811","23/12405",0.260869565217391,3.99024285637699,3.79620483149143,0.00295563617831284,0.0406899237385974,0.0406899237385974,"LYN/AIF1/CXCL10/CCR1/MOSPD2/HMGB1",6
"GO:0110156","mRNA methylguanosine-cap decapping","6/811","23/12405",0.260869565217391,3.99024285637699,3.79620483149143,0.00295563617831284,0.0406899237385974,0.0406899237385974,"PATL1/LSM5/NUDT12/XRN1/ZFP36/LSM3",6
"GO:0039531","regulation of cytoplasmic pattern recognition receptor signaling pathway","16/811","114/12405",0.140350877192982,2.14679732623791,3.25327028134185,0.00297073809205658,0.0407601270206416,0.0407601270206416,"OASL/LYN/TNFAIP3/GBP2/SLC15A4/RSAD2/BIRC3/ZC3HAV1/IFI16/USP15/DDX60/NEK7/EIF2AK2/GBP5/HMGB1/MSR1",16
"GO:0150076","neuroinflammatory response","11/811","65/12405",0.169230769230769,2.58854216067533,3.39603769427811,0.00302480272574069,0.0413626547227964,0.0413626547227964,"PTPRC/TNF/AIF1/TNFRSF1B/ZEB2/LRRK2/IL1B/PTGS2/STAP1/CCR1/JAK2",11
"GO:0038094","Fc-gamma receptor signaling pathway","7/811","31/12405",0.225806451612903,3.45391989181019,3.6179355830741,0.00327619468822047,0.0445016445149947,0.0445016445149947,"LYN/FGR/FCER1G/NOS2/FCGR2A/FCGR3B/FCGR3A",7
"GO:0043029","T cell homeostasis","7/811","31/12405",0.225806451612903,3.45391989181019,3.6179355830741,0.00327619468822047,0.0445016445149947,0.0445016445149947,"NCKAP1L/PSMA2/AIM2/PMAIP1/PSMA4/PSMA3/FAS",7
"GO:0010721","negative regulation of cell development","20/811","158/12405",0.126582278481013,1.936193791069,3.13223327502934,0.00335373364905078,0.0454035369431293,0.0454035369431293,"LYN/IRF1/PSMA2/SOCS1/LAG3/TNF/CD69/TLR3/FSTL3/CEACAM1/LILRB1/B2M/IL1B/TNFAIP6/PSMA4/GDI1/PSMA3/HMGB1/LILRB3/PTPN2",20
"GO:0002752","cell surface pattern recognition receptor signaling pathway","11/811","66/12405",0.166666666666667,2.54932182490752,3.3377075586496,0.00342061988430309,0.0461557153262752,0.0461557153262752,"OAS1/FFAR2/LYN/PIK3AP1/TBK1/NMI/NFKBIA/TNFAIP3/LY96/HMGB1/CLEC7A",11
"GO:0002312","B cell activation involved in immune response","9/811","48/12405",0.1875,2.86798705302096,3.42935634473241,0.00348131425071967,0.0465126412186316,0.0465126412186316,"NBN/MAD2L2/DOCK11/GAPT/SLC15A4/DOCK10/NFKBIZ/JMJD1C/IRF8",9
"GO:0045620","negative regulation of lymphocyte differentiation","9/811","48/12405",0.1875,2.86798705302096,3.42935634473241,0.00348131425071967,0.0465126412186316,0.0465126412186316,"IRF1/PSMA2/SOCS1/LAG3/CD69/PSMA4/PSMA3/HMGB1/PTPN2",9
"GO:1901224","positive regulation of non-canonical NF-kappaB signal transduction","9/811","48/12405",0.1875,2.86798705302096,3.42935634473241,0.00348131425071967,0.0465126412186316,0.0465126412186316,"NMI/TNF/TRIM21/IL18R1/LAPTM5/IL1B/CD86/EIF2AK2/HMGB1",9
"GO:0042102","positive regulation of T cell proliferation","10/811","57/12405",0.175438596491228,2.68349665779739,3.36919411809588,0.00351969117946228,0.0468717044323817,0.0468717044323817,"PTPRC/NCKAP1L/AIF1/CD274/IL12RB2/IL1B/CD86/BMI1/HMGB1/JAK2",10
"GO:0002685","regulation of leukocyte migration","20/811","159/12405",0.125786163522013,1.92401647162832,3.10138588183758,0.00360794037600476,0.047890413785731,0.047890413785731,"NCKAP1L/LYN/THBS4/CCL2/TNF/AIF1/CD69/CMKLR1/ICAM1/DOCK8/CXCL10/TNFAIP6/CD300A/PLVAP/STAP1/CCL20/CCR1/MOSPD2/CXCL8/HMGB1",20
"GO:0009408","response to heat","12/811","76/12405",0.157894736842105,2.41514699201765,3.27279708975667,0.00362214214598917,0.0479228222237203,0.0479228222237203,"CRNN/LYN/CHORDC1/HSP90AB4P/DNAJB4/CXCL10/PSIP1/HSP90AA1/CLPB/DNAJA1/TPR/HDAC6",12
"GO:0036336","dendritic cell migration","6/811","24/12405",0.25,3.82398273736128,3.66238886172611,0.00372628780134351,0.0490561754163109,0.0490561754163109,"CXCR4/CCR5/CXCR2/CCR1/CXCR1/HMGB1",6
"GO:0002281","macrophage activation involved in immune response","5/811","17/12405",0.294117647058824,4.49880322042504,3.81784276042064,0.0037679958049829,0.0490561754163109,0.0490561754163109,"NMI/TNF/DYSF/IL1B/HMGB1",5
"GO:0032703","negative regulation of interleukin-2 production","5/811","17/12405",0.294117647058824,4.49880322042504,3.81784276042064,0.0037679958049829,0.0490561754163109,0.0490561754163109,"PTPRC/TNFAIP3/LAPTM5/ZFP36/GBP1",5
"GO:0039535","regulation of RIG-I signaling pathway","5/811","17/12405",0.294117647058824,4.49880322042504,3.81784276042064,0.0037679958049829,0.0490561754163109,0.0490561754163109,"OASL/BIRC3/ZC3HAV1/USP15/DDX60",5
"GO:0046597","host-mediated suppression of symbiont invasion","5/811","17/12405",0.294117647058824,4.49880322042504,3.81784276042064,0.0037679958049829,0.0490561754163109,0.0490561754163109,"IFITM1/IFITM2/TRIM25/TRIM5/IFITM3",5
